id_lysi,date,N2O_flux,CO2_flux,CH4_flux,r2_N2O,r2_CO2,r2_CH4,chamber_size,nr_bags
1,2025-03-11,1.1571682051943e-4,-0.391414106049003,1.5958748979268e-4,0.207629095390475,0.733369910618684,0.909772552193535,small,4
2,2025-03-11,1.1100574327321e-4,0.846208676216617,8.26396809018112e-5,0.180977158684498,0.704729193083674,0.624035069882064,small,4
3,2025-03-11,-2.63565808907451e-5,-0.555088591779055,1.1442973735538e-4,0.0339511205075863,0.936649644404993,0.976507325549789,small,4
4,2025-03-11,-9.30185524075741e-5,0.736461798120223,2.5005930961957e-4,0.737532117644257,0.26845159691338,0.667914060598777,small,4
5,2025-03-11,-3.8186132651141e-6,-0.530236039831862,2.25782803751192e-5,3.0695751008797e-4,0.72642883366015,0.907881272918362,small,4
6,2025-03-11,NA,NA,NA,NA,NA,NA,NA,NA
7,2025-03-11,NA,NA,NA,NA,NA,NA,NA,NA
8,2025-03-11,4.67722143650118e-5,6.03414336235303,-0.00211622674073164,0.254339620853247,0.960164840142426,0.811184108224627,small,4
9,2025-03-11,NA,NA,NA,NA,NA,NA,NA,NA
10,2025-03-11,-6.54955963945595e-5,5.54078236677659,-0.0022869370670103,0.203093640698798,0.990576554210403,0.97606086675458,small,4
11,2025-03-11,7.2814395124754e-4,5.44663590116623,0.00254227126508137,0.82392242790643,0.97697018170105,0.501748754007449,small,4
12,2025-03-11,NA,NA,NA,NA,NA,NA,NA,NA
13,2025-03-11,NA,NA,NA,NA,NA,NA,NA,NA
14,2025-03-11,NA,NA,NA,NA,NA,NA,NA,NA
15,2025-03-11,-1.7002512750217e-4,5.13477174987451,-0.00315874653252233,0.338403238597552,0.918883390796019,0.943410217381521,small,4
16,2025-03-11,1.2117070008097e-4,8.40034105176265,-0.00264485625386391,0.190181210442878,0.998737907296751,0.841576615020126,small,4
17,2025-03-11,NA,NA,NA,NA,NA,NA,NA,NA
18,2025-03-11,NA,NA,NA,NA,NA,NA,NA,NA
19,2025-03-11,0.00154777198453366,12.1421423140745,-0.00658768059467925,1,1,1,small,4
20,2025-03-11,-6.74512744156738e-5,6.32281703637408,-0.00156112647551079,0.0324840952751281,0.997475131013952,0.992014989671506,small,4
21,2025-03-11,7.11670168566029e-5,11.0556254662546,-0.00187305467328914,0.119762684330855,0.999392891641104,0.983963743685017,small,4
22,2025-03-11,NA,NA,NA,NA,NA,NA,NA,NA
23,2025-03-11,NA,NA,NA,NA,NA,NA,NA,NA
24,2025-03-11,9.06399164094474e-5,5.3393006841198,-0.00210120425075872,0.183864968998025,0.987164644495323,0.998458900715082,small,4
25,2025-03-11,NA,NA,NA,NA,NA,NA,NA,NA
26,2025-03-11,NA,NA,NA,NA,NA,NA,NA,NA
27,2025-03-11,NA,NA,NA,NA,NA,NA,NA,NA
28,2025-03-11,6.3547310508545e-4,3.60963313735779,-0.00230793878875204,0.863281787212553,0.993188007576056,0.977320080414945,small,4
29,2025-03-11,8.2892349609215e-4,8.92535871378569,-0.0014904536379756,0.858785416800703,0.99214658996447,0.706958761634766,small,4
30,2025-03-11,NA,NA,NA,NA,NA,NA,NA,NA
31,2025-03-11,NA,NA,NA,NA,NA,NA,NA,NA
32,2025-03-11,NA,NA,NA,NA,NA,NA,NA,NA
1,2025-03-13,-1.2976032869926e-4,-1.21519426906102,-7.8442898631742e-4,0.909310138796874,0.714950942341946,0.994758818467512,small,4
2,2025-03-13,-1.3311261989562e-4,-0.390144984561275,-8.0807221529759e-4,0.377744893011929,0.914110240225019,0.998636488323881,small,4
3,2025-03-13,3.0701412949609e-4,-0.662931661931328,-6.0245107372021e-4,0.916738349775668,0.969643178950107,0.99993336871805,small,4
4,2025-03-13,4.41108652509185e-5,3.87765711280475,-7.0746382794231e-4,0.080666533162139,0.865249880273049,0.975020809203894,small,4
5,2025-03-13,-4.93740323637966e-5,0.225355371469692,-4.6223950533592e-4,0.127050029256248,0.0594228382719126,0.978618965856674,small,4
6,2025-03-13,NA,NA,NA,NA,NA,NA,NA,NA
7,2025-03-13,NA,NA,NA,NA,NA,NA,NA,NA
8,2025-03-13,NA,NA,NA,NA,NA,NA,NA,NA
9,2025-03-13,NA,NA,NA,NA,NA,NA,NA,NA
10,2025-03-13,NA,NA,NA,NA,NA,NA,NA,NA
11,2025-03-13,0.00637535073902757,18.9127323863413,0.0378140263534871,0.991266247176039,0.994352585154481,0.994967651460113,small,4
12,2025-03-13,NA,NA,NA,NA,NA,NA,NA,NA
13,2025-03-13,NA,NA,NA,NA,NA,NA,NA,NA
14,2025-03-13,NA,NA,NA,NA,NA,NA,NA,NA
15,2025-03-13,9.3926142190933e-4,4.8714054691951,0.00122957427001381,0.998913870412392,0.855056355390235,0.941418621980683,small,4
16,2025-03-13,9.7811951957058e-4,5.48419204149078,0.00136690330597652,0.812244112064982,0.852356101592583,0.671955538198557,small,4
17,2025-03-13,NA,NA,NA,NA,NA,NA,NA,NA
18,2025-03-13,NA,NA,NA,NA,NA,NA,NA,NA
19,2025-03-13,0.0029006666665983,16.771418656374202,0.04087336537261415,0.9981273987699764,0.9992800334055096,0.9986766882059166,small,4
20,2025-03-13,NA,NA,NA,NA,NA,NA,NA,NA
21,2025-03-13,NA,NA,NA,NA,NA,NA,NA,NA
22,2025-03-13,NA,NA,NA,NA,NA,NA,NA,NA
23,2025-03-13,NA,NA,NA,NA,NA,NA,NA,NA
24,2025-03-13,0.00155644057286588,9.6965641140227,0.03386018313148045,0.9480027382670936,0.9764886378369704,0.988839953258015,small,4
25,2025-03-13,NA,NA,NA,NA,NA,NA,NA,NA
26,2025-03-13,NA,NA,NA,NA,NA,NA,NA,NA
27,2025-03-13,NA,NA,NA,NA,NA,NA,NA,NA
28,2025-03-13,NA,NA,NA,NA,NA,NA,NA,NA
29,2025-03-13,NA,NA,NA,NA,NA,NA,NA,NA
30,2025-03-13,NA,NA,NA,NA,NA,NA,NA,NA
31,2025-03-13,NA,NA,NA,NA,NA,NA,NA,NA
32,2025-03-13,NA,NA,NA,NA,NA,NA,NA,NA
1,2025-03-14,-5.5907559948103e-4,-0.994135456838376,-0.0135709881647436,0.171413199435349,0.0107490472742902,0.597075161247797,small,4
2,2025-03-14,-0.00107965222924628,-9.39876373923263,8.9426855633099e-4,0.563326292975326,0.431351372581139,0.650568744501706,small,4
3,2025-03-14,1.371397628222e-4,-1.11345289143588,1.2052975288997e-4,0.517766116336878,0.343292927314194,0.977380949761808,small,4
4,2025-03-14,3.2627287181569e-4,0.144747526197743,-0.00213087076439445,0.734280694606791,0.00354861314458447,0.830839146092011,small,4
5,2025-03-14,0.00229029674443955,4.66540349009627,0.0220884846729975,0.998160883815757,0.498586069004107,0.99743104602576,small,4
6,2025-03-14,NA,NA,NA,NA,NA,NA,NA,NA
7,2025-03-14,NA,NA,NA,NA,NA,NA,NA,NA
8,2025-03-14,NA,NA,NA,NA,NA,NA,NA,NA
9,2025-03-14,NA,NA,NA,NA,NA,NA,NA,NA
10,2025-03-14,1.2906683358455e-4,3.71797934098018,-0.00130481498143631,0.78331954203535,0.995960284405675,0.996913983371476,small,4
11,2025-03-14,0.00216026590360143,10.4850764687536,0.0213477084643557,0.988107328158031,0.916260896393063,0.923957279544828,small,4
12,2025-03-14,NA,NA,NA,NA,NA,NA,NA,NA
13,2025-03-14,NA,NA,NA,NA,NA,NA,NA,NA
14,2025-03-14,NA,NA,NA,NA,NA,NA,NA,NA
15,2025-03-14,9.5447238431337e-4,8.71800488001925,6.6424463781174e-4,0.8471343335332,0.999044093905199,0.757429356032712,small,4
16,2025-03-14,0.00177210798345836,11.4446843166049,0.00640301298970381,0.996025226357773,0.992809955820576,0.967587592650848,small,4
17,2025-03-14,NA,NA,NA,NA,NA,NA,NA,NA
18,2025-03-14,NA,NA,NA,NA,NA,NA,NA,NA
19,2025-03-14,0.00104399494600027,6.37412634190585,0.0046002529891508,0.957110111738777,0.989554548233599,0.994476690502116,small,4
20,2025-03-14,4.3558418824829e-4,2.113583345415335,-0.00176019830057901,0.916098646731805,0.31348069650607246,0.7032072703264185,small,4
21,2025-03-14,4.7498507560157e-4,7.07354939750122,-0.00108109546832016,0.899761716427563,0.99896580907924,0.992320824608415,small,4
22,2025-03-14,NA,NA,NA,NA,NA,NA,NA,NA
23,2025-03-14,NA,NA,NA,NA,NA,NA,NA,NA
24,2025-03-14,0.00106120061646627,9.79713803400879,-0.00143113288836114,0.981073175940474,0.998124477918903,0.988337555744217,small,4
25,2025-03-14,NA,NA,NA,NA,NA,NA,NA,NA
26,2025-03-14,NA,NA,NA,NA,NA,NA,NA,NA
27,2025-03-14,NA,NA,NA,NA,NA,NA,NA,NA
28,2025-03-14,0.00167358211686635,6.659204230981334,0.01507938788006155,0.9743773306724706,0.9954816606938444,0.997734287456859,small,4
29,2025-03-14,0.00249545931764881,11.8272158457672,0.0231819577215983,0.994082366341292,0.979329581750139,0.995892815730038,small,4
30,2025-03-14,NA,NA,NA,NA,NA,NA,NA,NA
31,2025-03-14,NA,NA,NA,NA,NA,NA,NA,NA
32,2025-03-14,NA,NA,NA,NA,NA,NA,NA,NA
1,2025-03-17,4.86742755258559e-5,9.31010549950509,-0.00188705972880696,0.04666317712085735,0.613309688396162,0.5749508301012045,small,4
2,2025-03-17,8.48656284615235e-5,1.04816473334065,-1.92263056065655e-5,0.0726174979721031,0.0146870331797335,4.73953035654208e-5,small,4
3,2025-03-17,3.89783089416085e-5,4.66200926488299,-6.4540985820736e-4,0.0095315456257445,0.93229681788651,0.573629807833278,small,4
4,2025-03-17,4.58925194811647e-5,3.17694551157678,-8.352347844927e-4,0.560570380991503,0.972479336865138,0.997356261795762,small,4
5,2025-03-17,4.2048965580316e-4,5.09907262234531,-0.00128531932289351,0.945096409978526,0.996117272828721,0.95618739266419,small,4
6,2025-03-17,NA,NA,NA,NA,NA,NA,NA,NA
7,2025-03-17,NA,NA,NA,NA,NA,NA,NA,NA
8,2025-03-17,-8.23156271113312e-5,3.98939578661055,-4.1207084034591e-4,0.0575849767929038,0.95107578310460394,0.642726440383757,small,4
9,2025-03-17,NA,NA,NA,NA,NA,NA,NA,NA
10,2025-03-17,-3.94407506222934e-5,4.02115017444711,-9.9706494709873e-4,0.0241997301389219,0.939269202979722,0.976587887366019,small,4
11,2025-03-17,5.73110131508825e-4,9.678643172734636,0.00766619732481003,0.7821699353135605,0.988867625427342,0.9199325549391424,small,4
12,2025-03-17,NA,NA,NA,NA,NA,NA,NA,NA
13,2025-03-17,NA,NA,NA,NA,NA,NA,NA,NA
14,2025-03-17,NA,NA,NA,NA,NA,NA,NA,NA
15,2025-03-17,4.81246473891405e-4,8.56635996903281,-0.0028854811824723,0.798586092658489,0.9423309989357028,0.9954782347587006,small,4
16,2025-03-17,1.5286998038557e-4,1.80237659099915,-6.3305058976929e-4,0.51534996786081,0.956067304960321,0.766879684828978,small,4
17,2025-03-17,NA,NA,NA,NA,NA,NA,NA,NA
18,2025-03-17,NA,NA,NA,NA,NA,NA,NA,NA
19,2025-03-17,7.4855589567071e-4,11.696352800053,-5.6945056372976e-4,0.933178235030818,0.991912655408689,0.90457155618215,small,4
20,2025-03-17,-8.36848267769513e-5,1.226567589904748,-0.00171691319129152,0.11269979065099336,0.7018328715914646,0.994750693937501,small,4
21,2025-03-17,2.1971802616632e-4,4.8052455924748,-6.1048523365461e-4,0.254677269972687,0.835764493433791,0.812565341125909,small,4
22,2025-03-17,NA,NA,NA,NA,NA,NA,NA,NA
23,2025-03-17,NA,NA,NA,NA,NA,NA,NA,NA
24,2025-03-17,4.1439665693478e-4,4.31654318130207,-3.7612002393286e-4,0.773523456268534,0.993161551557763,0.965553670870863,small,4
25,2025-03-17,NA,NA,NA,NA,NA,NA,NA,NA
26,2025-03-17,NA,NA,NA,NA,NA,NA,NA,NA
27,2025-03-17,NA,NA,NA,NA,NA,NA,NA,NA
28,2025-03-17,3.6195050388154e-4,5.42012832493459,0.00259035095377892,0.859415646278383,0.986202959810462,0.998167887317287,small,4
29,2025-03-17,NA,NA,NA,NA,NA,NA,NA,NA
30,2025-03-17,NA,NA,NA,NA,NA,NA,NA,NA
31,2025-03-17,NA,NA,NA,NA,NA,NA,NA,NA
32,2025-03-17,NA,NA,NA,NA,NA,NA,NA,NA
1,2025-03-18,-1.7204836173518e-4,-0.633755619632645,-3.4735579811434e-4,0.374890064016049,0.929467487563259,0.998577958505329,small,4
2,2025-03-18,6.72754245980389e-5,-0.362835458327021,-2.4759642073656e-4,0.148652617038531,0.842540295773017,0.998048555057427,small,4
3,2025-03-18,8.32062603178496e-5,-0.267342529868347,-1.6242858852898e-4,0.294885624134681,0.793410564471262,0.998569786266108,small,4
4,2025-03-18,-2.0202876387717e-4,0.208788108391894,-7.57432908200192e-5,0.275012441203379,0.361886584961323,0.632501295738097,small,4
5,2025-03-18,3.77583615772596e-6,-0.185705703477952,-9.82523048522666e-5,0.0138587290375752,0.226957991917712,0.861857315840236,small,4
6,2025-03-18,NA,NA,NA,NA,NA,NA,NA,NA
7,2025-03-18,NA,NA,NA,NA,NA,NA,NA,NA
8,2025-03-18,-9.38892215682597e-5,4.98223357230683,-4.0257745564124e-4,0.0465667715515481,0.762420395102562,0.595611054255346,small,4
9,2025-03-18,NA,NA,NA,NA,NA,NA,NA,NA
10,2025-03-18,3.4003291575261e-4,0.054134091715456203,-0.00140752312648135,0.552191698187682,6.1630490797057e-4,0.648578660470598,small,4
11,2025-03-18,0.00115247601901436,10.2995372318925,0.00469364783336455,0.998538255572184,0.802867259748649,0.778534765902155,small,4
12,2025-03-18,NA,NA,NA,NA,NA,NA,NA,NA
13,2025-03-18,NA,NA,NA,NA,NA,NA,NA,NA
14,2025-03-18,NA,NA,NA,NA,NA,NA,NA,NA
15,2025-03-18,8.6799982908339e-4,9.74897366413851,-0.00531280351375648,0.740907382878114,0.994910781836253,0.900397697717634,small,4
16,2025-03-18,2.7878324922751e-4,10.5046163531248,-0.00138842627673881,0.337131798597522,0.995006578324323,0.747280983058491,small,4
17,2025-03-18,NA,NA,NA,NA,NA,NA,NA,NA
18,2025-03-18,NA,NA,NA,NA,NA,NA,NA,NA
19,2025-03-18,0.0012505083773164,18.207394483773,-0.00105392699127227,0.982566554883579,0.982611040278051,0.954981922224352,small,4
20,2025-03-18,-8.45412085317291e-5,2.4365918322518,-0.00124944099181382,0.455167133887009,0.959205770377553,0.664257122533171,small,4
21,2025-03-18,1.9216809434042e-4,9.34284815582373,-0.00118172982187062,0.84216949435765,0.984509121159018,0.686485754879551,small,4
22,2025-03-18,NA,NA,NA,NA,NA,NA,NA,NA
23,2025-03-18,NA,NA,NA,NA,NA,NA,NA,NA
24,2025-03-18,4.0994762554115e-4,9.70425866696567,8.7103547509772e-4,0.454969731739678,0.946628669410628,0.172324772710698,small,4
25,2025-03-18,NA,NA,NA,NA,NA,NA,NA,NA
26,2025-03-18,NA,NA,NA,NA,NA,NA,NA,NA
27,2025-03-18,NA,NA,NA,NA,NA,NA,NA,NA
28,2025-03-18,NA,NA,NA,NA,NA,NA,NA,NA
29,2025-03-18,NA,NA,NA,NA,NA,NA,NA,NA
30,2025-03-18,NA,NA,NA,NA,NA,NA,NA,NA
31,2025-03-18,NA,NA,NA,NA,NA,NA,NA,NA
32,2025-03-18,NA,NA,NA,NA,NA,NA,NA,NA
1,2025-04-04,8.70069437835865e-4,10.43877805956602,-6.5508854449648e-4,0.869131558366822,0.928245067682077,0.710660872996241,small,4
2,2025-04-04,-3.009633764508085e-5,16.49978607806165,-0.00179942701567189,0.01789837456039555,0.892308963838329,0.8188495562863884,small,4
3,2025-04-04,3.508662290545e-4,23.327332422058348,-0.00243442144023935,0.5916756472271425,0.873630650200127,0.982271398205111,small,4
4,2025-04-04,5.74374220941524e-5,19.2386474249645,6.129963287073e-4,0.0430119106682104,0.994031292261647,0.0414951722376223,small,4
5,2025-04-04,5.0136912955971e-4,20.19923935404355,-0.00283390080142867,0.9017311193120504,0.9885576668497136,0.9903221694023294,small,4
6,2025-04-04,-4.1388829273677e-4,16.0614464451984,-0.00247225414202774,0.76386945764867,0.996531637251838,0.988030016228095,small,4
7,2025-04-04,3.9498323025611497e-4,31.0783710592653,-0.00287104687978901,0.8582128436275811,0.8148205359737085,0.814878155821545,small,4
8,2025-04-04,3.3409280092614e-4,12.4159189754821,-0.00227623626059251,0.471234512805162,0.955857997694981,0.865247492798546,small,4
9,2025-04-04,-2.11562565031838e-5,12.4703831489355,-9.7249439975904e-4,0.00918940652748901,0.9914860505337096,0.987946658038837,small,4
10,2025-04-04,5.385242796250675e-5,4.97357437319672,-0.00125752920476565,0.043749851958337,0.7707384471046145,0.0951880566728429,small,4
11,2025-04-04,4.76569984586413e-5,18.1377803081983,-0.00229959084597558,0.0336778571134408,0.995744849672639,0.774678521322129,small,4
12,2025-04-04,6.7525367842341e-4,16.87758462307625,-0.00269994390885887,0.8823416998757225,0.9887299243604116,0.9011623850508406,small,4
13,2025-04-04,3.25934707963725e-4,32.94817703443845,-0.00245357837304103,0.9283933178109196,0.990113981120059,0.6935760243034665,small,4
14,2025-04-04,-1.8276481548622e-4,15.5627554438548,-0.00203358369491099,0.367829981496923,0.969715320778423,0.970698973493304,small,4
15,2025-04-04,4.4436140415419193e-5,15.96410479586625,-0.00146725640620983,0.398477520304732,0.958232721171268,0.8259874872366655,small,4
16,2025-04-04,-5.95780710540221e-5,10.90924678148021,1.5950377724463526e-4,0.11012465277262784,0.757037949827889,0.03542717330075096,small,4
17,2025-04-04,3.8871380733561e-4,31.7432761907827,-0.00322116285146673,0.51431345361561,0.981171597693515,0.9952525790234,small,4
18,2025-04-04,-2.22238026393947e-5,10.13048874959657,5.472217386156442e-4,0.08904546594187403,0.8142535100057064,0.23198400437848576,small,4
19,2025-04-04,3.2143361974927055e-4,10.275846308560164,-9.680683388122052e-4,0.6915561341736489,0.8834149241931918,0.6571981013650974,small,4
20,2025-04-04,-2.2702489014254e-4,20.9579632545417,-0.00257642893975399,0.360665313793553,0.958598873928937,0.945769432493284,small,4
21,2025-04-04,-1.706722029460505e-5,17.71151431962825,-0.0026028097019543,0.0143007838958358,0.997359837642873,0.962598863088304,small,4
22,2025-04-04,-6.22219855350122e-5,15.023657205097098,-0.00219471145562631,0.09312814115409088,0.9798606099586756,0.9651235148508004,small,4
23,2025-04-04,5.36832710734885e-4,31.9814924410807,-0.00857520616611491,0.740165324778163,0.94592020443355,0.607863386531487,small,4
24,2025-04-04,5.11215126212515e-4,12.8104582803551,-0.00176847550438151,0.7586387565334745,0.989283919564813,0.8860768386189325,small,4
25,2025-04-04,0.00131472542396039,54.017324255048,-0.00674079640586978,0.9680558594214534,0.996423648114363,0.5971590610424065,small,4
26,2025-04-04,-9.86974104037685e-5,16.27898466219596,-0.00418112089182895,0.07058815356560504,0.8322221197307691,0.397937944149622,small,4
27,2025-04-04,9.608881443985048e-4,16.77345100081197,-0.00152391781895268,0.6451773618278164,0.7349559517546886,0.960898904890785,small,4
28,2025-04-04,8.419519940942665e-5,10.051806613396614,-0.00203785562956717,0.04234650933837885,0.9664203211459824,0.6501844383013345,small,4
29,2025-04-04,2.6867684470987505e-4,11.170833578108905,-0.00356758198124002,0.4933574840925803,0.5050064168314919,0.9912252267865344,small,4
30,2025-04-04,5.8754462607233e-4,13.402897414517929,-0.00556798784514695,0.7336135550107574,0.999899897164478,0.63483078581045,small,4
31,2025-04-04,5.348528383089001e-4,40.050682206846,-0.00138838463841589,0.6592076818005426,0.9844229765029217,0.4928583570305059,small,4
32,2025-04-04,1.380249315949288e-4,34.01202931530195,-0.00421407124954817,0.1004664999688345,0.9866918513748372,0.4909193260395505,small,4
1,2025-04-09,4.25303534503415e-4,12.338160684428296,-0.00201549250205006,0.739904743852109,0.9363944732324344,0.8896383957758085,small,4
2,2025-04-09,-3.585688527007135e-5,11.7614549217566,-0.0016796829187435,0.0330376654916669,0.9827675642547136,0.933410367805972,small,4
3,2025-04-09,-4.632849782271859e-5,21.5127053938112,-0.00213958649006272,0.04776654029572438,0.590299263036727,0.91789658159242,small,4
4,2025-04-09,-1.001199466466208e-4,20.59502194067585,-0.00270921010306481,0.102759134124631,0.9713131370137076,0.9120822587763036,small,4
5,2025-04-09,-9.239230236856175e-5,32.78401712472965,-0.00208701822013151,0.5140298712635095,0.7075514191852065,0.5038373069193176,small,4
6,2025-04-09,3.115631870895215e-5,10.61044781071192,-7.26179195931945e-4,0.05160307782567555,0.979625954663626,0.47833111344639023,small,4
7,2025-04-09,2.1447173443932e-4,42.400609129736495,-0.00430015360765222,0.8851621947423185,0.9529339326593208,0.9111506596306976,small,4
8,2025-04-09,9.940541420964456e-5,13.3520325195409,-0.00225599785458216,0.3111759523102794,0.971691143954437,0.8510493028158085,small,4
9,2025-04-09,3.712008691573e-4,21.82024670662705,-0.00257523038458814,0.6186072156686475,0.997313494103884,0.8958189616308869,small,4
10,2025-04-09,7.319253779233145e-5,14.63620006676885,-0.00112455289686796,0.08646250503939425,0.793611346932735,0.532138875842603,small,4
11,2025-04-09,5.028921954519249e-4,21.139228122187664,-0.00269907790892535,0.3555434554883365,0.5661894468447395,0.7563883902762675,small,4
12,2025-04-09,-1.9482502795787352e-4,25.456449223007706,-0.00306602023767201,0.6755225277670984,0.9837880106328014,0.8864203019150405,small,4
13,2025-04-09,8.82040889376633e-5,48.78565905599995,-0.00387384477882209,0.1954171258125874,0.9612656157816104,0.7239718374703745,small,4
14,2025-04-09,1.6714585615355002e-4,11.8396787732025,-0.00107195783882854,0.12851931132079808,0.967323054377457,0.657010257212728,small,4
15,2025-04-09,-2.92318248888485e-4,45.96092181264035,-0.00517154870705218,0.8609533235685775,0.956764212698862,0.9243833254137136,small,4
16,2025-04-09,-2.61576080338805e-4,23.176893701362452,-0.0010570341606922,0.20568242819816152,0.98310159563648,0.9176811674241644,small,4
17,2025-04-09,3.6585183539521496e-4,37.896923531530305,-0.00421896119134655,0.6740717615108075,0.9636391450644024,0.7898073966263405,small,4
18,2025-04-09,-1.93558775379245e-4,12.172649964673251,-1.9681489322342e-4,0.1546110954923353,0.9885855331351484,0.03020874900812905,small,4
19,2025-04-09,-1.4329823817508e-4,50.269335168544245,-0.00362566786247296,0.21495321528582,0.9949871505070136,0.972046079457268,small,4
20,2025-04-09,1.17385005869398e-5,6.756865494380797,-0.00216586807204676,0.2275855192598992,0.48308431306620325,0.9461393149279104,small,4
21,2025-04-09,-1.1132478568940204e-4,40.5508660656795,-0.00446324352743857,0.1281476959948427,0.9978503737522064,0.9823111011480394,small,4
22,2025-04-09,-5.1034735040964536e-5,16.32348349184725,-0.00200891320215966,0.4027914668199682,0.9744202773793056,0.958727573369379,small,4
23,2025-04-09,-1.2837848674344366e-4,39.149465264031946,-0.00940946465063063,0.1469836431693202,0.973351040943196,0.7340159775108325,small,4
24,2025-04-09,1.57915020022956e-5,23.5661309463071,-0.00242604625142471,0.1432374099444673,0.9798058189108304,0.9813718609997184,small,4
25,2025-04-09,-5.8322738415340946e-5,25.84617623845325,-0.00299233400038468,0.3238915615228173,0.9595183376530984,0.7974114509403585,small,4
26,2025-04-09,-5.8893689116238147e-5,15.71713335006298,-0.00266215755234881,0.06802575470328176,0.5322787053942978,0.575077785117218,small,4
27,2025-04-09,8.22467681562635e-4,28.3151502825158,-0.00306398135004148,0.7484417169992705,0.9967142279588406,0.9571051879995524,small,4
28,2025-04-09,-2.72074104984505e-4,14.08863306082115,-0.0010174643383721,0.6222173486825425,0.9844184711574384,0.411935711837361,small,4
29,2025-04-09,9.1586457178017e-4,32.79604255289735,-0.00302726199202009,0.8568135274799076,0.987029859252327,0.9978575664217164,small,4
30,2025-04-09,3.2816828014887e-4,16.607451227545198,-0.00325696079671954,0.9247218631402354,0.9983115977345176,0.884126922561561,small,4
31,2025-04-09,2.4416206773394e-4,36.75400237160745,-7.57117413303295e-4,0.6024515031714774,0.8372268526562126,0.20757299697836432,small,4
32,2025-04-09,-1.7144924902108e-4,28.459288075512347,-0.00343486644665987,0.72060661038288,0.9998081936048584,0.958689222101881,small,4
1,2025-04-15,1.5736724141298e-4,23.28955426317805,-0.00119733709063091,0.186021635173956,0.9574741378131164,0.49526102269616373,small,4
2,2025-04-15,1.939362866481e-4,12.934231598168,-0.00231645630662461,0.402289211298232,0.994636683974877,0.980806912593475,small,4
3,2025-04-15,1.4362086807172356e-4,21.56432931159405,-0.00276633218805281,0.45561206796145554,0.995734917550646,0.9850232388142084,small,4
4,2025-04-15,-5.493085477952749e-4,9.629523013698446,-0.00154849882235692,0.442892400173725,0.8920282997927145,0.9671521573599275,small,4
5,2025-04-15,1.53328996578885e-4,14.3616480633679,-0.00143658121979984,0.248691307155045,0.936083939743272,0.9455833459120352,small,4
6,2025-04-15,1.1069452010624778e-4,7.102964919401635,-0.00169421894029185,0.0808366321931289,0.989382231440477,0.974318748900023,small,4
7,2025-04-15,-8.25810248052562e-5,21.778717291316248,-0.00279876622236135,0.18733860600275248,0.993798665279161,0.9980472828739224,small,4
8,2025-04-15,4.7557237973378495e-4,12.5069463163447,-3.039070215174e-4,0.8244413166696329,0.947787947114818,0.54915602870032,small,4
9,2025-04-15,-2.2195598197376e-4,17.8848793519314,-0.00188354976202576,0.557435463207967,0.976047084870438,0.9684800719107116,small,4
10,2025-04-15,-6.977822329413349e-4,29.5201748797112,-0.00192779348794328,0.8961105274991235,0.9303417642390576,0.4488953545323403,small,4
11,2025-04-15,4.975400739612e-4,23.3902398581406,-0.00228303883584109,0.841579356508319,0.998305944561479,0.991062702398772,small,4
12,2025-04-15,1.363334290006475e-5,11.54807311514525,-0.00128929722703821,0.19361167681798425,0.9719809242967716,0.9228658268539508,small,4
13,2025-04-15,-1.50725037854505e-4,24.7636270508659,-0.00201856929615071,0.1094202100576136,0.9967746656287064,0.9821060600077416,small,4
14,2025-04-15,-1.2762698083909998e-4,11.4889771878504,-0.00181118907114708,0.197864316084585,0.9098686398401026,0.8449783218410449,small,4
15,2025-04-15,-3.6020184634149e-4,20.9944690317295,-0.00356427491232388,0.9659431542211596,0.9803709377698966,0.9684793427869725,small,4
16,2025-04-15,2.0952008546268e-4,13.7361247924232,1.7591051760651e-4,0.20921997867989464,0.9730029519202624,0.36947999684349814,small,4
17,2025-04-15,-1.26120519512665e-4,16.89505458123605,-0.00193108427333146,0.2747261785490055,0.9985454134359364,0.985213356971634,small,4
18,2025-04-15,1.0448873424183452e-4,10.31904511019907,3.92060790956549e-5,0.2258354347908026,0.7255086024390855,0.637677270810191,small,4
19,2025-04-15,-1.5699805656475e-4,11.95449320162817,-0.00283035673508013,0.8132535699270109,0.504103275133839,0.7687544758264551,small,4
20,2025-04-15,1.5600846853300124e-5,16.9336713538918,-0.00251072252697521,0.00745093652370749,0.99737403434881,0.987561493878273,small,4
21,2025-04-15,-2.6716324049446e-4,19.7951850106209,-0.00188589932591318,0.684117121587012,0.988564774503974,0.989056538643351,small,4
22,2025-04-15,-1.2791019607539e-4,18.5207995461738,-0.00394623386568936,0.140853633692624,0.984796772598093,0.976700442633917,small,4
23,2025-04-15,-8.17976582803742e-5,25.514034274629452,-0.00172848133928409,0.19231906201288523,0.925563392760461,0.321972292784498,small,4
24,2025-04-15,3.2644515468857e-4,9.05452988478071,-0.00255300612126265,0.451173724801981,0.925955968726038,0.998787585045108,small,4
25,2025-04-15,-2.4234459266644e-4,32.9082159231584,-0.00365932280329448,0.420208336805869,0.957763308472615,0.957240952040819,small,4
26,2025-04-15,-1.417480735388401e-6,29.2298274218065,-0.00553751448555142,0.13298986160783022,0.996677202074246,0.883392943197151,small,4
27,2025-04-15,7.94479325222e-5,17.069187182283997,-0.00233077413315881,0.649287780551248,0.963836978536829,0.971084874733236,small,4
28,2025-04-15,4.8873447074415e-4,17.759205711532,-0.00239103364112089,0.880706492998584,0.973379473610605,0.954022757461083,small,4
29,2025-04-15,-1.943453024346435e-5,15.0441178459246,-6.353946471572851e-4,0.00851498192054688,0.8567520844903455,0.6049486734610074,small,4
30,2025-04-15,2.8239402809580015e-5,10.411379320096144,-0.00562618613951907,0.198038454964868,0.866744052248977,0.725809708051136,small,4
31,2025-04-15,5.64538760489282e-5,38.5248760446736,-0.00124548457417956,0.01591806840144,0.997938121774013,0.68141440089893,small,4
32,2025-04-15,-2.7829227057963e-4,24.4460766312216,-0.00280374216197213,0.525679469270328,0.998460512626988,0.985738182401929,small,4
1,2025-04-16,9.06386624232482e-5,12.303639187104949,-0.00351331244543845,0.2151248151847154,0.614429107941322,0.6118819388801895,small,4
2,2025-04-16,2.33697405385225e-4,11.9763091251096,-6.838692549576075e-6,0.1952352271157835,0.845182624166723,9.13676762194998e-7,small,4
3,2025-04-16,-1.9239229811298e-4,18.5725179648783,-0.00273185802441196,0.24218874015366895,0.992340408012941,0.986149112447265,small,4
4,2025-04-16,-1.9600142723663144e-4,14.273675927758353,-0.00269002944688207,0.49775993483830216,0.986701406528444,0.9751463424736504,small,4
5,2025-04-16,8.47532697021154e-5,23.11965482347475,-0.00282039805456806,0.3237102127850225,0.993973533595406,0.9700685724554684,small,4
6,2025-04-16,-1.210132190825599e-4,9.475813674774066,-0.00220397388665775,0.254680350208833,0.946238188166299,0.9705031752714826,small,4
7,2025-04-16,-5.6901518444005855e-5,3.8685105592464,-7.32606863059475e-4,0.05654351150975714,0.7581553840748014,0.28695605247389955,small,4
8,2025-04-16,3.5046110724784054e-5,9.078598738652936,-0.00255764357266766,0.1076276162332892,0.9840265560511574,0.867107012725142,small,4
9,2025-04-16,-2.3266763064583e-4,14.135892924868047,-0.00154047753304169,0.54631395211738,0.9813904414626956,0.8639072961534485,small,4
10,2025-04-16,-1.6069143405925514e-4,11.65807837605115,4.557182649087697e-4,0.22363374816887296,0.9160295444798174,0.00994576134968936,small,4
11,2025-04-16,3.0942650811952e-4,16.125695901950902,-0.00227173116264213,0.444267388435052,0.977749376357689,0.963636786361151,small,4
12,2025-04-16,-2.83362851971485e-4,14.07188154427145,-0.00290807849589021,0.7293941666208645,0.9666337570180754,0.8938127365137154,small,4
13,2025-04-16,-1.2585968314044984e-4,16.40211363079955,-0.00177502659431788,0.3516158818073855,0.980861376826926,0.626071144958563,small,4
14,2025-04-16,-9.797291924911584e-5,16.509357353820647,-0.00288323930608898,0.05970143352524344,0.962344661272062,0.9576054473924556,small,4
15,2025-04-16,-3.8477103183481e-4,17.7022224602826,-0.0019963153408123,0.854656382108138,0.76337099784869,0.72525779642894,small,4
16,2025-04-16,1.7160752876867002e-4,7.89507333699867,-3.2143142165350005e-4,0.560821594763271,0.9077296141579724,0.1618480330680731,small,4
17,2025-04-16,7.477655531769924e-5,10.56916990484135,-0.00159835932833318,0.4204409700286275,0.9887464899509664,0.9331032333144804,small,4
18,2025-04-16,-1.7943533601293e-4,3.57291404806617,0.0045850179275898,0.8692624401659934,0.797619627790862,0.7311758638448435,small,4
19,2025-04-16,-4.7212603650154496e-4,25.14608084904545,-0.00158662758629437,0.9304647244645574,0.9819073843567684,0.709801706446639,small,4
20,2025-04-16,-3.7053762415319e-4,14.3428823855628,-0.00188588659962733,0.95650569407636,0.939479273640393,0.9035667521649244,small,4
21,2025-04-16,-3.28684394173865e-4,13.28031605208125,-0.00122795787129435,0.64260094201229645,0.9189199597157148,0.7897629537447914,small,4
22,2025-04-16,5.914271558248e-5,5.50675727272111,-0.00103247966550076,0.336395208496528,0.674401284513213,0.7145467169059629,small,4
23,2025-04-16,-1.14546515758795e-4,5.750999404337614,-0.00500639634972924,0.8350563390672421,0.7583363374949905,0.5684807996675441,small,4
24,2025-04-16,-1.491479787748573e-4,10.738010799907055,-0.0014293732363116,0.3982583481977442,0.6599269799966855,0.5513822420196055,small,4
25,2025-04-16,-1.6365618519565e-4,12.61909124810555,-0.00267956448725332,0.43470216998399747,0.8174114465819384,0.851588917395619,small,4
26,2025-04-16,1.3856221357340007e-5,11.6110551930844,-0.00316298350232068,0.435399288838872,0.988173128955338,0.6245094276376795,small,4
27,2025-04-16,2.2777781470627003e-4,13.35282270824275,-0.00163122835128535,0.552145937580638,0.9928097500975,0.9851455093519024,small,4
28,2025-04-16,-6.073993050343955e-5,4.152525722587965,-7.668803794785349e-4,0.194885297598856,0.7670969327708159,0.603732149932697,small,4
29,2025-04-16,1.58100788792495e-4,14.6941248839245,-0.00120943065435056,0.5867692689242575,0.986325695864528,0.8616092767614315,small,4
30,2025-04-16,-1.8470361919494495e-4,5.50973212258202,-0.00356590482174723,0.620612863756742,0.9313200046888,0.8779668203195055,small,4
31,2025-04-16,7.313833204383999e-4,10.79348338727295,0.00186401239623314,0.7963003509800459,0.919470425878665,0.453849411741841,small,4
32,2025-04-16,-4.30674139662498e-5,8.13775097183007,-0.00158880797768342,0.142277643937846,0.9518970121899724,0.9902444842342156,small,4
1,2025-04-22,-1.60395545750985e-4,4.947955383367685,-0.00231462124796363,0.6293136566224555,0.821191951576171,0.9564316209793464,small,4
2,2025-04-22,-1.227931889289928e-4,8.874686867609444,-0.00192224197796072,0.127118564761146,0.9744092139008944,0.9454538021911904,small,4
3,2025-04-22,-4.88858511262277e-5,23.1034980767737,-0.00294105620364919,0.0172553176783995,0.7294761856764735,0.6458519254137389,small,4
4,2025-04-22,-1.021949089404803e-4,17.86820522143255,-0.0037233987607976,0.3580490017865055,0.9953350670429484,0.9814926630643646,small,4
5,2025-04-22,4.1365380864812e-5,28.088068855283503,-0.00217606137077744,0.07145829504099045,0.951286363435021,0.696383993546195,small,4
6,2025-04-22,1.42440703304655e-4,8.929893249359417,-0.00162287878194835,0.1451745490042565,0.878232184233015,0.557944585975867,small,4
7,2025-04-22,-5.536123187507051e-4,33.10175572003205,-0.00262867526422545,0.7847545187473165,0.9814882510048724,0.715439244496543,small,4
8,2025-04-22,-0.00108620418407982,17.216606447866752,-0.0043334373119465,0.9436515324830916,0.974007397562034,0.8660188380358825,small,4
9,2025-04-22,-1.6922709534307e-4,30.3144291751072,-0.00215832169475494,0.48035550382162895,0.9832688632421104,0.848251222516941,small,4
10,2025-04-22,-6.9341925532867e-4,27.87585606562385,-0.00358214875870497,0.715925667664174,0.869796119208369,0.6158142636850965,small,4
11,2025-04-22,5.416115565656596e-6,25.060026860563,-0.00204894944438433,0.0419635844446736,0.9948911151629564,0.9879261676634254,small,4
12,2025-04-22,-4.1052918874408e-4,38.4862756209474,-0.00554636076991964,0.758285270811304,0.999855282516072,0.989265103933207,small,4
13,2025-04-22,-4.244698889834801e-6,46.94636545174155,-0.00386547296208599,0.00571016937701085,0.8736561282899029,0.768933097924078,small,4
14,2025-04-22,-5.7197748261296e-4,26.621225764044247,-0.00427088129524818,0.670669893324312,0.957164063864332,0.9993949616485144,small,4
15,2025-04-22,-6.5378753794374e-4,50.6921632401677,-0.00722135295077364,0.978324177807506,0.997613050779392,0.825278704935234,small,4
16,2025-04-22,-1.1045056650178e-4,22.3673761638046,-0.00314609552193325,0.0533899287467578,0.97282345555175,0.885878303917534,small,4
17,2025-04-22,-4.0444413639947e-4,41.396732631502104,-0.00354874891461674,0.7013852027583576,0.9971729336856724,0.982664399942788,small,4
18,2025-04-22,2.5312988772565497e-4,6.008665904943806,-0.00197586742530474,0.6785345959628606,0.508598573314355,0.4956209033431352,small,4
19,2025-04-22,-3.88740731174365e-4,48.350943422882054,-0.00346121442062775,0.263607001385182,0.9985952897090912,0.973959111215986,small,4
20,2025-04-22,-3.4850347404628e-4,23.97693257291575,-0.00208159788748639,0.9733129928499744,0.9856079956956608,0.9240704600998392,small,4
21,2025-04-22,-3.5836783592613794e-4,42.2038315708783,-0.00450050644036856,0.3425612146218112,0.9527331874091604,0.7839856312371536,small,4
22,2025-04-22,-2.1214103631801e-4,15.078904335411847,-0.00197965513527258,0.484460849418637,0.997174766188284,0.936417062810071,small,4
23,2025-04-22,8.898166337225995e-5,29.8963517790718,-0.00479711894626773,0.29872831998319366,0.9577105132959703,0.894767440611577,small,4
24,2025-04-22,-3.6021047136798503e-4,27.0046070982408,-0.00244363933501706,0.4997991209773255,0.9633673105349044,0.7113947209097989,small,4
25,2025-04-22,-7.4328173356965e-4,66.0714644548585,-0.00603927245170552,0.995910287029353,0.99620919079788,0.953632619893096,small,4
26,2025-04-22,-1.9778199249061e-4,23.2259534028006,-0.00296990429744193,0.29024310220672156,0.940864710118538,0.5569998201678705,small,4
27,2025-04-22,-5.5542021044285e-4,52.42043113317615,-0.00516605105319125,0.88215049316838,0.997538618811734,0.985326067198619,small,4
28,2025-04-22,-5.1647036285175e-4,22.1277707972236,-0.00370117989411715,0.882042235520943,0.999817274417669,0.977565771888517,small,4
29,2025-04-22,-5.754275599205399e-4,39.8461178027778,-0.00414348435095143,0.6868021451349771,0.9990478202927036,0.9978103267356132,small,4
30,2025-04-22,-8.36782578886944e-5,30.69719636588205,-0.00532024232450511,0.568882780618466,0.9863324731308724,0.928245316091578,small,4
31,2025-04-22,-2.832571473243712e-5,32.01587996867495,-0.0013743383907716,0.02478601944673995,0.9926435926406436,0.972484487288095,small,4
32,2025-04-22,-1.76406832400215e-4,13.64395263422565,-0.00168835403398506,0.317692789133428,0.98417705952987,0.523574220930105,small,4
1,2025-04-23,4.99257456384357e-5,18.9817861113675,-0.00358265990101989,0.01042176819718645,0.310042066564694,0.36162244867937,small,4
2,2025-04-23,-6.67386598426721e-7,7.11000956530308,-0.00161216946690236,6.84314149601912e-6,0.931477836799579,0.871712606332818,small,4
3,2025-04-23,-1.6133831758668e-4,24.2362709880787,-0.00319418162202383,0.9314825967053696,0.625577871306035,0.7281292611242756,small,4
4,2025-04-23,1.09583456223345e-4,-0.1252252717812385,-2.28200723708125e-4,0.8842686329383931,0.0381155829492298,0.0629118188170031,small,4
5,2025-04-23,4.036618947812225e-5,18.1532570635102,-0.00267405202498151,0.04724187482893975,0.923393138444428,0.9245654259685184,small,4
6,2025-04-23,-1.9262675949825e-4,15.45876632409525,-0.00220845912582528,0.2597058727389405,0.938685621494091,0.8185657790290215,small,4
7,2025-04-23,3.42309357617202e-5,22.6291573182,-0.00168864728518746,0.0752883524414204,0.956914008425313,0.84619889688279,small,4
8,2025-04-23,-9.892868333279676e-5,20.5231140862777,-0.00369539245359982,0.23678428821610448,0.9319381113986404,0.8704738824185375,small,4
9,2025-04-23,-4.5017854345166006e-4,29.25828068865535,-0.00245969342160229,0.4630587749952615,0.9775781004621436,0.928303712037865,small,4
10,2025-04-23,-3.42138768117875e-4,25.67239060128795,-0.00122481319996156,0.6507597179426025,0.7048212322628395,0.41006310884198977,small,4
11,2025-04-23,1.8749695386506e-4,18.062258300691,-0.00137583591816112,0.6157635128208154,0.9965681809889404,0.989685546481005,small,4
12,2025-04-23,-2.90270931402829e-5,26.5210449628423,-0.00266165001611514,0.0115550701248175,0.998495435281213,0.982255414430412,small,4
13,2025-04-23,-4.96837751082165e-4,49.5690119243223,-0.00436699616023858,0.655722349698881,0.86197067158935,0.7613668652976535,small,4
14,2025-04-23,-1.619090302208758e-4,20.18935737293855,-0.00205624538696174,0.3861384974936395,0.986799294427448,0.790668307555908,small,4
15,2025-04-23,-3.3870950217998e-4,34.8947163010752,-0.00602301961445891,0.396160334569831,0.944028645604944,0.991602513865018,small,4
16,2025-04-23,-4.08925071814241e-5,19.2516475807101,-0.0019819848708001,0.0419788909834936,0.929080529565635,0.978456378104745,small,4
17,2025-04-23,-3.6129810240129e-4,23.9122590534604,-0.0019866674188418,0.96949139274616,0.9159997663156616,0.8690909726989795,small,4
18,2025-04-23,1.27506564570465e-4,2.65109119932014,1.69346662418905e-4,0.1501372069696708,0.4821544433418061,0.6903886756483745,small,4
19,2025-04-23,-4.5314468916244504e-4,45.037049780162846,-0.00527242317996816,0.427239214327785,0.9956549690645764,0.9815779477834186,small,4
20,2025-04-23,-1.7834721988382998e-4,17.210120341322998,-0.00160339007008391,0.556352929625304,0.962481423351198,0.8861384554994305,small,4
21,2025-04-23,-5.80440876944485e-4,43.22820730580224,-0.00421912907117194,0.502962354638114,0.9960470365869304,0.9819936373463743,small,4
22,2025-04-23,2.8997525956095947e-5,25.822205828876,-0.0038095934969185,0.07243097231141755,0.9933937128637972,0.938976675936662,small,4
23,2025-04-23,-3.7685125725559e-4,21.881723736405363,-0.00191024113008955,0.8141252831506727,0.8290697973766313,0.8250724780006576,small,4
24,2025-04-23,-4.09237370211775e-4,17.561214279864352,-0.00175498952356862,0.8144993384897374,0.911597613507705,0.44456633035012416,small,4
25,2025-04-23,-8.521822736495668e-5,38.91898576174517,-0.00425475835414878,0.46925433782634,0.8307127697473786,0.7575693182592214,small,4
26,2025-04-23,-2.98807402610885e-4,27.9223612399012,-0.00218874616132304,0.9761290951025204,0.9446562813883566,0.645062040414496,small,4
27,2025-04-23,-7.550274135675e-4,49.2194656154417,-0.00378439110952629,0.845066728628959,0.9973601520765568,0.9424186455850404,small,4
28,2025-04-23,1.5666074566069e-4,18.2262515264233,-0.00233678641898679,0.270103047735145,0.896941408338405,0.964608100586522,small,4
29,2025-04-23,-6.678877589955e-4,46.674475646104895,-0.00458909798915362,0.9643712222644688,0.9963298274608114,0.9940509337645844,small,4
30,2025-04-23,1.034808610558564e-5,22.899896445398223,-0.00366753725682392,0.6065978508959778,0.7924241973987445,0.790388437735446,small,4
31,2025-04-23,4.7521741346747494e-5,16.28307635215217,-2.3722242881518728e-4,0.39972477402760126,0.6218241843474266,0.33347799786368465,small,4
32,2025-04-23,-9.064205279503812e-5,13.72991947456349,-0.00158319199795325,0.06602118973556659,0.8343339722895993,0.6961765079895945,small,4
1,2025-04-30,-0.00155052319745386,35.84756683325935,-0.0159181115189159,0.90530044318355,0.971889510366261,0.9913178283684688,small,4
2,2025-04-30,-5.482363609377601e-4,26.99725963558065,-0.01296989481326785,0.5218728424941905,0.984535410576248,0.7084923993220745,small,4
3,2025-04-30,-1.5285772096812998e-4,43.90263347535745,-0.00457921307048941,0.5062536091899966,0.656366442352724,0.5298540838949997,small,4
4,2025-04-30,-4.3308904817641e-4,26.44230433132205,-0.00228473057704187,0.68041572782812,0.543959770690489,0.5971756002435545,small,4
5,2025-04-30,-1.8964283151366e-4,46.5510789396651,-0.008312556536505,0.1968094006966965,0.7096396306108714,0.675390836873509,small,4
6,2025-04-30,-3.8472450929554e-4,39.176987883740054,-0.00240900129748463,0.8332014240854565,0.990025729193891,0.5021204981100964,small,4
7,2025-04-30,-5.2770654649017e-4,60.01942026770669,-0.00422937067558026,0.513933711449631,0.9884086056673604,0.979612079236279,small,4
8,2025-04-30,-8.13350108251995e-4,45.657793690145795,-0.00763783071713413,0.8985488990399679,0.9771899524307296,0.7177037158665385,small,4
9,2025-04-30,-0.00113404070776093,81.7736382841212,-0.0019379679629471,0.9053262704964824,0.9887686110448596,0.448570027756736,small,4
10,2025-04-30,7.101007101371914e-5,16.491761073158948,-4.372484086144462e-4,0.0132738657534939,0.6678651015446895,0.09390236783928788,small,4
11,2025-04-30,8.93723486388239e-5,53.102245427488754,-0.0042398659701306,0.2128993072750745,0.984815324607935,0.8720151006233494,small,4
12,2025-04-30,-9.97344158794825e-4,59.0803353512988,-0.00846848885203254,0.863343172496366,0.986376091393986,0.992157270819636,small,4
13,2025-04-30,1.095324106230629e-4,68.74003228636946,-0.00801738329793511,0.05352033708123924,0.9871569433764416,0.9259518585660752,small,4
14,2025-04-30,-4.2330971969686506e-4,28.05159707216365,-0.0024983397874117,0.4817714078825741,0.5232575164383044,0.4949032731193974,small,4
15,2025-04-30,-9.5503830762921e-5,46.7372741778888,-0.00442994233609856,0.07540869825282945,0.9311263113494216,0.7794278984279825,small,4
16,2025-04-30,4.484522981069255e-5,22.205538874065248,-0.00325279268601969,0.06931076648161733,0.948141546097708,0.945089197356697,small,4
17,2025-04-30,-2.4598444390453e-4,63.48481687131709,-0.00712190168535668,0.1805786438125085,0.9101691604618825,0.8649691256610299,small,4
18,2025-04-30,-3.4675478266162e-4,32.0271345903207,-0.0025784728655502,0.587634663028859,0.999337519913967,0.536104185673093,small,4
19,2025-04-30,-5.110091570719181e-5,41.5306810567394,-0.00341525797386582,0.0186127188373344,0.9718923064044516,0.933897768683007,small,4
20,2025-04-30,-2.1555548528362e-4,40.2788413570128,-0.00484896338138357,0.583270972840782,0.988354895376077,0.973948050410083,small,4
21,2025-04-30,-3.84424890378445e-4,40.5953515492117,-0.00375458430748552,0.6798905357306124,0.9882976187421936,0.984268414641389,small,4
22,2025-04-30,-5.41409820823815e-4,33.16455162331995,-0.00421838692100891,0.818201805610786,0.94035688297359,0.9585588579704236,small,4
23,2025-04-30,-5.7592514358273e-4,74.2460423833495,-0.00803044693276841,0.6463417888953296,0.9764202713691704,0.9051055667386544,small,4
24,2025-04-30,-3.86626134821085e-4,55.00852949682165,-0.00316718222105198,0.41575928323031697,0.9961766481263146,0.695088805853443,small,4
25,2025-04-30,-6.5355644520681e-4,61.8972747017567,-0.00545577906571565,0.889525954783633,0.99573706159793,0.965585700943291,small,4
26,2025-04-30,-2.0039415728846e-4,35.38500584940675,-0.00241368306209171,0.157026770497403,0.8913143277196796,0.667637291680974,small,4
27,2025-04-30,-9.347158626004552e-4,70.76470530661045,-0.00556028814623184,0.6704466411884384,0.9937436527956846,0.9827765158302372,small,4
28,2025-04-30,-1.68518262359274e-4,54.1149482996744,-0.00461979091635112,0.1819689041885599,0.968017784684231,0.900869496518224,small,4
29,2025-04-30,-0.0014793492198899,79.30634991240805,-0.00687614051191178,0.971540451809485,0.99691754234335,0.9834772489799484,small,4
30,2025-04-30,1.7658521609585e-4,65.61831164821515,-0.00766247026032753,0.250725338995259,0.9774035267084156,0.9428769760992926,small,4
31,2025-04-30,-6.52116794561935e-4,57.21269164787939,-0.00413014372598313,0.4816430807581635,0.999736871626934,0.981211350518806,small,4
32,2025-04-30,-3.089821888785353e-4,37.112630995111004,-0.00429441898190267,0.1386674958705737,0.888535640624014,0.6176258054802211,small,4
1,2025-05-07,-1.370111654300727e-4,18.9130313525532,-0.00138962125029318,0.17576653430552458,0.95218575218692,0.952154984176437,small,4
2,2025-05-07,-1.95125416270585e-4,18.198285381059748,-0.00215630572654663,0.3226186847457835,0.9894252148235564,0.9734352208023817,small,4
3,2025-05-07,1.475074563423551e-4,32.8646455339968,-0.00304622216639891,0.160968463094713,0.7127747701790625,0.7204084092720965,small,4
4,2025-05-07,-1.2313433151575406e-4,31.7651775901051,-0.00428762344079225,0.0652387601066837,0.9872420880542014,0.960795100184704,small,4
5,2025-05-07,-9.93502739953312e-5,30.62977479942695,-0.00310623577959467,0.2471090977750835,0.9852935233387504,0.906341755651736,small,4
6,2025-05-07,-3.90751782444415e-4,14.1841723109311,-0.00196682443761184,0.8067632482170219,0.9800915566604484,0.836008128684913,small,4
7,2025-05-07,-3.039753444957855e-5,19.1404421593162,-0.00290003257305622,0.0472784466802448,0.985220259922566,0.8628979492964305,small,4
8,2025-05-07,-2.30767514766895e-4,24.3168102019985,-0.00255724749468267,0.39749187111774453,0.9896960508327496,0.9853663261176004,small,4
9,2025-05-07,5.387654291159285e-5,27.15241465914125,-0.0023424629569507,0.01889388694756955,0.9929117402887412,0.810852516097675,small,4
10,2025-05-07,-4.694082131794843e-5,15.02377617784,-0.00188505345457608,0.08330948079038485,0.7434316330915975,0.9164378365818924,small,4
11,2025-05-07,2.85630915831235e-4,26.6848216647591,-0.00252850826600744,0.390090436368178,0.986069647691274,0.9754342070783244,small,4
12,2025-05-07,-4.7250908358219e-4,18.7354032293838,-0.00377655761971172,0.946580207742581,0.98496718208106,0.933415507692969,small,4
13,2025-05-07,3.546148061178e-4,21.1289244029604,-0.00185646989841032,0.93748503316389,0.991417040954085,0.505374772766195,small,4
14,2025-05-07,5.70433768472819e-5,23.6572550181446,-0.00711392478140103,0.091149734825704,0.996119578992,0.97856888305251,small,4
15,2025-05-07,-2.5248368232723e-4,21.9497189225548,-0.00270973820158256,0.354514368731058,0.981418330261081,0.981550757845888,small,4
16,2025-05-07,-4.67330723826235e-4,5.8011563970012805,9.684365770486848e-4,0.7671235170216131,0.6853598449025999,0.4790238926267445,small,4
17,2025-05-07,-2.6138537014062e-4,25.8050083614211,-0.00250526574260149,0.453148212029845,0.996419590703599,0.95849558361578,small,4
18,2025-05-07,3.02770845724254e-5,28.675354085115,-0.00365815847202948,0.108123919968359,0.99943698554821,0.924612813017376,small,4
19,2025-05-07,-6.85520454947615e-5,27.7526266732698,-0.00212837910967866,0.533818588801249,0.996259511490795,0.998495291940382,small,4
20,2025-05-07,-3.0070562426171e-4,14.7370429365351,-0.00190223033208374,0.39849987149085,0.999343563734298,0.905611434147347,small,4
21,2025-05-07,7.87018611413822e-5,20.6656254341997,-0.00218185432384802,0.0552716227624027,0.999897730956376,0.996258590525387,small,4
22,2025-05-07,-1.3094343555099e-4,18.5020874554421,-0.00196555272835366,0.414988411066004,0.998050972948528,0.922704502018165,small,4
23,2025-05-07,-5.589834436519974e-5,20.133593462306997,-0.00180557097280516,0.07411042822773077,0.8256866107211784,0.820616810621506,small,4
24,2025-05-07,6.46804448129235e-5,20.4831513651368,-0.00378872715756657,0.0696296480347087,0.969885560496762,0.965872516143839,small,4
25,2025-05-07,-1.0979460562582e-4,16.0868937703798,-0.00198325651231111,0.078732394598714,0.956274926045752,0.997632129578027,small,4
26,2025-05-07,-2.551154100228e-4,24.000565396783198,-0.00320017085049417,0.829182278809023,0.990546502461253,0.94396847741209,small,4
27,2025-05-07,-2.6337646529231e-4,27.6115544020324,-0.00286256487468613,0.640067305597773,0.999750033187533,0.993987809659962,small,4
28,2025-05-07,-1.1989573602455e-4,17.7173284864254,-0.00237319137613225,0.21815731472431,0.992400954570449,0.973946421154102,small,4
29,2025-05-07,-2.6323854318503e-4,30.5552728495381,-0.00299207243530553,0.986010938528382,0.999995984840921,0.998743031203187,small,4
30,2025-05-07,-1.0180326448900664e-4,31.554443824787953,-0.00261730660393146,0.338345781519182,0.9884858325050684,0.9890567981776224,small,4
31,2025-05-07,-2.2434866254667e-4,18.753072568737,4.7026780038905e-4,0.432317489959812,0.982849243383398,0.31033905503716,small,4
32,2025-05-07,3.463033984629e-4,16.0304113857018,-0.0024706055312974,0.902140944954509,0.995085265337274,0.987543717734234,small,4
1,2025-05-08,9.821221011299847e-6,9.256202554580735,-7.504985041345799e-4,0.0297730736495543,0.6324599298343729,0.662441131440545,small,4
2,2025-05-08,-2.6459628110627e-4,18.06488358131545,-0.0045570486157919,0.902566923977814,0.997515224473387,0.8489172896260945,small,4
3,2025-05-08,-1.182046251721866e-4,34.2147072861342,-0.00349431877270262,0.31181575967932956,0.6751146945236994,0.8254471368073435,small,4
4,2025-05-08,8.82149223939255e-6,43.7129162959215,-0.00519555426414292,0.0383147591270634,0.992188314579683,0.988573177287195,small,4
5,2025-05-08,-2.44214591441785e-4,64.55128258361165,-0.00502663056013153,0.4450163414258808,0.988468841117948,0.9078687851557294,small,4
6,2025-05-08,1.8005697874354e-4,30.24583771258185,-0.00396703421436455,0.2301913070595452,0.965423370030972,0.9569265676778872,small,4
7,2025-05-08,-2.9758140922261e-4,50.054088751351046,-0.00406038139697144,0.5617449261993219,0.968932159899806,0.896266643861691,small,4
8,2025-05-08,-2.50341031526795e-4,39.23556563923505,-0.0055914941032344,0.489364535687842,0.9752953105933436,0.896127885490998,small,4
9,2025-05-08,-3.4462897666400003e-4,58.260529603834854,-0.00356230471233669,0.6449973322131335,0.981331781269415,0.7795328409250595,small,4
10,2025-05-08,-1.9765177569362e-4,30.0097666491846,-0.00225315305009577,0.569035264414839,0.6463280848070825,0.4991143985316333,small,4
11,2025-05-08,-4.41090639937195e-4,68.29879473393675,-0.00499052210187797,0.666831652674001,0.939177525692604,0.911328445832233,small,4
12,2025-05-08,-2.9842362152094e-4,24.0938487173114,-0.00261301259930702,0.808721934840678,0.993647966215945,0.998211680805747,small,4
13,2025-05-08,-1.0710296634407e-4,33.5775312011158,-0.00302992356985842,0.0945971178736,0.998035715916663,0.995992658887863,small,4
14,2025-05-08,-3.8421963410123e-4,33.8506645041009,-0.00295455005021727,0.861441204135149,0.999471002587705,0.987191674929695,small,4
15,2025-05-08,3.61857704371508e-5,27.4175874789455,-0.00293718676528243,0.00930399494815768,0.993169645662329,0.996631928311923,small,4
16,2025-05-08,-6.7069515824027e-4,42.4008445865694,-0.00421378349237498,0.796540500236872,0.991786322171561,0.997905695506664,small,4
17,2025-05-08,-2.8085126910531e-4,52.3586100726211,-0.004375227889336,0.757759984275381,0.998869545089053,0.999709720497812,small,4
18,2025-05-08,1.6031501938325e-4,14.7653823232431,-0.0014590668840741,0.750680645647303,0.985252571260463,0.930402661670411,small,4
19,2025-05-08,-6.8461396829663e-4,70.3468799357566,-0.00493450153373516,0.805530809611688,0.99811842730706,0.999598511824391,small,4
20,2025-05-08,-7.3872832129548e-4,48.2919038200109,-0.00372753060974114,0.965219452981917,0.99189414713454,0.99899938298648,small,4
21,2025-05-08,-8.9234852675254e-4,57.4460328457853,-0.00447158047636252,0.927128412659506,0.998564849428541,0.998926931759974,small,4
22,2025-05-08,-4.42830950027275e-4,32.82711323831,-0.00258455103565537,0.9028547189761504,0.995247427439972,0.999297924864166,small,4
23,2025-05-08,-4.2531292375056e-4,26.338696149936,-0.00171225859260135,0.5263233796122619,0.998322333542582,0.8579401673414395,small,4
24,2025-05-08,-3.3162984961922e-4,28.3469997549634,-0.0034459992585924,0.39721804602868,0.999859379348726,0.996745729414419,small,4
25,2025-05-08,-2.5400957053435e-4,38.3663718547347,-0.0039896249503838,0.628743600249652,0.993592788188923,0.997417730949223,small,4
26,2025-05-08,-4.103616056303e-4,35.9371084700489,-0.00503508167811851,0.9577011009037976,0.986292872446609,0.9860684459859124,small,4
27,2025-05-08,-5.8879619619705e-4,35.7947714530619,-0.00341940120653163,0.77694398978542,0.999946552851806,0.999227031451768,small,4
28,2025-05-08,-4.9699421349515e-4,28.0341768715673,-0.00317726610968617,0.820208237346237,0.972736326262439,0.94423254961901,small,4
29,2025-05-08,-6.825487695719e-4,80.5927327471705,-0.00597532570186497,0.985897881987246,0.996694676593023,0.998253476309307,small,4
30,2025-05-08,-5.292736220061101e-4,54.2657906560202,-0.00482912147375108,0.848717244601177,0.962755713342931,0.9747229221931916,small,4
31,2025-05-08,-5.4094034369527e-4,53.9393734760358,-0.00393955418433121,0.983120366187556,0.993821361964199,0.992193439456418,small,4
32,2025-05-08,-3.8473379771394e-4,59.9240539661949,-0.00547776346229842,0.70508458615717,0.99479080937821,0.939715365462598,small,4
1,2025-05-14,1.9864334253238e-4,15.8291992758847,-0.00189084559758015,0.7920830370102989,0.9987235007788632,0.9990697090372084,small,4
2,2025-05-14,-4.3722046861396354e-5,11.3427772364694,-0.00160017742431694,0.1619811706059494,0.995096772330319,0.994287491901434,small,4
3,2025-05-14,6.291517290676913e-5,19.04699870567645,-0.00146108291528441,0.169623268786871,0.8742923169898145,0.5226606357014895,small,4
4,2025-05-14,1.87490487680615e-4,16.227931333807348,-0.00200198907833671,0.869701146021763,0.995843071799175,0.9623346023901248,small,4
5,2025-05-14,-2.5684153219915e-4,21.25574970203875,-0.00237437552992169,0.3979033762988355,0.9762429473256244,0.7331723356697145,small,4
6,2025-05-14,1.39605206276615e-4,10.99326282456105,-9.59456567885395e-4,0.1108837664637409,0.9653233832205206,0.760881798052552,small,4
7,2025-05-14,-4.4708016191993e-4,22.9938402699396,-0.00164045456031629,0.9650002388993716,0.975257649917319,0.7293761524529425,small,4
8,2025-05-14,-7.50589860852615e-4,19.14829735630125,-0.00317979446144811,0.919731791777494,0.995521020599769,0.792146763975111,small,4
9,2025-05-14,-4.1321295069872e-4,30.27293244408515,-0.00191782404075372,0.511833625652619,0.997333104779595,0.8709986408093415,small,4
10,2025-05-14,-3.18677948224445e-4,22.0435344203566,0.00107548362735963,0.5015009186527729,0.7900372865354635,0.4484423001733696,small,4
11,2025-05-14,-4.1374732241944e-4,29.825603351130248,-3.0648711370205e-4,0.7097151980091869,0.9972570529547832,0.39886089413225945,small,4
12,2025-05-14,1.9742955718762e-4,13.3157611601965,-0.00147055241605417,0.480344287330051,0.997599787805604,0.906889949572126,small,4
13,2025-05-14,-1.7974858985797e-4,19.9771203168318,-0.00214624237195089,0.345850822552159,0.999631794955649,0.997158867913074,small,4
14,2025-05-14,-1.5648356059497e-4,13.0474038790443,-0.00214534511950885,0.232934818645687,0.98446582941509,0.95419342971979,small,4
15,2025-05-14,-1.8279331386348e-4,17.2486144537928,-0.00211907084328343,0.206364551802235,0.948992036399936,0.955722383524998,small,4
16,2025-05-14,1.9149730224936e-4,17.7796379939058,-0.00283085917039025,0.387812264315781,0.998497211971097,0.987608766817961,small,4
17,2025-05-14,-4.3354188654543e-4,20.494762313577,-0.00204043485233946,0.867606356480445,0.996162596171869,0.977585160966535,small,4
18,2025-05-14,-8.94156990125103e-5,15.9757074727276,-0.00192859372839011,0.0570522454010917,0.998611165492969,0.959400948990472,small,4
19,2025-05-14,-4.3489351307626e-4,37.4990509389447,-0.00309838121436792,0.668140962821752,0.999418314635784,0.973855638215668,small,4
20,2025-05-14,-4.7112749200284304e-06,27.3183090303735,-0.00289050382400394,0.0218818683094054,0.997762858421742,0.935335255546499,small,4
21,2025-05-14,-0.00111849202771081,33.6075241363218,-0.0029987162939742,0.969679104298067,0.999629237092942,0.996939992702397,small,4
22,2025-05-14,1.4084681486881e-4,14.6665667107613,-0.00179381702164245,0.448044121182595,0.960164232859281,0.994827266285181,small,4
23,2025-05-14,-3.7370861030973e-4,20.3430773970407,-0.0055140796218206,0.8737380360315905,0.9970008545763436,0.853939630132597,small,4
24,2025-05-14,-2.6559902606669e-4,15.4433223697935,-0.0023768215397854,0.478475327793693,0.988044449074895,0.983045684179654,small,4
25,2025-05-14,-1.9587607000478e-4,24.9678402390353,-0.00282052043281029,0.516554306302247,0.998372536189171,0.990813142534733,small,4
26,2025-05-14,-3.5611768078833996e-4,21.702365694608652,-0.00393946237003027,0.6384170297026419,0.9986961213330654,0.903751178949061,small,4
27,2025-05-14,-2.9890491100741e-4,19.997991098106,-0.00186376720556883,0.786689974097854,0.952428847536567,0.937155910894605,small,4
28,2025-05-14,-3.72022032232e-4,29.6579338347832,-0.00395121028847413,0.552892504834683,0.99642862136495,0.980680943720036,small,4
29,2025-05-14,-4.7879230856633e-4,26.2815420169656,-0.00274839964067088,0.698002438345607,0.998457750488408,0.998235581978591,small,4
30,2025-05-14,-2.5110940174443504e-4,33.32577561140175,-0.00439438323241166,0.5312204551318895,0.999630072359784,0.962992550277309,small,4
31,2025-05-14,-1.5850760060514e-4,27.690026742321,-0.00254926475537791,0.0864479969098952,0.982373669949984,0.968490457679707,small,4
32,2025-05-14,-1.9915488639166e-4,24.8931897365412,-0.00383568128459931,0.943427614363031,0.996100595322827,0.548843536096341,small,4
1,2025-05-21,-8.625565793177664e-5,16.150201622176098,-0.00192711494609369,0.2201544247075465,0.975585041386754,0.9467009782591596,small,4
2,2025-05-21,-5.9613996297468536e-5,12.22564551150005,-0.00155314066993745,0.04467732435721858,0.9983826570983114,0.9679882182506684,small,4
3,2025-05-21,0.00599948228061798,22.7585273297996,-0.00164842675759976,0.7617099162933215,0.790258465223401,0.8414197391685005,small,4
4,2025-05-21,3.7427521208911e-4,15.46148086822655,-0.00115836335539209,0.3981568304511905,0.99987751983112,0.9958811980537224,small,4
5,2025-05-21,0.00166510659595186,21.5729563435981,-0.00213294591715377,0.8576968927899591,0.9976419291908548,0.979338475903359,small,4
6,2025-05-21,-7.081318567127449e-6,13.4024946839263,-9.8339702481049e-4,0.00199549497598335,0.992076823638337,0.95155186271137,small,4
7,2025-05-21,3.2358155106521e-4,15.799276858923651,-0.00103482312242278,0.376219993703709,0.9997498219947976,0.946303556755831,small,4
8,2025-05-21,-1.5502489744967498e-4,7.620947648935495,-0.00171739045637192,0.44198957005231954,0.9896593181458644,0.6867011989571425,small,4
9,2025-05-21,1.55830271331795e-4,16.20375987813055,-9.492657434822e-4,0.1945278391758835,0.998723099648124,0.9758257879250736,small,4
10,2025-05-21,8.2358798653498e-4,9.47418814445932,-6.9197439994507e-4,0.761335207874539,0.5810698894590329,0.3651365943381279,small,4
11,2025-05-21,2.78423013219165e-4,13.44241315731135,-0.00139304663081066,0.4416406834197295,0.9662918287966396,0.8042648035981375,small,4
12,2025-05-21,-2.2106029992213e-4,16.742574330420503,-0.00137135366621961,0.09498795457753016,0.9923125052709144,0.987289442928936,small,4
13,2025-05-21,-3.29270768196599e-5,31.722238625182747,-0.00227334828130018,0.00817095545106305,0.9986676777618424,0.996622891634813,small,4
14,2025-05-21,0.00171826395440408,26.7307688682104,-0.00262414092568532,0.997045208790388,0.994005897421621,0.9907357332698156,small,4
15,2025-05-21,0.0011486243852425,20.5805117269773,-0.00168632173216053,0.983937142683272,0.997042648606574,0.9991508533011836,small,4
16,2025-05-21,9.4684636843158e-4,17.3510998848396,-0.00150957015770546,0.8058336974786655,0.990239313248966,0.988070185511341,small,4
17,2025-05-21,0.00267226393314787,27.76046502139595,-0.00224304432938567,0.9932418580746196,0.996613954475104,0.9988452782477484,small,4
18,2025-05-21,0.00255682930403191,11.3857411661991,-9.58555260884845e-4,0.950579654233858,0.9933872007246116,0.9715789710548964,small,4
19,2025-05-21,0.00210050132187979,19.35726110079765,-8.9808570901332e-4,0.9974765114952796,0.9907739450361,0.6012268745785835,small,4
20,2025-05-21,5.293053721298899e-4,8.40283662272495,-6.275815236614024e-5,0.8655352162888066,0.929605969454214,0.01767149082794012,small,4
21,2025-05-21,0.00136855401865555,18.5147660483592,-0.00198929786115513,0.9598461624101096,0.963591340956637,0.935633988977421,small,4
22,2025-05-21,0.00112384526169305,11.4273584887591,-0.00111728576721491,0.9801205134305416,0.993699657170483,0.9805347451564026,small,4
23,2025-05-21,-2.2862916557122e-4,31.80053790556675,-0.00158759010253822,0.340298410769667,0.998613659768558,0.5283191139122713,small,4
24,2025-05-21,0.00108564447897681,32.7742487200732,-0.00316265036787335,0.77900525612511,0.994348883623415,0.982142238129928,small,4
25,2025-05-21,0.00350436595576398,33.047389006700044,-0.00258660780413412,0.9081888405124294,0.9946154019229236,0.9886743553659756,small,4
26,2025-05-21,0.0010506354639924,24.02046942402325,-0.00267991477489957,0.9883518068018736,0.9990672482454964,0.992698846698549,small,4
27,2025-05-21,1.842464426864e-4,21.6841447705752,-0.00197524409966527,0.291681701253925,0.987427846037346,0.9887206774469705,small,4
28,2025-05-21,1.8977590843165e-4,28.4697804228546,-0.00300830219011907,0.404682061659947,0.997095916375179,0.997861719650684,small,4
29,2025-05-21,4.5393363007346e-4,23.3889824607018,-0.00207376582592522,0.907612338774545,0.980558985848192,0.965406761723331,small,4
30,2025-05-21,4.042343455594e-4,23.45591107457425,-0.00471599102270102,0.539670789509608,0.979834277938881,0.7955259754178785,small,4
31,2025-05-21,0.00256374642240768,24.9070939246643,-7.8487134405606e-4,0.990028575949016,0.964521601728923,0.842188100657699,small,4
32,2025-05-21,0.00123244189456668,18.897188207161,-0.0017259053883751,0.973280745101097,0.988761800284258,0.810369604367564,small,4
1,2025-05-23,-3.7931185556278e-4,8.185053171961044,-0.00125629624985568,0.5850508133661905,0.612192647624089,0.7529711576194825,small,4
2,2025-05-23,2.66017690025035e-4,3.4120298734334797,-0.0013276482112195,0.5325459470961365,0.877920534453546,0.9834863130219396,small,4
3,2025-05-23,5.77997238547e-4,15.017104898922453,4.6666615096868e-4,0.9402062103430364,0.9553279496641136,0.485774854684794,small,4
4,2025-05-23,1.9328636878296e-4,3.75056040674394,-2.98630422928795e-4,0.499889580598615,0.866009819274421,0.9230745159180236,small,4
5,2025-05-23,5.31484483435365e-4,18.153396250917048,-0.00226417035201487,0.751396497007333,0.9556648759328924,0.4440901334403505,small,4
6,2025-05-23,2.4424817935864e-4,7.8169026471138,-9.9041010469248e-4,0.8729488840703635,0.96223008449752645,0.842880318287906,small,4
7,2025-05-23,3.9563215797916e-4,7.67152463279817,-0.00111664309430979,0.5948861985644149,0.74946054087254,0.8086339840671045,small,4
8,2025-05-23,-6.415813335011545e-5,12.214871886224,-0.00255325596682473,0.16738885610770202,0.9675230644590216,0.839554849087665,small,4
9,2025-05-23,-7.59383206609046e-5,20.3053914479483,-0.00117899977156227,0.02846754363748362,0.990271319399756,0.8817862207141249,small,4
10,2025-05-23,1.1879342045694935e-4,7.53913055261255,0.00151797827711756,0.3361699693256595,0.553873266489773,0.0677757876677922,small,4
11,2025-05-23,-2.7450179493775e-4,26.6507053831097,-0.00170328417041453,0.530553982146012,0.998754020128452,0.964942456600501,small,4
12,2025-05-23,1.21134531197894e-5,21.5389753230573,-0.00165865482053349,0.00157138887278961,0.997696887343833,0.993051389326441,small,4
13,2025-05-23,6.80512271299231e-5,22.1445674931505,-0.00250484845609173,0.725366589990359,0.961730860030002,0.980894532841722,small,4
14,2025-05-23,-3.0377251233702e-5,16.3583607068292,-0.00163965094931503,0.00549041173757894,0.998295204946825,0.999427763810367,small,4
15,2025-05-23,2.9415594412241e-4,21.4955316271891,-0.00314885203514368,0.738856125095717,0.983343004447468,0.988480700992042,small,4
16,2025-05-23,-2.96980622781836e-5,22.0297933240423,-0.00223979039917365,0.00844233632776095,0.993244521042404,0.988186662747598,small,4
17,2025-05-23,4.81390206241406e-5,17.96570527362855,-0.00161002364229986,0.0431390813532458,0.9991890033665424,0.999823899881474,small,4
18,2025-05-23,0.00121946248763236,8.43837766610071,-9.93468401396905e-4,0.928680650161051,0.9786367134116876,0.9692871728108154,small,4
19,2025-05-23,-1.1744266968191228e-4,13.59702497281144,-0.00191283380178112,0.18192347865265396,0.5006682918543228,0.9607888923800728,small,4
20,2025-05-23,3.59067079849585e-4,16.3981097840584,-0.00217672204242889,0.7298760254353255,0.9961639102421256,0.9896696602513216,small,4
21,2025-05-23,2.87424582778358e-5,13.7807548141772,-0.00122963820311669,0.0154983404915141,0.998346198704098,0.994413382869755,small,4
22,2025-05-23,9.457360963889752e-4,28.1809772005197,-0.00327671244389872,0.979273433900854,0.999592792825541,0.9991268865048196,small,4
23,2025-05-23,2.2614216917099e-4,30.14683059072355,7.25682216147435e-4,0.9311073551270076,0.7504629035258625,0.149725347404155,small,4
24,2025-05-23,1.5691316476675117e-5,18.081800116173397,-0.00211110376124624,0.01958425686881793,0.993228219407874,0.9742929734883066,small,4
25,2025-05-23,2.4047343535199e-4,16.9216009212597,-0.00241602040610711,0.40873248176495,0.9680447048154714,0.8654983694571574,small,4
26,2025-05-23,3.19452237473355e-4,17.142158156408644,-0.00161362042413215,0.658632566541067,0.5175688107735205,0.595280460719979,small,4
27,2025-05-23,-5.8518358771309e-4,19.2951680499468,-0.00227397311979592,0.7950137048036154,0.979414111589982,0.9456387552164188,small,4
28,2025-05-23,-1.5220191266750817e-4,18.09435452188235,-0.00238332908019252,0.7185413240115426,0.994483531738546,0.999116329663685,small,4
29,2025-05-23,2.4362983705430495e-4,22.2084930183865,-0.00252411214272438,0.7621705988221625,0.9961976849744716,0.998786125799028,small,4
30,2025-05-23,-8.868709876811364e-5,17.9598997410556,-9.980486755622009e-4,0.1576627498608686,0.921385668958013,0.5000624467347631,small,4
31,2025-05-23,-7.90395199398416e-5,29.5739051067516,-0.0029554132404622,0.1534168600952565,0.9846328843012464,0.959895649910407,small,4
32,2025-05-23,4.552830055401101e-4,27.919379009703448,-0.00125687577332643,0.8346033470710945,0.9827120713354836,0.772951049071477,small,4
1,2025-07-09,0.00290208760327934,7.384034296252305,-6.0332204551213e-4,0.967434951714921,0.974839366413381,0.969271718597415,small,4
2,2025-07-09,0.00307138361179214,7.4542834752424,-0.0016855317687808,0.908205434893778,0.99405477554545,0.8015460716861615,small,4
3,2025-07-09,0.00320825369186857,3.71024309229788,-0.00127161087490307,0.844201938822439,0.721836744387087,0.7766148882189795,small,4
4,2025-07-09,0.001038984480341,4.265481131361025,-3.94572836435335e-4,0.7825286923486575,0.913689458259467,0.46913415319034846,small,4
5,2025-07-09,0.00230290121665464,5.94150814800451,-0.00137192454525426,0.9323658777743924,0.962121474267162,0.983740162554796,small,4
6,2025-07-09,2.0075791039934497e-4,4.57018971602582,-9.92351101535995e-4,0.6045197010331405,0.996646839917991,0.917179374820339,small,4
7,2025-07-09,0.00140336405818106,4.79559869955948,4.8397478761793504e-4,0.991329596073963,0.9375007680652014,0.08838303633232154,small,4
8,2025-07-09,8.89234199563455e-4,11.14164517006575,-0.00247049761634082,0.956335379179156,0.997587288948009,0.891466546516218,small,4
9,2025-07-09,0.00436373141127091,6.579828909265901,3.7691321205259e-4,0.931282630133842,0.956765351247752,0.1347013326384075,small,4
10,2025-07-09,4.10575929265275e-4,6.519215898460985,0.00108582145735159,0.6754222374135634,0.995813932968954,0.23054032812477,small,4
11,2025-07-09,0.00386775348923306,7.790089970077915,0.00240187969438034,0.9066448905578024,0.8236064380924984,0.894445133731478,small,4
12,2025-07-09,6.7300591708514e-4,6.44057894022656,-9.1731745947541e-4,0.605233726199274,0.974633917708314,0.984014284636627,small,4
13,2025-07-09,0.00371441997060903,8.89237985788002,-0.00109585280107201,0.996227229467093,0.984613023219667,0.99883895397431,small,4
14,2025-07-09,9.7710548580939e-4,7.62471149819486,-4.3337652114303e-4,0.874558513570029,0.990325722708834,0.688258968630696,small,4
15,2025-07-09,0.00535858112347338,9.03666685273141,-0.00165725678873911,0.985398074736958,0.990682611769331,0.981069411029726,small,4
16,2025-07-09,0.00207237230499085,8.77460568882146,-0.00113404959197511,0.984737740981227,0.997535875043696,0.993488541924223,small,4
17,2025-07-09,0.00613609603609505,12.799983925185,-0.00138590820405997,0.997428687040569,0.999807538648396,0.992597787218146,small,4
18,2025-07-09,1.3322319596283e-4,5.04059391075267,-8.1805733704653e-4,0.253695490917701,0.945441453169077,0.855130925601724,small,4
19,2025-07-09,0.00509612352451023,9.1847646732081,-3.4832559660909e-4,0.980395110133866,0.987241882929733,0.297529137988614,small,4
20,2025-07-09,0.00257431870949323,11.0403402886915,-3.7843117662049e-4,0.971507732548766,0.988903629158174,0.433927383764465,small,4
21,2025-07-09,0.0111347037886442,11.0187909236809,-0.00156672794283909,0.98926750580075,0.987080140204314,0.993575297974055,small,4
22,2025-07-09,0.00290965224464661,12.7204055988342,-0.00160777265602739,0.992514287127537,0.955403335213591,0.945450298398608,small,4
23,2025-07-09,0.00242856734687223,5.19381175665695,0.00161287745879169,0.67433182423177,0.72165501352008,0.503268477822505,small,4
24,2025-07-09,0.00239433596232892,11.662556631397,-0.0019635743973748,0.997601881912807,0.978713269457085,0.984282194447531,small,4
25,2025-07-09,0.00467026740969241,8.77113830519147,-0.00270584314058423,0.979181824588405,0.94865552500574,0.660608580594342,small,4
26,2025-07-09,0.00125757690675619,11.5323203816905,8.22782497533174e-4,0.8246187322487495,0.926624390345101,0.12786436983363444,small,4
27,2025-07-09,0.00603902489082353,8.53865662874559,-0.0013768834129185,0.939816175736671,0.926017697679867,0.98052822094775,small,4
28,2025-07-09,0.00112865630430407,4.97951669884117,-7.9546409866263e-4,0.930410217894852,0.953933792335331,0.792539295421255,small,4
29,2025-07-09,0.00216973409928277,5.72900347669124,-8.577138088762e-4,0.997128128889018,0.96498321902542,0.767543931279726,small,4
30,2025-07-09,0.00290401586534118,8.05657969926443,-0.00516124810423056,0.9921529695232616,0.9804576590012616,0.7514844806039815,small,4
31,2025-07-09,0.00413149253976527,6.87211445892084,-0.00192937519827778,0.993837723369586,0.981930488172507,0.753103916529411,small,4
32,2025-07-09,0.00181572655379296,5.75901829713729,-0.00124354778336823,0.991224042946145,0.994200914766264,0.483879746764717,small,4
1,2025-07-16,0.00158765146335785,5.83852538726658,-0.00263207040526821,0.9172798903336226,0.8941149971876975,0.8947014644288425,small,4
2,2025-07-16,7.428821448352886e-5,2.58217376670619,-0.0018679862898317,0.03170842070403035,0.9741717406952436,0.941776913536154,small,4
3,2025-07-16,0.00250807460388267,5.78287457025543,-0.00294080256519376,0.9692110291133464,0.970045083918435,0.991702277602419,small,4
4,2025-07-16,1.7085820628416002e-4,1.557762589867885,-3.9427988619396e-4,0.0689654993153295,0.8057422880263769,0.384231415208767,small,4
5,2025-07-16,0.00393330036683795,7.068199081554235,-0.00273582254310454,0.9675456611616984,0.9892397895172944,0.9641975556151524,small,4
6,2025-07-16,-3.4334812103672496e-4,3.103905143143315,-0.00172067219454115,0.3630299997588775,0.9819016059988386,0.9221960780427184,small,4
7,2025-07-16,0.00151089722385151,5.04907878293018,-0.00228945728728034,0.8466445398552376,0.9270963510260304,0.9031620257179088,small,4
8,2025-07-16,6.455253262994749e-4,2.5766889613370747,-0.00174147642148093,0.9298805324592344,0.9665323892230856,0.9045459271646644,small,4
9,2025-07-16,0.00263328474226497,5.3036112443703445,-0.00204972512567435,0.971001019595924,0.9821171636917596,0.922505425585445,small,4
10,2025-07-16,2.901934142179e-4,1.480486510499545,-5.2686036005521e-4,0.5956224522495065,0.660084335526934,0.26799502239479606,small,4
11,2025-07-16,0.0024028671312108,4.463016376437225,-8.44822557205785e-4,0.9910468569358644,0.9721311954365346,0.9472871492919605,small,4
12,2025-07-16,1.4603723735483e-4,4.37150095217581,-0.00277862787623069,0.136869996315591,0.956056973880535,0.990287521055621,small,4
13,2025-07-16,0.00202416064837791,6.74156001094395,-0.00281439898948528,0.919098991878068,0.999852819037518,0.963849318392381,small,4
14,2025-07-16,4.6826210280803e-4,4.74236451654182,-0.00195471689143863,0.716375867229327,0.984790222331656,0.927591483702003,small,4
15,2025-07-16,0.00360314319487769,7.82518777626723,-0.00315350402633696,0.993184164388839,0.997403974129121,0.996151089927286,small,4
16,2025-07-16,3.3576410155311e-4,5.0064575710804204,-0.00287985802033729,0.47292592264335,0.955371929137658,0.959198091877453,small,4
17,2025-07-16,0.00121235213040082,4.10033678729913,-0.00101889999082669,0.972092506909473,0.903285814310467,0.60865450297285,small,4
18,2025-07-16,-1.2851105679895e-4,3.56477579046926,-0.00310559531464521,0.690499100386637,0.973846950029994,0.979628253399673,small,4
19,2025-07-16,0.00185762718015153,4.96359461760694,-0.00291342453110055,0.944417160922566,0.992546102672695,0.958500074398879,small,4
20,2025-07-16,3.2905846291456e-4,3.36381684380742,-0.00392687948885173,0.237929104802184,0.979039686617883,0.983237779165511,small,4
21,2025-07-16,0.00204953588155292,5.73759906327938,-0.00391518193649779,0.987407602124735,0.973331429840383,0.920285321891301,small,4
22,2025-07-16,3.4762721658245e-4,4.55698534890313,-0.0017680490696571,0.439126819908074,0.893745939738281,0.968096551959258,small,4
23,2025-07-16,0.00156410856313099,4.949154634232755,-0.00153304549627355,0.8743498926224855,0.9164032889845164,0.5048862405656901,small,4
24,2025-07-16,-4.5858459309192e-4,4.6719446694497,-0.00207389147906782,0.527889965773502,0.999790327523904,0.984754724874458,small,4
25,2025-07-16,0.00233313157278591,6.70587945685344,-0.00396642565639347,0.951218747698226,0.996101538035246,0.952212268239551,small,4
26,2025-07-16,5.2697430083496554e-5,10.02840487181023,-0.00631315698048287,0.582562046538434,0.977375256254616,0.9734854525321496,small,4
27,2025-07-16,0.00168294318603742,8.988152175683044,-0.00366674590457824,0.873510624028526,0.9710791948698744,0.8749234499255365,small,4
28,2025-07-16,4.9540629126673e-4,-0.787494417851182,0.00225607764117541,0.84680736276973,0.523419601449769,0.416571430020786,small,4
29,2025-07-16,0.00207628670389397,8.53770991853679,-0.0042860607642258,0.986645817132298,0.995986535402078,0.993260851816615,small,4
30,2025-07-16,1.6027884908647e-4,3.1444058248296303,-0.00115139837164783,0.374548547552407,0.9825419109530616,0.5983711469050566,small,4
31,2025-07-16,0.00125263033964399,3.09770597008554,-0.00330965149757787,0.937550891687072,0.914811823224374,0.82980633644067,small,4
32,2025-07-16,3.9457196664143e-4,1.97082262388052,-0.00182331251510996,0.441601987615104,0.955343917772853,0.961715645983638,small,4
1,2025-07-23,0.00323439230775466,10.14603743050047,-0.00513304380420595,0.9456546979448124,0.955546542242685,0.7511928324548911,small,4
2,2025-07-23,3.0630015200155e-4,6.63325030087214,7.401310984871484e-4,0.4322160040835795,0.976152905500622,0.3910665354931964,small,4
3,2025-07-23,0.00221784242441233,8.593488918849726,-0.00134970484495801,0.963746829465849,0.9990760511300256,0.2078339933443368,small,4
4,2025-07-23,8.61149638977835e-4,8.329611730092676,-0.00137139802267007,0.779975368207976,0.94698802894063006,0.17232933611000428,small,4
5,2025-07-23,0.00214892725518497,4.298448307997575,-0.0014756419460115,0.9086940736768996,0.9398581318683956,0.8286427097147665,small,4
6,2025-07-23,-1.3169249112474017e-4,3.2222238168386097,-5.68509419730575e-4,0.04876288119864949,0.820728700638522,0.46985562859492713,small,4
7,2025-07-23,0.00118919530359402,3.0335665011623747,-1.9401285670570009e-4,0.5125895705119025,0.5441585594091001,0.20602596807635576,small,4
8,2025-07-23,1.715443436905056e-4,9.189600175853634,-0.00269270737497074,0.49600530144797333,0.9213600740830776,0.5955030343588615,small,4
9,2025-07-23,0.00357719539676165,9.75790262044065,9.44283602767045e-4,0.9409247269277214,0.9730328720240504,0.17967223662639523,small,4
10,2025-07-23,-8.998508473567825e-5,9.4679541662523,0.00512480207664296,0.14409641247924251,0.9817910128733964,0.265210797693687,small,4
11,2025-07-23,0.00290831843184607,6.267216567832589,2.05429365262333e-5,0.984587931139935,0.9463838676201376,0.0619336546575447,small,4
12,2025-07-23,1.6038087023918e-4,2.78319686213493,-9.2606282259138e-4,0.179961142310847,0.984356007701247,0.981855239142396,small,4
13,2025-07-23,0.00160111394035419,2.7985874550487297,-7.44583970355655e-4,0.845056204560334,0.741726327439825,0.7471621474299985,small,4
14,2025-07-23,2.2600380245507e-4,5.18371955837104,-8.0337607210967e-4,0.24406974406403,0.966656868473222,0.98162473595163,small,4
15,2025-07-23,0.00476063107586247,8.48864333082453,-5.682531358219e-4,0.978318210949273,0.990124190539722,0.159335249226372,small,4
16,2025-07-23,6.8288882829822e-4,9.04926015588089,-0.00145830529350002,0.886948989107579,0.949359503406437,0.91415578886768,small,4
17,2025-07-23,8.86790542463e-4,4.72477655245101,-0.0011954463219622,0.873024660893283,0.921717075306872,0.864453870055084,small,4
18,2025-07-23,-8.01221377608711e-5,5.83265220510997,-0.00530857842815233,0.0532574982545871,0.929586915663734,0.963254444703259,small,4
19,2025-07-23,0.00191413733361955,6.07515318826817,-8.6880471109257e-4,0.953287217483031,0.946818531937578,0.582754350537888,small,4
20,2025-07-23,5.9966783140465e-4,11.43243972938765,7.5765500143496e-4,0.8079116779443735,0.8201890935859655,0.618671874898346,small,4
21,2025-07-23,0.00399828424928458,13.9404758161356,-0.00484651516222511,0.989450868407758,0.987556713267827,0.948478979757702,small,4
22,2025-07-23,2.0041246429428e-4,11.7053972683431,-0.00476065074704587,0.419279642040372,0.968052674463703,0.994306691905334,small,4
23,2025-07-23,0.00585860381398801,14.7586702583338,-0.00746412753354553,0.871072637041909,0.818260548509242,0.819582355243275,small,4
24,2025-07-23,1.761233457242e-4,15.2958643578839,-0.00502724014024233,0.206120676389824,0.992452396910999,0.959826774734821,small,4
25,2025-07-23,0.00694851117981625,14.316083649691,-0.0060614355611967,0.955619389323436,0.94836800351104,0.8592500884717675,small,4
26,2025-07-23,-5.914763034898146e-4,1.9856988025052296,-0.00244719310289363,0.5000534196909031,0.5001721124684528,0.5160239454988534,small,4
27,2025-07-23,0.00284369701605072,13.0626089296435,-0.0035002043346189,0.9477383000026696,0.946228935043255,0.9773167844991252,small,4
28,2025-07-23,2.02800036312085e-4,5.2921790960474056,-0.00188699582447736,0.5249370948785524,0.9671637589437784,0.9928940188950516,small,4
29,2025-07-23,0.00389192538965448,12.0328506323874,-0.00372416168098407,0.960998694729743,0.893194437473991,0.939137327153531,small,4
30,2025-07-23,6.3860760571962e-4,12.400177647722876,-0.00375987558255495,0.976201360468704,0.9522738361415084,0.9489596090861324,small,4
31,2025-07-23,0.00284003964413338,11.2789865048285,-0.00336072609793446,0.969964655792339,0.994803135896529,0.785639834623412,small,4
32,2025-07-23,1.5830766274107e-4,8.30456738102114,-0.00194455086733939,0.769515970060136,0.994791590086888,0.315209457934613,small,4
1,2025-07-30,0.0026853034069635,4.250401981004415,-0.00221831212489973,0.946910254833058,0.8867405577325235,0.9497929179445356,small,4
2,2025-07-30,6.10545354839715e-4,6.715024442241704,-0.00424169129517993,0.8252283667187581,0.9910052968515024,0.9510116080524376,small,4
3,2025-07-30,0.01289385020811085,21.4204514638202,-0.00245094890008493,0.9811880571866336,0.9942385260244776,0.9573691622775063,small,4
4,2025-07-30,8.5911745700192e-4,2.28985267501251,4.90673560671605e-4,0.4704216049072973,0.570038228462476,0.4004802780818203,small,4
5,2025-07-30,0.00371600703449351,6.338789094663375,-0.00127984393203585,0.9799032698985586,0.9416667931432026,0.8344054880833784,small,4
6,2025-07-30,1.49761165521265e-4,3.22737786672275,-0.00249202441552523,0.15391099855287424,0.9518420357233964,0.935088351298571,small,4
7,2025-07-30,0.00529636426682653,7.464398931781199,-0.00263376776158254,0.984001500850349,0.947382973778393,0.9181266544547866,small,4
8,2025-07-30,6.49608659642255e-4,9.76374355202587,-0.00498472400787152,0.9333679927544924,0.979779964036349,0.99524565553523,small,4
9,2025-07-30,0.01180689699033425,21.3918952875343,-0.00309853854012006,0.963725580068834,0.9820914036463896,0.957732044162128,small,4
10,2025-07-30,-1.0587724550895253e-5,7.2284537720418305,-0.00230681095483096,0.0187304456432292,0.9626006521475244,0.8547289950188339,small,4
11,2025-07-30,0.01661353445824435,15.47801414940185,-0.00431586506436966,0.9574733545861528,0.9820337556879376,0.9459576130705736,small,4
12,2025-07-30,0.00105479920746283,5.71466157335106,-0.00261008779792412,0.867495260367077,0.891453704206884,0.931161829369987,small,4
13,2025-07-30,0.00743787884213797,8.33893115390045,-0.00345115019267464,0.9265309181348936,0.973569013485333,0.987176183493411,small,4
14,2025-07-30,0.00326018474318673,11.0082468925652,-0.00311418112679229,0.9913121831578784,0.9978986619714708,0.9387741209255837,small,4
15,2025-07-30,0.00834613459217914,8.1184731953932,-6.85070794211858e-5,0.989612775523962,0.957644108752946,0.0251905057129167,small,4
16,2025-07-30,0.00152031788999825,3.87984096264135,-0.00156630180920452,0.898937610944129,0.994901914029671,0.902107048224319,small,4
17,2025-07-30,0.00435278883132538,13.8616330753689,-0.00204429837657476,0.950410257009777,0.951878383254351,0.583310402694321,small,4
18,2025-07-30,-8.91041495424331e-5,2.11089952197862,-8.122105929627e-4,0.0541554294075943,0.77685012109866,0.802119152944532,small,4
19,2025-07-30,0.00509626681850972,7.47819803089086,-0.00278604363986095,0.969882485570553,0.97160609595102,0.931959752050257,small,4
20,2025-07-30,0.00141885501353235,7.94841104309808,-0.00474884525029848,0.974305842069555,0.969546611694306,0.958544687692914,small,4
21,2025-07-30,0.00188065157966392,10.8485326868218,-0.00540125785357937,0.92582521489175,0.999929319699312,0.992035348761178,small,4
22,2025-07-30,5.2773729908443e-4,6.70746497713001,-0.00228494917559176,0.371653575719662,0.783371827671993,0.955923788600182,small,4
23,2025-07-30,0.0039250560397395,5.56600155412105,-9.348078033472e-4,0.930213926122257,0.849660853022075,0.209707812932055,small,4
24,2025-07-30,6.8969049734824e-4,10.12159360353,-0.00499981013805216,0.739578485527225,0.999130782259641,0.992678792969789,small,4
25,2025-07-30,0.0070450304796907,8.512137302553235,-0.00339000816086201,0.938820545843989,0.8951545477881905,0.7782574630624071,small,4
26,2025-07-30,0.00125964722078997,5.45624527324976,-0.00230180930671851,0.879601804718041,0.902118470890592,0.8371978461063045,small,4
27,2025-07-30,0.00528425157583245,15.8568372345578,-0.0069766510687609,0.971716931513661,0.945729414360247,0.910322365162306,small,4
28,2025-07-30,0.00108788168899126,13.038776689891,-0.00700617593872754,0.795040666702074,0.99099340145987,0.99114420393946,small,4
29,2025-07-30,0.0375725907744843,26.9580268952324,-0.00611038665145424,0.990676563215172,0.987425826600965,0.982859442823707,small,4
30,2025-07-30,0.00410277214051479,20.149016424404252,-0.00515432608816761,0.97113952951731,0.9700470234689664,0.5576984360981635,small,4
31,2025-07-30,0.00617644341033688,10.1134983288513,-9.088217414195e-4,0.992174881042709,0.946886320043041,0.247225374826247,small,4
32,2025-07-30,4.232981061837e-4,9.24135493379656,-0.0040710484279402,0.771631360279123,0.947747849552429,0.989924982063712,small,4
1,2025-08-06,0.0499436307298199,20.0382163407045,-0.00243569619394686,0.98873477055811,0.989215248125054,0.962057861452757,small,4
2,2025-08-06,0.0114860323328934,7.22966277954201,-0.00340234689105003,0.982282832561033,0.964321088893651,0.965886071881943,small,4
3,2025-08-06,0.0201513309914303,11.1653438340954,-0.00162537666787041,0.985661174247592,0.98967359395201,0.994440576382753,small,4
4,2025-08-06,0.00772427700128883,8.07215817434067,-0.00634075002308186,0.990871578276571,0.983924608992199,0.993293016903526,small,4
5,2025-08-06,0.0697220475053081,29.5477606280711,-0.0104916961599748,0.989380277564303,0.986928597854298,0.990271090709482,small,4
6,2025-08-06,0.0500402280238735,12.7268187993617,-0.0086058024570491,0.999938293135268,0.999595613884137,0.990831561901182,small,4
7,2025-08-06,0.0944080544049648,29.801908175325,-0.00944568277194019,0.942702513347195,0.950099648959408,0.935125666231798,small,4
8,2025-08-06,0.01571015360501185,8.011333195167055,-0.00440006931550741,0.88651002280978,0.8934144021722921,0.8608532753065,small,4
9,2025-08-06,0.100969867820849,34.089333515006,-0.00373884935269437,0.945179030365846,0.946698124695943,0.925865178519528,small,4
10,2025-08-06,0.0336811296563271,22.2345442680116,-0.00352268656376876,0.975193691459233,0.972295779317646,0.933294701853789,small,4
11,2025-08-06,0.116623811111703,35.5568929780599,-0.00377337934910627,0.999963982586529,0.999849847606117,0.997982287988786,small,4
12,2025-08-06,0.0183861588957884,3.79287447777258,-7.1091384545155e-4,0.97184393174012,0.954424444827058,0.711664544452801,small,4
13,2025-08-06,0.069954737079639,13.8784375114318,-0.00399880308734637,0.992052022320233,0.988497097910274,0.961739470144164,small,4
14,2025-08-06,0.00349312776045246,5.3196839215639,-0.00231779835599395,0.966730740864073,0.946058212698701,0.993888910107187,small,4
15,2025-08-06,0.0333694814008812,13.9955483365851,-0.0039861751168057,0.934006835739349,0.934216666880204,0.966745153086426,small,4
16,2025-08-06,0.00744996385249944,4.635874656194028,-0.00177812522155201,0.510987447771128,0.4973770792866808,0.542871735085749,small,4
17,2025-08-06,0.0668364354367063,28.1995153578667,-0.00338756594742803,0.994883776839929,0.993870959966256,0.980329045440627,small,4
18,2025-08-06,0.0116783039135831,6.93909919295633,-0.00152957697137673,0.998377329028936,0.999182144842744,0.995046065335188,small,4
19,2025-08-06,1.1260266729051088e-5,-0.00381532014099938,1.5559814513350055e-6,0.9659053132618296,0.962568973418518,0.950185792022096,small,4
20,2025-08-06,0.00936458112762061,8.1402688148685,-0.001369489056908,0.904052664441955,0.967832484348445,0.543633074670694,small,4
21,2025-08-06,0.02320440839491228,13.061129830324184,-0.00162267875693259,0.5135709426780946,0.5061050752568353,0.49864514236498175,small,4
22,2025-08-06,0.066602781929846,21.1370332501908,-0.00459782495512093,0.990418392481844,0.991345217172277,0.997032076730563,small,4
23,2025-08-06,0.02229498934624717,7.964661429343729,-0.00190775101915997,0.46767972487668275,0.479483715885498,0.4510165120251887,small,4
24,2025-08-06,4.8639307148347e-4,0.703851869101815,-4.9729807283983e-4,0.912567617076566,0.343147230313236,0.223795525386715,small,4
25,2025-08-06,0.0662041580617367,27.7742495065666,-0.00726720366735543,0.997555458785884,0.996439878359178,0.932846459981394,small,4
26,2025-08-06,0.02977177405918385,14.0930236501961,-7.2896643154513e-4,0.966566290543954,0.9494528402934586,0.08905141855130069,small,4
27,2025-08-06,0.0111814651751679,4.39772834524235,-0.00134735155632804,0.847494547497286,0.795637142480523,0.957050292672192,small,4
28,2025-08-06,0.0257791580450557,9.6004966577012,-0.00278149857162744,0.906681619500969,0.918717773999293,0.959455727725053,small,4
29,2025-08-06,0.043641634324208,16.7235011636404,-0.0020434397012915,0.973390114036484,0.977751794687986,0.979356435723604,small,4
30,2025-08-06,0.02358585717842245,3.62086975467329,-0.00243656452162243,0.9907980676015284,0.412349068845197,0.997820180197308,small,4
31,2025-08-06,0.0369131901641099,21.1963967857223,-0.0019280704394387,0.96137447093778,0.974601770770257,0.962155118621519,small,4
32,2025-08-06,0.0468944000569505,20.4507675837717,-0.00370975230386974,0.994949434533768,0.994308602182206,0.933614437006386,small,4
1,2025-08-13,0.00180712039290496,16.0341782818801,-0.00298082857667265,0.970912983743406,0.993095904667868,0.863570462818861,small,4
2,2025-08-13,8.9249824094289e-4,6.99773999471494,-0.00425145080549235,0.604234420351397,0.87549697875082,0.998727550757532,small,4
3,2025-08-13,0.00466327286402642,28.8670513664946,-0.00547356810048901,0.956149114358246,0.966368041753515,0.990083282451732,small,4
4,2025-08-13,0.00202645418421311,16.4032085485532,-0.00475797329805602,0.957669572612004,0.981250279656857,0.983154058196691,small,4
5,2025-08-13,4.64123284695545e-4,1.758976939904925,-9.78138349939825e-4,0.9542367639092544,0.46858377730328105,0.795474217916663,small,4
6,2025-08-13,0.00443888891203191,28.6624786091701,-0.0155551783956885,0.985516201321415,0.992445963385998,0.988928390872081,small,4
7,2025-08-13,0.00758892616854125,41.9326937294958,-0.00856598299328248,0.979882503010311,0.985771357553502,0.988187527642777,small,4
8,2025-08-13,0.00136962444992864,18.8482479081352,-0.00521927192932238,0.760477876039789,0.991534809427953,0.990940239664393,small,4
9,2025-08-13,0.00548191544392063,45.8924636888221,-0.00339478126093182,0.961882910635397,0.99306369464029,0.966413043642091,small,4
10,2025-08-13,0.00263943112900688,14.4887828934005,-0.0011789237068417,0.985708288809814,0.974597434690017,0.756787246292603,small,4
11,2025-08-13,0.0019216051295962,12.2321576367963,-0.00132883731996159,0.998770814719056,0.987967067274168,0.810244265925985,small,4
12,2025-08-13,0.00418224931593968,25.345912314804,-0.00316523793319642,0.980720964044731,0.993212618015459,0.997137826698614,small,4
13,2025-08-13,0.00363541872048731,25.2766845724449,-0.0030379465422443,0.995103777711096,0.988124875451017,0.987844986289946,small,4
14,2025-08-13,0.00257348390096119,20.1429463624603,-0.00340615277548418,0.895461232236942,0.977969100044054,0.965987509145026,small,4
15,2025-08-13,0.00238005674914651,25.6682995254927,-0.00322195217486917,0.987322079897876,0.971587843918731,0.971195296314235,small,4
16,2025-08-13,0.00856862209637159,33.7486663010816,-0.00445173546738936,0.989924711996637,0.990367481031891,0.989312216575999,small,4
17,2025-08-13,0.00592679833591711,34.457665851051,-0.00392106803408751,0.996740922891562,0.99757502986638,0.999498797813967,small,4
18,2025-08-13,0.00183667948973437,22.6751946163889,-0.00389595364953844,0.981376815299007,0.990046679340874,0.995969724815043,small,4
19,2025-08-13,0.00691664472551883,40.8810236824098,-0.00425614066289511,0.999686109326697,0.999288458704051,0.94426705737743,small,4
20,2025-08-13,0.00238036859474417,17.3224266689293,-0.00235864205815063,0.943343290347157,0.938366974078783,0.852408725739735,small,4
21,2025-08-13,0.0014352117304027,13.1229341573075,-0.0025330824680045,0.948873961157877,0.941201405150239,0.981474804047884,small,4
22,2025-08-13,0.00102740673185825,10.8833126535281,-0.00155995363354459,0.761849252409194,0.8564238060390246,0.9520266250887764,small,4
23,2025-08-13,0.00700075836477875,43.3304160485721,-0.00564799597457752,0.998936025606716,0.997476832528868,0.986618439397005,small,4
24,2025-08-13,0.00264545193360195,31.3776442341549,-0.00514537597305264,0.970070555877095,0.991404668328555,0.980168022014716,small,4
25,2025-08-13,0.01009147621511642,51.66921966660175,-0.00437245164946464,0.975341474078288,0.9925263482594496,0.8367727006735225,small,4
26,2025-08-13,0.00294967274040428,27.541041170069647,-6.7647216115924e-4,0.980191461630183,0.9876040460708724,0.03607348304433515,small,4
27,2025-08-13,0.00418724112265828,31.7912827792429,-0.00508839574661534,0.963850578940649,0.992455148425256,0.996027200044148,small,4
28,2025-08-13,0.00339056728364785,24.1064393833323,-0.00444098799092309,0.979067463418454,0.99973305954168,0.999288442320867,small,4
29,2025-08-13,0.00119953054751824,9.14592929684115,-0.00207586627504239,0.615344994313434,0.896921032755313,0.996464278326146,small,4
30,2025-08-13,0.00197601431183905,31.6621813322504,-0.00415880825683338,0.9580789572776064,0.9984760133129164,0.8701145267050185,small,4
31,2025-08-13,0.00448305102540547,47.3215826666393,-0.00471005031314809,0.962233096282746,0.981416240751735,0.989428163611384,small,4
32,2025-08-13,0.00270365162062547,29.2610020079806,-0.00456764083977918,0.958058280171959,0.993403212636374,0.850443689576773,small,4
1,2025-08-20,-8.719163890151175e-5,0.31278912319775565,1.010301718282215e-5,0.22708730329685195,0.6681882054738879,0.0022495581879629764,small,4
2,2025-08-20,4.5275975136135286e-4,-0.029638059764226163,-9.456123555689072e-5,0.9847385245143836,0.045649021286528105,0.1841160554158582,small,4
3,2025-08-20,-1.2620983853571532e-4,0.1823235287088422,-6.91076941872303e-5,0.25177103418308144,0.6503050367703244,0.5071823617872204,small,4
4,2025-08-20,-1.5307280348850173e-4,0.37458517823894605,1.4158354926981516e-7,0.6325789862094493,0.9707855569508427,5.944002105892478e-6,small,4
5,2025-08-20,-1.450084408767753e-5,0.2684168884983997,-2.358050727934035e-5,9.2349799889854e-4,0.6651041010049056,0.49123465331298544,small,4
6,2025-08-20,2.998949599615101e-4,0.2847422138579835,-2.1217555046106895e-5,0.31325979364036255,0.720437205002013,0.2471556110105168,small,4
7,2025-08-20,6.840881679398752e-4,0.033857480587303146,-9.097624393125634e-5,0.972506786650056,0.6725986705745074,0.9985946548331364,small,4
8,2025-08-20,2.9570859231571475e-4,1.5025337427972256,-6.955039400703339e-5,0.6119742228250574,0.8213684620810083,0.2787993285980968,small,4
9,2025-08-20,-1.802005528539339e-5,0.14187840964908296,1.1363814672885536e-4,0.0032911672090447704,0.9862701606215687,0.9922272654414823,small,4
10,2025-08-20,2.2547658829649226e-4,1.6574235327790212,-9.898340983212964e-5,0.23864668985296988,0.9626703626940016,0.7096060644343702,small,4
11,2025-08-20,2.838127865441465e-4,1.293421757221342,0.0011898648608601391,0.706838239722241,0.9433597075046074,0.7688432399279257,small,4
12,2025-08-20,-6.606183205839207e-5,1.6112660914193722,5.642035111465779e-4,0.0201126892839299,0.9954108702179375,0.9927708717072221,small,4
13,2025-08-20,1.5686747596790047e-4,0.9623065181920842,-2.431190468262419e-6,0.19262175150495345,0.9376509478556042,0.014433129330092375,small,4
14,2025-08-20,1.8091379040254082e-5,0.49205642148443385,1.4544165063872094e-4,0.005030413809553353,0.8644160717215197,0.9678687118274591,small,4
15,2025-08-20,-8.76287663506344e-5,0.48239331130250024,2.9829903205308504e-4,0.06861971105197362,0.9350167388777586,0.9979016509275539,small,4
16,2025-08-20,2.3490226914910068e-4,-0.271010134163862,-3.013477616946858e-4,0.18652494051588497,0.9083578072684487,0.9988306202963411,small,4
17,2025-08-20,2.4075840434529226e-4,1.4312186441521106,-1.4618333391401472e-4,0.8693731659038731,0.9221666278021197,0.8010602439192693,small,4
18,2025-08-20,-4.307322912633753e-5,0.5597772867640946,1.1443876287602944e-4,0.07767334511183284,0.7456191147455049,0.515527987252612,small,4
19,2025-08-20,8.71552454679571e-5,0.5007495074207126,-8.22991506844843e-7,0.05794105683557948,0.8550675236318672,5.891629449533326e-5,small,4
20,2025-08-20,2.900752573049204e-4,1.4763851889469215,-1.529639846987626e-4,0.7383957024054474,0.9801610920082866,0.7758454467289212,small,4
21,2025-08-20,4.1246427132328745e-5,1.164174357411627,-5.098219492880675e-4,0.11925880956346249,0.9181952484714774,0.9496995345033383,small,4
22,2025-08-20,-7.330096335438343e-5,0.5079739608701783,9.267683452627295e-5,0.2941184288782294,0.7686813615588459,0.9917990563546584,small,3
23,2025-08-20,-0.003922031881534968,0.838893455564329,3.723595105716219e-4,0.9074402094723206,0.9901319108956506,0.9899925531581026,small,3
24,2025-08-20,3.472350474141394e-4,0.8077105805262179,-3.212132160776069e-4,0.3235622544991314,0.9968009162799978,0.9982403566908724,small,3
25,2025-08-20,-1.0558538460201342e-4,0.8336687991166557,6.091610771659347e-4,0.01565480499588112,0.9721899297046555,0.9336565525606834,small,3
26,2025-08-20,6.715316924011599e-5,0.6771813980573886,7.330741198007677e-5,0.041727975376167806,0.9261293596633775,0.9997403189199757,small,3
27,2025-08-20,5.151144985618528e-4,0.430625025258905,1.0568006206644514e-4,0.9926408946098497,0.9040729297043557,0.3973459788944518,small,3
28,2025-08-20,6.933846729494004e-5,0.15406423228621405,1.5481851895285577e-4,0.3255053155209378,0.7003501821569104,0.2495397594507125,small,3
29,2025-08-20,2.9345763873787087e-4,0.5044089087849442,-2.102378184435596e-4,0.3151109155533575,0.9708781577528652,0.21279421649019478,small,3
30,2025-08-20,1.652066974502435e-4,0.030142017848729663,4.641980247781656e-4,0.08290040399623955,0.009684214206258823,0.9991392556967676,small,4
31,2025-08-20,-1.5213877145261762e-4,0.36824314364915184,-1.8795861354368762e-4,0.7158647209129145,0.8377889777956223,0.24093755259766209,small,3
32,2025-08-20,1.589539761584926e-4,0.4424965901444478,1.1398532402330733e-4,0.9682683090361337,0.9858872579282637,0.3901524657265302,small,3
1,2025-08-26,0.0019831930936501157,25.116531179494302,-0.008461897967839652,0.9556246569826087,0.992460140491465,0.9827515316286526,small,4
2,2025-08-26,6.986975940784598e-4,16.723778229806086,-0.009737096161416688,0.7972177603872742,0.9702512066134258,0.9962652230537491,small,4
3,2025-08-26,0.003112870235648456,27.72826417465376,-0.006367988091799244,0.9517419862342523,0.9721011121223803,0.8853526986176946,small,4
4,2025-08-26,5.72761507947215e-4,9.257864261431536,-0.0034382488364792614,0.2956738648987241,0.9890422029342534,0.9902589198994356,small,4
5,2025-08-26,0.0022949639921706626,26.037071810466287,-0.00775780017276326,0.942251574683486,0.9625265090624646,0.7474569483659331,small,3
6,2025-08-26,3.120230116702742e-4,9.085962392478093,-0.008019191736787074,0.897016868992044,0.8593397354513453,0.9035499075982757,small,4
7,2025-08-26,0.0023738755569077995,25.852082897944427,-0.002526451958517295,0.929538178209842,0.9086011640299987,0.8484196757104684,small,4
8,2025-08-26,3.861440553184478e-4,7.582155954257589,-0.002679254971070033,0.5141757816645722,0.9906154979882953,0.8911573432013841,small,4
9,2025-08-26,-2.630007507052756e-4,4.713327776897204,-8.705824987563205e-4,0.9220095643251989,0.8151458285955707,0.88221121197389,small,4
10,2025-08-26,-3.774591601476789e-4,3.1405496695610635,-0.0017805985993071026,0.9476494478854541,0.8897063535002205,0.9811127068375238,small,4
11,2025-08-26,8.61721425645584e-5,0.7496778571103844,3.3127004272031187e-4,0.031574631009349034,0.7835296053646449,0.24625536378129778,small,4
12,2025-08-26,0.0012448625713013123,12.36266593921632,-0.0027011568257711838,0.9946678837728671,0.9755443246097338,0.9821568609658577,small,4
13,2025-08-26,0.0036245072735944144,33.637279499999664,-0.0034875280265346483,0.99128585240188,0.997707692176523,0.9986304521159605,small,4
14,2025-08-26,5.037087844686966e-4,10.386946962860291,-0.001469201892205637,0.6797471493117039,0.9535046770319695,0.9844963356486619,small,4
15,2025-08-26,0.0024247560459829654,28.055078443826037,-0.0027302972265913425,0.9829046879577541,0.9979826954040839,0.9987753782672443,small,4
16,2025-08-26,0.002056511065569309,19.482883702500533,-0.0027340225848367324,0.9598184778659833,0.9660890875533522,0.9872595569300273,small,4
17,2025-08-26,0.003912578319896731,32.54728610555444,-0.0051850162986959,0.9978739093917223,0.9988625234066901,0.9931009445107596,small,4
18,2025-08-26,1.172818310931323e-4,4.904132210598522,-0.0014261681711004097,0.04778974176985176,0.9881971013332896,0.7613441833042863,small,4
19,2025-08-26,0.001625319390738618,18.114486985699916,-0.0010147523836350086,0.9512776869546589,0.9972566916238024,0.9714216160787283,small,4
20,2025-08-26,5.131132323683652e-4,6.720584154459273,-0.0012796413839629398,0.9517939347113683,0.9194410003302566,0.9718764013663591,small,4
21,2025-08-26,0.0018845551378964519,21.03458621060391,-0.003158515597170346,0.886361141996119,0.9712490589372679,0.9835046935389784,small,4
22,2025-08-26,7.306555052096572e-4,12.71709406237534,-0.0031883692059377945,0.839452363045279,0.9974027147217669,0.9941388483968402,small,4
23,2025-08-26,0.00568095795336739,46.13915381472809,-0.005241960498531361,0.9971054867273437,0.9914331801867444,0.9940425260724084,small,4
24,2025-08-26,0.0011527773264962764,16.265903640621122,-0.002789582782801006,0.9931664304544545,0.9980968830658172,0.9970936054364419,small,4
25,2025-08-26,0.004583898747801584,43.67713387875667,0.008620488165015277,0.8976007243216609,0.9558314762997115,0.40072259721377895,small,4
26,2025-08-26,0.0011785821240705879,16.90080910819802,0.008253589443476997,0.8915116065488788,0.7831381607782149,0.8017005794625252,small,4
27,2025-08-26,0.0023707292580346516,31.510808020836244,-0.004392706241178057,0.9923491238502004,0.9685545807901325,0.9740838658946651,small,4
28,2025-08-26,7.522677292635146e-4,17.160508159485502,-0.00356815042830308,0.9532048907179879,0.9743808891864182,0.956754891932886,small,4
29,2025-08-26,0.0013605435071168015,16.385217236051208,-0.0016273756762054607,0.8779588187639256,0.9292098460560962,0.934140267594736,small,4
30,2025-08-26,9.680027245588955e-5,8.463212824012555,-7.1651782547697e-4,0.0721603121559452,0.8221084103051083,0.48723342684740484,small,4
31,2025-08-26,2.2915867704299174e-4,12.9293043164591,-0.0013081711477786469,0.6027595073193851,0.9665403173970041,0.9858890478535214,small,4
32,2025-08-26,3.2262028381617e-4,13.810061816050588,-0.003175698233043747,0.4539731489375161,0.9478330339619832,0.966313131986455,small,4
1,2025-09-12,5.334334348229498e-4,17.134471448999438,-0.0011866600728075367,0.7348435543855679,0.9432280919940997,0.9072002704095407,small,4
2,2025-09-12,6.984021866058262e-4,13.49826600938858,3.6203772587133646e-4,0.9824143853893038,0.9236377571853482,0.0056608968130941704,small,4
3,2025-09-12,0.0024688310119389753,24.865445663869277,-0.005649463223331423,0.9063231185103547,0.9166694094526582,0.8968999585498634,small,4
4,2025-09-12,6.800318358036252e-4,5.678015169515421,-0.0019768212877237564,0.8656326322916365,0.8906107809489688,0.7065236628602252,small,4
5,2025-09-12,7.618508983844457e-4,17.8509414509606,-0.0053858743965152925,0.7704505117402273,0.9324471384346631,0.8982997620916029,small,4
6,2025-09-12,2.5849195924045596e-4,13.234130835321213,-0.0064196534670889595,0.6784935028560558,0.9994244887966522,0.9911412716710463,small,4
7,2025-09-12,4.1228243079266015e-4,8.210467607360966,-0.0013407127236823872,0.4595533670145807,0.9244379590440366,0.8531313675944447,small,4
8,2025-09-12,5.921369710990023e-4,6.4055862686087295,-0.005595486747437852,0.7174592053514707,0.9726309963686691,0.9751591623343527,small,4
9,2025-09-12,0.001470966354911377,44.693499542201145,-0.003961514633907418,0.9960600222736531,0.9975980304937516,0.9744573411105346,small,4
10,2025-09-12,1.8347420404429536e-4,22.18983134019606,-0.003100676909935156,0.619532709233621,0.962991902479755,0.9454948144256806,small,4
11,2025-09-12,0.002329752438851915,45.90721284342588,-0.003866717322541978,0.9918534349765609,0.9899302937578989,0.9785418265688075,small,4
12,2025-09-12,3.589543273061018e-4,17.994673170287562,-0.001886368220822803,0.49178781335030447,0.9736177931369341,0.9282856268863648,small,4
13,2025-09-12,0.0035871568597592657,59.56633851428375,-0.004932165861481983,0.9932513793366929,0.9905318501742868,0.9929446223770126,small,4
14,2025-09-12,7.476798668940326e-4,16.763803230707364,-0.0019521557920140732,0.875420699598002,0.9927312116682278,0.9995099508943965,small,4
15,2025-09-12,0.00149331602054116,21.720860322804906,-0.001776694622750673,0.8979481300508924,0.9969863759703397,0.9910301450418683,small,4
16,2025-09-12,0.014448951032830771,21.7045729776334,-0.0025299239194914004,0.9822740853826384,0.9842469584205548,0.9949330934101593,small,4
17,2025-09-12,0.0033731819410762697,39.753337624347616,-0.0035371416852886268,0.9970610037857544,0.9988993351945213,0.9915917334665536,small,4
18,2025-09-12,3.077443968618532e-4,19.123662112443885,-0.0027840487930329283,0.9395563372893878,0.9904935620908898,0.9853709469143793,small,4
19,2025-09-12,0.00411234342444557,55.876971380405536,-0.004765099871805585,0.9980631218096686,0.9994026743224201,0.9992481651536751,small,4
20,2025-09-12,0.0017136818281919112,32.50701500005341,-0.003361558620669267,0.9837417589084673,0.9928601671783949,0.990387668717528,small,4
21,2025-09-12,0.002256310570002128,46.48327091565024,-0.004031466476053231,0.999666305416125,0.9999780114550869,0.9998155549908135,small,4
22,2025-09-12,5.751969818326687e-4,12.60916435649964,-0.0015899762361942277,0.8243718773039731,0.9747703156206532,0.9699589356241208,small,4
23,2025-09-12,0.002111038681359376,24.799587582867282,-0.001851523064994657,0.9973877456484901,0.9923515199022637,0.953841274451311,small,4
24,2025-09-12,0.001488684034613295,12.97937510321925,-0.0015574048667602845,0.983721386736666,0.9944684667711345,0.9906192709129016,small,4
25,2025-09-12,0.0030879907496117525,30.43536578510452,0.002661723536155639,0.9663598986840904,0.9981977737453447,0.2928683142751121,small,4
26,2025-09-12,0.001716154116855859,19.832083744884304,0.006228865714587146,0.9521215416806937,0.928070346948368,0.5698898623984354,small,4
27,2025-09-12,3.6761139796961543e-4,15.353661571014705,-0.0017986826278908318,0.49077527207341554,0.9697880677320625,0.9535256649844706,small,4
28,2025-09-12,5.60741011665457e-4,16.936606886478632,-0.0018639195540614635,0.7604215460107426,0.969770344862483,0.9139331315755279,small,4
29,2025-09-12,0.0037267192871246143,41.338479395051834,-0.0035222862121777375,0.9989422599376349,0.9968916028088819,0.9962290727163051,small,4
30,2025-09-12,0.0020515760787577593,26.00779223052742,-0.002471375296276482,0.9894957558691435,0.9911450031829144,0.999437298472964,small,4
31,2025-09-12,-1.5414955239157223e-4,11.756138752515882,-0.0012088235793594514,0.23224484275028143,0.9430955773689063,0.8636090933710843,small,4
32,2025-09-12,0.0010301135121876502,24.526778062659613,-0.0032585159648818524,0.9208400165940501,0.9664556970926018,0.976720392415622,small,4
1,2025-09-25,-7.843444103712886e-5,5.183475852278405,-0.004627824622280794,0.21124475436557197,0.9053411755893318,0.7207868432674349,small,4
2,2025-09-25,1.5747219757264027e-4,14.098309486195769,-0.009478534543121074,0.17899322376888332,0.8848315822923843,0.909346669566243,small,4
3,2025-09-25,0.001476027865547473,32.012647711727695,-0.009161458856855471,0.9573099771008915,0.9955013772382442,0.9789620346234384,small,4
4,2025-09-25,4.926504823640372e-4,13.408011488101566,-0.008693215298033439,0.9798875506495384,0.9978100582189068,0.7295438980368272,small,4
5,2025-09-25,0.0014896676247838712,28.387959848340504,0.005167793051184274,0.9765328862941023,0.9449524795354078,0.26211888235833863,small,4
6,2025-09-25,1.8429992574519127e-4,18.016074102424376,0.0013034433535687982,0.3138508168164436,0.9391455778335637,0.12906352573562957,small,4
7,2025-09-25,0.0012702958074217582,31.459519094634395,-0.009575896894456171,0.8649706709283187,0.970885532446561,0.9859471969824418,small,4
8,2025-09-25,1.723932459752072e-4,11.624840523814546,-0.007695659650469202,0.1893971238794001,0.9885338765167897,0.9636581705012349,small,4
9,2025-09-25,6.13986000654275e-4,35.804127963289275,-0.00373481712469527,0.7219245737613483,0.9851218494547626,0.976269724806641,small,4
10,2025-09-25,3.465649222816995e-4,27.68842919569321,-0.0041232147954971534,0.9099439354270399,0.9999400989936632,0.9892208111731912,small,4
11,2025-09-25,6.89405567346905e-5,15.190034184358868,-0.0013898171411504973,0.25057863417783377,0.9115504090067315,0.8910440349566892,small,4
12,2025-09-25,1.651474744846097e-4,19.660673809678258,-0.003656932714036762,0.8137542486031948,0.9996556986309285,0.9985581007768921,small,4
13,2025-09-25,2.4025179725526279e-4,16.51943597111847,-0.0019127636511140625,0.47127559121383006,0.9492186102572823,0.9534504019805259,small,4
14,2025-09-25,1.096106890081276e-4,20.404514073700888,-0.003888689533408255,0.9109569465778689,0.9710611691562447,0.9767304582527301,small,4
15,2025-09-25,0.0013002168239112778,33.98859596036736,-0.004113502773083606,0.9360571756184086,0.9656327166161663,0.9762962773896677,small,4
16,2025-09-25,0.0038442596960652367,19.35881896801657,-0.002455039107917543,0.9752081578212831,0.999541579358903,0.9860803055464871,small,4
17,2025-09-25,0.0014731565809675239,44.662908250922506,-0.004704264293087638,0.9434104552905054,0.9927876728362643,0.9883120502037038,small,4
18,2025-09-25,-1.841836344403092e-4,18.499905814366862,-0.0036885459018094016,0.5518430663088977,0.9972875312549264,0.9783524928894347,small,4
19,2025-09-25,5.121574145937213e-4,26.291951372555783,-0.0024013910843446243,0.767927624207832,0.9999641345245567,0.9980572378025644,small,4
20,2025-09-25,1.1897158174033812e-5,29.77515745798457,-0.003144340034287676,0.0016458469132780062,0.9950120591035748,0.9817816520124623,small,4
21,2025-09-25,8.911279626896109e-4,41.01661803091007,-0.0037634946218957793,0.9724637874590728,0.9568343292550071,0.9751000616478254,small,4
22,2025-09-25,2.8524315744850705e-4,22.596879234419887,-0.003263623646186081,0.8806344004295318,0.9432578739969313,0.9425748339880586,small,4
23,2025-09-25,0.0011110885135733463,29.4005818257587,-0.003228775526950117,0.9833288814616328,0.9957616555915113,0.999512034501532,small,4
24,2025-09-25,3.208293905545793e-4,11.08776884738548,-0.0022749562884665647,0.8401270200304005,0.9712883421569672,0.9802528782816493,small,4
25,2025-09-25,0.001098079168130483,28.31140550552506,-0.003884558358815322,0.9514423442158184,0.9985815977053123,0.9988790456261494,small,4
26,2025-09-25,2.2529775340736093e-5,12.415269762618452,-0.0023061749838685828,0.002302837751914883,0.9803653620657259,0.8638124379884757,small,4
27,2025-09-25,0.0010015292617621561,22.451470688946788,-0.003286489963103255,0.9606549462574284,0.9929988244435026,0.9940232349164763,small,4
28,2025-09-25,4.909866377055455e-4,18.25255507945009,-0.002867902516271291,0.7130484814355278,0.9791556449596396,0.976147262934825,small,4
29,2025-09-25,0.001010627761021,23.669018545051813,-0.0020314547326092955,0.9659077817076105,0.9835052982916307,0.9805091870522488,small,4
30,2025-09-25,4.294211225609453e-4,11.502169382133527,-0.00258512514965157,0.6462737868546573,0.9672215357090237,0.956517184205291,small,4
31,2025-09-25,6.495891802629514e-5,16.445486235163653,-0.00193481845761274,0.017837345859298272,0.9948144837227312,0.9888935688071926,small,4
32,2025-09-25,1.610349597538807e-5,34.85287203204799,-0.003922474672440757,0.0035600790463628158,0.9923839625608675,0.994449432646918,small,4
1,2025-10-15,4.020611694777721e-4,13.93946471380799,-0.0029027446571546285,0.7698627748925342,0.989334448378922,0.9961372985892067,small,4
2,2025-10-15,5.868232586741703e-5,11.163450863944416,-0.0024577314316368637,0.014261353729410491,0.9930826524478968,0.9909361126125636,small,4
3,2025-10-15,0.001104689395786253,15.757571730652899,-0.002231432117015307,0.8968286006094752,0.9899446956346519,0.8763723039946099,small,4
4,2025-10-15,1.7510302260740281e-4,8.520084666724822,-0.0018065058191547463,0.46132945142545456,0.9995734122269098,0.9971854949204473,small,4
5,2025-10-15,2.753808001371846e-4,15.678664299094283,-0.001967786871441983,0.9971429152218179,0.9856674430313327,0.9901295062084482,small,4
6,2025-10-15,-2.6088968046920517e-4,11.278996142813698,-0.002135975105166874,0.2645916133365274,0.9950599962236931,0.963486452307548,small,4
7,2025-10-15,7.906308353249053e-4,24.97986792346023,-0.002037675497991885,0.9797072806414121,0.9904752994196205,0.935590211552654,small,4
8,2025-10-15,1.9019453967113208e-4,9.487075509885907,-0.0027823483502898236,0.21387160541152636,0.9973802377120775,0.9530825170603588,small,4
9,2025-10-15,-1.800736501516316e-5,8.861137291635696,-8.695182015478765e-4,0.012770739606683321,0.9732547690914005,0.9929655625594348,small,4
10,2025-10-15,-1.7636871539127816e-4,6.880425975042816,-0.00101084982366667,0.5695545613001033,0.9214767750359446,0.7977766896477074,small,4
11,2025-10-15,6.689529143568862e-4,14.51509121840202,-0.0027612999744077867,0.8555987520363323,0.9777623345852643,0.9845413158526226,small,4
12,2025-10-15,3.5592568236208013e-4,11.516377618838037,-0.002742299473808151,0.9380476596853133,0.9878709152961498,0.9943102854921955,small,4
13,2025-10-15,3.357208367848615e-4,13.070809773075124,-0.001328211603818943,0.29852921450061276,0.9990919798451232,0.998588995829391,small,4
14,2025-10-15,1.0001031353281676e-4,6.97578719754216,-0.0012998787838995204,0.07646184536118684,0.9787239457386497,0.962136972823705,small,4
15,2025-10-15,9.742637015574652e-5,13.82323985937848,-0.0024035691215154743,0.09967160710568794,0.9916312775396321,0.9764492871823837,small,4
16,2025-10-15,1.297209984652111e-4,14.229620232627106,-0.0014351728991779096,0.24733434303649796,0.9980404363871636,0.7948473899039349,small,4
17,2025-10-15,4.443113409802073e-4,15.378582997950371,-0.0021870147712481727,0.8672195484396522,0.9939589348373612,0.9870692693929628,small,4
18,2025-10-15,5.70542390240636e-5,5.217370774411042,-9.262258628819354e-4,0.26219802579053825,0.9957552630863223,0.9876332942155245,small,4
19,2025-10-15,1.7636926087673943e-4,14.291798384255793,-0.0018267613551565872,0.4642712656790017,0.9982011264057844,0.9905631327338474,small,4
20,2025-10-15,-8.673260017876196e-5,14.178704888786053,-0.0023901276369981163,0.14459324610561214,0.9896485099223581,0.9779406367450524,small,4
21,2025-10-15,3.588682415091664e-4,13.261718207862149,-0.0016381793202264801,0.6678361014468787,0.9961175595470226,0.9981702336470313,small,4
22,2025-10-15,1.754891458117432e-4,11.348257410774297,-0.0016619241739392742,0.2164769994620456,0.9844744009743035,0.8947590062918961,small,4
23,2025-10-15,2.410225760811447e-4,16.162067473931955,-0.001571668960309983,0.5001229607178007,0.999501517567717,0.9830119917321692,small,4
24,2025-10-15,2.877967099462087e-4,9.308596489144655,-0.001523530402244949,0.7983624816552874,0.9990948579300115,0.9989686477695552,small,4
25,2025-10-15,0.0015983922094697375,19.096728890435404,-0.003534196621011556,0.9306816511625121,0.9828363026297587,0.9210372405120512,small,4
26,2025-10-15,4.5794536007666844e-6,6.660664787293227,-0.001699608098210443,4.003252709140473e-4,0.9874980721557233,0.878122848877981,small,4
27,2025-10-15,2.7879975944906064e-4,14.083434216952345,-0.002136280240974576,0.4338964302631818,0.9986995510524855,0.9986539115724327,small,4
28,2025-10-15,1.0006838032763514e-4,6.882860675204272,-5.861929084100838e-4,0.10643560457530596,0.9982054599401514,0.8293302094438687,small,4
29,2025-10-15,1.6317020084044863e-4,8.502200256770752,-8.03955235540291e-4,0.33854674128527634,0.9410655399027062,0.5379542596377788,small,4
30,2025-10-15,2.0294376044167176e-4,12.571786881243726,-0.002583846016396194,0.34944159679663417,0.9501563022372455,0.9980392899833757,small,4
31,2025-10-15,-1.757854205910784e-4,15.769637771380573,-0.002374635059273966,0.7247747854612497,0.9984684480901759,0.9391695310552747,small,4
32,2025-10-15,-2.6599281286226355e-4,11.595371016745808,-0.0016616783396881615,0.29756503811064317,0.9985814395941941,0.9880049092455289,small,4
1,2025-10-21,1.7802735143502174e-4,8.812058777717462,-0.001365621609065168,0.4873824899957684,0.9879418109502166,0.9595905227144239,small,4
2,2025-10-21,-1.1095098122237822e-4,9.40896309255264,-0.002331108361679858,0.7727513944979454,0.9931701504008473,0.9743071380989767,small,4
3,2025-10-21,4.15024640504426e-4,12.406942775468616,-0.0021286877376487942,0.9307551449005055,0.982768633738161,0.8825717177177269,small,4
4,2025-10-21,3.7953580092227795e-4,11.408409445196066,-0.00233907429900692,0.914054489072317,0.9551596565280759,0.9539427372341526,small,4
5,2025-10-21,3.206144885869241e-4,10.250207146380527,-0.0013089792155902558,0.5835869646072217,0.9101847566067851,0.8505092006554649,small,4
6,2025-10-21,2.301161650578068e-5,15.8230094823872,-0.0030272827841447266,0.004227175688779713,0.9790339703242193,0.9841780832363693,small,4
7,2025-10-21,4.670646090001599e-5,10.218011512533879,-0.0017338407458717363,0.021444286805120085,0.8967690457843648,0.9471140539205248,small,4
8,2025-10-21,-3.282720194470142e-5,7.1098362274727895,-0.002719049199738031,0.06401824389557355,0.9673116052916308,0.7344134982875384,small,4
9,2025-10-21,4.676363698125475e-4,21.287867758250403,-0.0030918454211854166,0.8658191091694406,0.9940229745168703,0.987929821591352,small,4
10,2025-10-21,1.730155134017893e-4,7.499716002627827,-0.001649989512638873,0.4162166191236115,0.962448210121531,0.9575728999547101,small,4
11,2025-10-21,4.3720183756794807e-4,6.9184729290964855,-7.611021849009822e-4,0.571254464380114,0.9850370864469772,0.5184108738321975,small,4
12,2025-10-21,1.2596976516887778e-4,13.062070224542909,-0.002149993956954338,0.28951004345469233,0.9779675571526248,0.9875497815782086,small,4
13,2025-10-21,1.61859403218525e-4,13.171372035009599,-0.0016988924914820562,0.12874433874048008,0.9517241096830291,0.9594741801578134,small,4
14,2025-10-21,1.5444468685566078e-4,13.996942845473942,-0.0027215879639325875,0.09844657984337463,0.9642757236634166,0.9700895618949837,small,4
15,2025-10-21,3.7422950302007753e-4,21.72329602599293,-0.007395126660312932,0.6892159606177848,0.9561903991008509,0.8565207440473724,small,4
16,2025-10-21,3.584391104497413e-4,4.759376179108331,-2.904361465110364e-4,0.2911419068926933,0.957599702309466,0.031426219912793374,small,4
17,2025-10-21,5.957226407949771e-4,20.442117474286608,-0.002919865877400862,0.7850045420559866,0.9995272030563835,0.9987936377132334,small,4
18,2025-10-21,-3.642367619581442e-6,10.038299818417704,-0.0016100207652054387,2.4724380991553955e-4,0.989416180386468,0.9799122331928409,small,4
19,2025-10-21,-4.152981645107446e-4,12.837201650271277,-0.0019940910576189217,0.6074491180170303,0.9982617871073605,0.9684268564035843,small,4
20,2025-10-21,-1.0501854246792955e-4,14.637367812786417,-0.001705663132148748,0.2404157118691181,0.9999649711161631,0.9551977357001394,small,4
21,2025-10-21,-7.74904202282957e-6,18.56461841658115,-0.0026592877280033162,1.829180591772477e-4,0.8993065085316402,0.9151621217162644,small,4
22,2025-10-21,-2.7643595304027127e-4,6.914070934561619,-0.0015153008512056709,0.4532187516066239,0.6829920832525221,0.38388019055050776,small,4
23,2025-10-21,0.0011675633305108031,25.71339147305994,-0.004296994573473636,0.9463272384205764,0.9957415049132693,0.9896387733163657,small,4
24,2025-10-21,2.8980194985928526e-4,9.613652771407752,-0.001635387576774245,0.2408821340737284,0.8792030712844111,0.8480628493730501,small,4
25,2025-10-21,4.829800492631561e-4,17.027705957287015,-0.0025923134160140415,0.8488526949000195,0.9934657815773105,0.9003738886792846,small,4
26,2025-10-21,-1.9106202932407023e-4,14.351691611594376,-0.003531644512647864,0.3794834032353637,0.8581729328662595,0.9126318959145217,small,4
27,2025-10-21,1.164183425155141e-4,16.445634485707746,-0.002209190192329634,0.24147893338823972,0.9353953715993861,0.947015538842961,small,4
28,2025-10-21,5.582906678597985e-4,12.049510701442394,-0.0021223708541842972,0.9754749987004571,0.9963298010867467,0.7721608590785773,small,4
29,2025-10-21,3.365293803476988e-4,3.78715310901522,-7.834042083382305e-4,0.5743994680303856,0.9782393706576196,0.43516227967851584,small,4
31,2025-10-21,2.904019626154379e-4,34.3538797624143,-0.007511092784940015,0.9026350522461181,0.9873271706035606,0.9859545171664199,small,4
32,2025-10-21,-1.2390304148105714e-4,11.339747189445463,-0.0022602256242414856,0.5197789222705793,0.9151802306070073,0.9231291577139854,small,4
30,2025-10-21,-1.1943392266110153e-4,11.947645474689422,-0.002319542494861817,0.12099054694668769,0.9970418612908731,0.9763580141069483,small,4
1,2025-10-28,-1.6705279462586983e-5,4.207863100631315,-5.127953394394543e-4,0.0030327549391084125,0.8666990998782874,0.9526693337762869,small,4
2,2025-10-28,2.8523838757022504e-4,4.008325017657662,-4.508105918110298e-4,0.3600540041574858,0.8757792002798822,0.8539246833718269,small,4
3,2025-10-28,-3.8413620424654723e-4,7.56744794683852,-0.0023675956433672008,0.6554652030607143,0.9800539015331343,0.8159723184713573,small,4
4,2025-10-28,1.5430460741013325e-4,6.929626561977058,-0.001016509210297964,0.3226987144958815,0.9020406119570515,0.6976231473078024,small,4
5,2025-10-28,-1.0886207825991854e-4,2.708371446949338,-0.0014728289432393879,0.2585619919776918,0.8642795395095387,0.8804999383446709,small,4
6,2025-10-28,3.973166837774046e-5,1.3957041630295468,-1.940096610582032e-5,0.46142587831599696,0.6909566161625363,0.016207096471838444,small,4
7,2025-10-28,6.186127073711136e-5,6.648131027770003,-0.0027357312243353965,0.3099201451310904,0.9837380791874902,0.9755811977261721,small,4
8,2025-10-28,8.244638516758942e-5,9.493782141322374,-0.0010513873729128184,0.09653418699724674,0.8045114259925399,0.6810872968822798,small,4
9,2025-10-28,-1.1905222972830323e-4,9.12883224333037,-0.0018237295506045358,0.10262701694337208,0.8986098270670317,0.7335500013921976,small,4
10,2025-10-28,-5.942064813060812e-5,3.8992709564039254,-0.0011535043747400075,0.013298823927268288,0.9388442514215918,0.6621183493700294,small,4
11,2025-10-28,3.8033143354691514e-4,5.8707420553594885,-0.0012691830145611506,0.9878478905000931,0.9970758761406526,0.9879684235582605,small,4
12,2025-10-28,2.8653899611876226e-4,7.181349140677801,-0.0020097322902088645,0.4802370115354665,0.9903229602735497,0.9854398465530776,small,4
13,2025-10-28,-1.697126884623727e-4,2.988133320019218,-9.914025174611399e-4,0.41970120770391456,0.998213900320298,0.9796257481581832,small,4
14,2025-10-28,5.482267718740275e-5,6.770077280517026,-9.511837693406023e-4,0.02606889991723307,0.8799667886774124,0.792726017729666,small,4
15,2025-10-28,-3.279648430128881e-5,6.670651595418701,-0.0012401791757550267,0.04922259274913155,0.9961914929847986,0.8877589086726545,small,4
16,2025-10-28,-1.465069357248528e-4,4.773930163842346,-0.00124329366522223,0.23158556528767849,0.8091407765269516,0.9917050052010418,small,4
17,2025-10-28,-1.7738224416238962e-4,8.672216295103324,-6.908172333978514e-4,0.6883034295992209,0.9605719838691753,0.1238469963821213,small,4
18,2025-10-28,-3.5098119102782674e-4,10.612802265042449,-0.001424041025915344,0.5602076450411659,0.9558736809855346,0.9349705239703687,small,4
19,2025-10-28,7.327454521444566e-5,10.317935887522458,-0.0017950697230798105,0.07074068597872712,0.9925470290132596,0.9743271079752166,small,4
20,2025-10-28,2.1184003417091374e-4,8.530550911346875,-0.0019023893842342215,0.8363426316355107,0.9319943712664088,0.7916763630976763,small,4
21,2025-10-28,1.225834864845421e-4,6.084711489851471,-0.0033326764858478226,0.16379992547648994,0.9036142763307272,0.7741306418148671,small,4
22,2025-10-28,1.5382810613692992e-4,5.9375203271278565,-0.0020325142511916526,0.24850693822530706,0.9477538049427617,0.966216819024395,small,4
23,2025-10-28,-1.1204777213298379e-4,8.586981768001701,-0.00277167476158238,0.14472116013754394,0.9601409710123423,0.9734680231251128,small,4
24,2025-10-28,3.134700624516818e-5,4.562485521553149,-9.750172905959195e-4,0.08333724542505427,0.7886964247026743,0.7897906294750277,small,4
25,2025-10-28,7.98792074434888e-5,10.069786587574503,-0.001409024913763304,0.5210442796643872,0.9955059952433377,0.9991148580297257,small,4
26,2025-10-28,-2.493002747647744e-4,4.441033353579133,-8.878821146450378e-4,0.47488377412762406,0.842719256067233,0.6964435665942356,small,4
27,2025-10-28,-8.479466169816284e-5,10.152391708277623,-0.00239762904370861,0.16897120852663922,0.9883805872267971,0.9882800709282547,small,4
28,2025-10-28,1.307395805080524e-4,0.2775989759009856,-0.004322093631929288,0.2797735304006345,0.9308268215808223,0.28076101725930114,small,4
29,2025-10-28,3.6124239817572276e-4,0.46244500370731456,6.821750646428313e-4,0.6299106216220942,0.7770422158458905,0.03842604163796542,small,4
30,2025-10-28,6.332227819155103e-5,0.30429684642463456,-0.0013943069386127861,0.31678217093022754,0.7888949686032215,0.40152152261869883,small,4
31,2025-10-28,6.269687698476073e-5,0.15384848579783672,4.360476539044494e-4,0.05520751484047025,0.7167025803639023,0.026811640242513514,small,4
32,2025-10-28,1.2139623661873898e-4,0.31401383665438826,-0.0016206118288159392,0.16934711118042475,0.9948635302002546,0.9980698031777572,small,4
1,2025-11-11,-2.918618385795776e-4,10.793203498617327,-0.0017762835539304926,0.49032937369782287,0.9953799804499971,0.997054256785787,small,4
2,2025-11-11,2.8038576609430287e-4,25.162502876660483,-0.0029194886571164372,0.8142455373080874,0.9971762119471891,0.9960686413961958,small,4
3,2025-11-11,3.4890966213299724e-5,8.187086386536334,-0.0014075172070427066,0.005667623786901475,0.9860066020019816,0.7010525996518977,small,4
4,2025-11-11,-2.3792455949722978e-4,24.316802089304943,-0.0022208052526254112,0.8810171112059129,0.9997335905606718,0.9889064548504173,small,4
5,2025-11-11,0.00013622801386072567,12.01815052430342,-0.0016981082867660769,0.1795678164452658,0.9995014211269843,0.9961979177022902,small,4
6,2025-11-11,4.695644792679381e-4,8.558314377464578,-0.001867024044396075,0.5572826678770754,0.9338699698155969,0.9777200571155176,small,4
7,2025-11-11,-3.1791492079722875e-4,16.214538109856452,-0.002101130106181065,0.8366541206448124,0.9931708485729536,0.986052375238217,small,4
8,2025-11-11,1.094842082059522e-4,21.902326733842028,-0.001764992739727755,0.13711780896257383,0.9999520800268981,0.9157177609111464,small,4
9,2025-11-11,-2.8105073504279754e-4,11.214056022105801,-0.001258999513970712,0.5150591359781262,0.9896289141470672,0.9814292181169747,small,4
10,2025-11-11,1.081013265939864e-5,15.048901282022783,-0.0021230455250982297,0.0035445164921242243,0.9528562050843571,0.9630599252784171,small,4
11,2025-11-11,1.3019588795798088e-4,15.246130543928162,-0.001659019870341657,0.8714808532291064,0.99724677010792,0.966963162657937,small,4
12,2025-11-11,-2.3175576360000193e-4,5.98766222926736,-0.00364999167134035,0.7693009781477377,0.9061196354915243,0.9919291991740372,small,4
13,2025-11-11,4.6496480380646696e-5,6.1727704606676594,-0.0025396584936632637,0.181366297229563,0.9848126929406325,0.9913807396796348,small,4
14,2025-11-11,-3.3600650140478776e-5,10.747526780499589,-0.003809502989946552,0.01032507209748181,0.9932915595504518,0.14695184013725593,small,4
15,2025-11-11,-4.797000159431076e-4,19.119781657790057,-0.0024128649376247095,0.6048667324955336,0.9999169573706385,0.9955655509906436,small,4
16,2025-11-11,3.008549218724888e-4,19.39452438047974,-0.0022588564597692106,0.8482766609731744,0.9828464712764552,0.9909804438333312,small,4
17,2025-11-11,-1.357190275456688e-4,12.025213358309014,-0.0015783728631228186,0.9246881154504947,0.9970893161366807,0.9311313850249638,small,4
18,2025-11-11,-1.4605025284371466e-4,17.75614073852755,-0.0018889600667597985,0.2097354134737672,0.9959876010394141,0.9653023842137548,small,4
19,2025-11-11,0.005001046086382874,23.965837105616647,-0.018690903901603884,0.861221484981938,0.9484247593796501,0.7718422341428544,small,3
20,2025-11-11,9.696319372561216e-4,20.800178451727962,-0.003188475782328695,0.9395296926212102,0.9996443570450976,0.9864585315281934,small,4
21,2025-11-11,3.298464846370309e-5,12.302458900360707,-0.0020982785925784007,0.06241723056301891,0.9945490050752972,0.9915939188560695,small,4
22,2025-11-11,-1.6741565239326132e-4,18.465764973152723,-0.002058919047220585,0.7040353260932074,0.9868298235266976,0.978777874726709,small,4
23,2025-11-11,-1.1142226250469755e-4,14.2457519564161,-0.0014826082428689112,0.10596036446366308,0.9984751158343815,0.9837968455777115,small,4
24,2025-11-11,-9.034881224723775e-5,19.864461101396422,-0.0023386363761404762,0.059115127900257664,0.9989226329843037,0.9798476176700212,small,4
25,2025-11-11,1.4278407452848957e-4,15.648060120701249,-0.001900373457527778,0.12240370854241339,0.9992530801644443,0.9883586402589429,small,4
26,2025-11-11,-3.345112619324909e-5,18.711392976482866,-0.0018220663052442396,0.030509723422702417,0.9983931547201037,0.9899653261107325,small,4
27,2025-11-11,-8.268520342678148e-5,18.737599375469216,-0.0020199155244982124,0.1451177205403053,0.9993039244545959,0.979065302120229,small,4
28,2025-11-11,2.435712025926507e-5,1.63571907626276,-3.447803382458088e-4,0.0025023103856051418,0.9887176130558658,0.1461143495069639,small,4
29,2025-11-11,9.671948554976781e-5,0.48999458727483813,5.40416796674208e-4,0.051919954264093966,0.9667897378668067,0.5792941611858123,small,4
30,2025-11-11,-9.680513622707981e-5,0.19086739987847678,0.0043116745819140575,0.6893775271265786,0.8567410766787666,0.791975233608267,small,4
31,2025-11-11,4.0761494807686217e-5,0.14776726543792698,9.203156108450453e-4,0.01972797811197983,0.7271495569592343,0.20818743137392962,small,4
32,2025-11-11,-1.7643827549630533e-4,0.03387751512420437,0.009195586100247132,0.32051621822197035,0.45127124982186423,0.6932834462289198,small,4
1,2025-11-18,1.5176965285169138e-4,1.694614183981988,7.885391902651881e-6,0.5755256963788324,0.9964300416304213,0.08760637805116964,small,4
2,2025-11-18,-8.273389661468402e-6,1.226676635857457,-5.613360289260073e-5,0.005954961198868072,0.9540408172155445,0.9454299263738142,small,4
3,2025-11-18,4.7040277019219104e-5,0.9925436916670516,-6.443041878223237e-5,0.08207140294398257,0.9705307900363408,0.8909424996243572,small,4
4,2025-11-18,-1.2989806603770878e-4,0.5597788132573716,8.254140227189549e-5,0.35466968137067184,0.7009718083228689,0.9662237896260218,small,4
5,2025-11-18,1.2151010023082462e-4,0.45733868552274853,2.4161976865286766e-5,0.13328612278601218,0.815421298145652,0.2944427954872246,small,4
6,2025-11-18,3.867125438763887e-5,0.4252623923724969,1.4137615557468545e-4,0.045296675307479585,0.9119826206116791,0.9431280478387759,small,4
7,2025-11-18,-1.0260259121782412e-4,0.2900660522301214,9.646909022376824e-5,0.7803430279262951,0.9897961981177192,0.3902143110523425,small,4
8,2025-11-18,4.737556565716706e-4,0.37050194905745637,1.5551867908056259e-4,0.8071314110106078,0.6991275183082142,0.26024221982025353,small,4
9,2025-11-18,-2.334995050881972e-5,0.3010358717151667,2.768627967853851e-4,0.10310984850073489,0.9410802212998464,0.9930857261669281,small,4
10,2025-11-18,-3.3309974634114784e-5,0.6021141874580008,3.345436392256574e-4,0.04307693011009658,0.9402065547854151,0.9929580182305745,small,4
11,2025-11-18,2.1260002042648792e-5,0.12777357813451296,-1.550824956428206e-4,0.006345130241299939,0.8428609553274696,0.6740396703019959,small,4
12,2025-11-18,-4.09060969882644e-5,0.24347209224176775,-1.0733303656596465e-4,0.2733719198698588,0.9298854661880428,0.3076181580570259,small,4
13,2025-11-18,-0.00014703271675571434,0.45564748269272065,-1.3728283394378595e-4,0.8422827022169783,0.9328221842593803,0.990399903481716,small,4
14,2025-11-18,2.2070091962278742e-5,2.7466191779090887,3.137259113546363e-4,0.04227455726677108,0.8310448566448355,0.7663379180685931,small,4
15,2025-11-18,1.0348962414770867e-4,0.4073234640221684,1.4603237381258797e-4,0.4049481176094236,0.9148586764575003,0.8898552982096789,small,4
16,2025-11-18,-2.1929673971120484e-4,1.0901785275660254,1.5107794139699614e-4,0.5055362782565512,0.9893165815980902,0.8993147577907612,small,4
17,2025-11-18,1.3669631707663815e-4,0.7902185174407836,1.599106823385673e-4,0.7933834615260962,0.775655263546619,0.9905795073118656,small,4
18,2025-11-18,-8.873837776566402e-5,0.45758898591902236,9.356866060144854e-5,0.09584235990418331,0.959570764283487,0.4559788515288562,small,4
19,2025-11-18,0.00013017785962521643,0.39433747272458586,1.4241819318340753e-4,0.45117548967556304,0.9584339796358892,0.7874565978838607,small,4
20,2025-11-18,-1.1937900019881381e-4,0.08445630725640817,1.398312922038751e-4,0.1574177757153301,0.7330180183269651,0.9905143214074812,small,4
21,2025-11-18,-2.5181823080562943e-6,1.0074209544085415,-1.0868439548642547e-4,1.5695711786613137e-4,0.881029811724713,0.7051136601603328,small,4
22,2025-11-18,2.903015151016024e-5,0.32466297736467226,-0.0016936724666826801,0.012326633578303358,0.9137686455101727,0.12398520768743948,small,4
23,2025-11-18,-3.5672620130910407e-4,0.6328972376282249,0.013698559349662319,0.9307932140615988,0.8103168859766415,0.6740504883545817,small,4
24,2025-11-18,-3.815754469715198e-5,0.5941267030203714,9.331764647743083e-4,0.10096408623995519,0.9992226375685876,0.002473905074508989,small,4
25,2025-11-18,2.371914801450715e-5,0.045669489647798406,-0.016234354891428614,0.024501679602133102,0.3576321767143388,0.9606245110137177,small,4
26,2025-11-18,7.21387513484236e-5,0.3550781361968772,0.022251881077311263,0.1710925506418311,0.7609482256976948,0.8857743340664179,small,4
27,2025-11-18,5.523541729045493e-5,0.442830206687792,0.0016625325790762943,0.10420008714776437,0.8949197490231612,0.8027915287826075,small,4
28,2025-11-18,2.522453821838896e-4,1.3478135772216502,-0.0012404727092843852,0.8945929834468473,0.8339948286578315,0.910731593133804,small,4
29,2025-11-18,1.503404824645689e-5,0.39590827810564716,0.0017012949459519434,0.0083836645392207,0.9294559261800434,0.99953301902842,small,4
30,2025-11-18,-5.7773201178606615e-5,1.4067141390061133,-9.51583887836323e-4,0.09964544784338956,0.8672836624369225,0.6119221038969055,small,4
31,2025-11-18,-1.8536554202675667e-4,0.5947220610447224,3.353771049038083e-4,0.6153543140804087,0.9927316786367412,0.10768427141488351,small,4
32,2025-11-18,4.931516473692579e-6,0.9993394640115307,7.056225413403184e-4,0.0012247426184772902,0.9508938205383548,0.9993595010025815,small,4
1,2025-12-08,-2.4638740671498746e-5,4.9620976766278915,-5.950276219944803e-4,0.02275639438532642,0.9852962952850116,0.9539407398899697,small,4
2,2025-12-08,3.547436219935919e-5,12.754744789591689,-0.003055953225127959,0.0389323293649936,0.9105397937126737,0.025332792099999987,small,4
3,2025-12-08,1.297690922572595e-5,6.31754294823448,-0.012773989294088229,9.152854521452687e-4,0.9409268101033776,0.827616262751037,small,4
4,2025-12-08,-1.4530180564744795e-4,7.484052505462752,-0.0024449751915464196,0.155067123617281,0.8982283443192643,0.07401249207163839,small,4
5,2025-12-08,-4.102589658311119e-5,3.228852654743924,-0.001301939421279386,0.009957274246914585,0.9738827540648778,0.99376051887991,small,4
6,2025-12-08,5.13352912013403e-4,5.866795018142791,-0.003103041197451736,0.6799303842531242,0.9885783706449098,0.9976252000792122,small,4
7,2025-12-08,-3.2469442715411453e-4,4.491877261287634,-0.00122930158400114,0.4484208427617784,0.9917881494589855,0.9699037869640058,small,4
8,2025-12-08,-4.141600370034898e-5,7.212481302228188,-0.0010927249641924422,0.04437048695434529,0.9931522892362703,0.8290222169402709,small,4
9,2025-12-08,-1.766623531464973e-4,4.827093693484279,-0.005319833583767752,0.6447299423084818,0.9274241038576283,0.07896717612787978,small,4
10,2025-12-08,1.7427525467316707e-4,9.860475929699474,-0.0011956722983105551,0.4023191196676946,0.9976058454626364,0.9523208656224643,small,4
11,2025-12-08,-1.051052868901851e-4,3.7166524494735804,5.671082094289187e-4,0.1076398515880349,0.9190872611041933,0.015894605242474356,small,4
12,2025-12-08,2.0958357976598845e-4,7.1436559200998255,-0.0017068637898753282,0.3060216033417031,0.9524074889599442,0.9889949965840493,small,4
13,2025-12-08,4.993696764987741e-6,3.849754217037751,-0.0018094884100343955,3.0756669905479295e-4,0.9989743339907444,0.93528783963838,small,4
14,2025-12-08,-6.738491209778691e-5,9.248589916687154,-9.723675355776609e-4,0.11821159820523706,0.9926970168056637,0.8298759046578013,small,4
15,2025-12-08,1.815997463378357e-4,6.530409520030008,-8.020521643498313e-4,0.6135886391012684,0.9993961970180869,0.9796551083872633,small,4
16,2025-12-08,1.963014216675537e-4,4.965272138265732,-6.750430131464925e-4,0.31455394937080583,0.996569994187651,0.9702541214694567,small,4
17,2025-12-08,1.7248174147358836e-4,3.6312955824236606,-0.0010206492662737316,0.1868615585414224,0.9109139957430761,0.9021855447400029,small,4
18,2025-12-08,-2.713710092668542e-4,5.384466412985552,6.717034790589575e-4,0.2406902003140544,0.9817884045604026,0.3350840512457052,small,4
19,2025-12-08,6.550859456887715e-5,3.6897567158769897,-9.764142346354041e-4,0.05016586315338333,0.946691590168904,0.9861486675782207,small,4
20,2025-12-08,1.7120391922840206e-4,9.2544714524529,-0.0023864483579017323,0.7302296409738358,0.9956021611354291,0.814106816577293,small,4
21,2025-12-08,-3.353019080516677e-4,5.054406918920323,-0.0017098224265609003,0.9656036671280075,0.999880924381351,0.6332132211348115,small,4
23,2025-12-08,5.737975443516952e-5,7.665876081597136,-0.0017013442952819706,0.05307897714912832,0.94826757093868,0.2739567512603799,small,4
24,2025-12-08,-4.338267885136649e-4,5.19948170461142,0.0011775976984091823,0.8197675269518563,0.7151013558261368,0.5095310620088871,small,4
25,2025-12-08,1.521496884490444e-4,17.131375240994828,-0.0017141497934018445,0.11102555335862029,0.7745972970176964,0.8703331455006846,small,4
26,2025-12-08,-3.1520605985721603e-4,4.709131385634826,-1.8624363658380136e-5,0.48327113196485966,0.9991927654359911,0.001120380016136958,small,4
27,2025-12-08,-2.90451653458261e-4,2.843862187547863,-0.0018641966841325408,0.835976852409177,0.9881162562080119,0.3962715301406739,small,4
28,2025-12-08,1.675539266739416e-4,8.117463846625682,-0.003733134946930529,0.1800112297570584,0.9963448613645737,0.6966502866994873,small,4
29,2025-12-08,-2.2349002684622776e-4,5.950505887331302,-0.003406397247475421,0.41537430699817857,0.9995966848541296,0.7313554345083713,small,4
30,2025-12-08,1.0656916131630114e-4,1.7619353988361244,-7.636362685356032e-4,0.23407356683215835,0.9340520463584282,0.835364195736762,small,4
31,2025-12-08,7.840752017115392e-5,6.119196899729948,-0.001642516605877115,0.04413690904065422,0.9981556089700979,0.7705343059808385,small,4
32,2025-12-08,-4.972679036338696e-4,3.594781303309126,-7.735096000009528e-5,0.8211430743205858,0.9634872055671277,0.004745556023656158,small,3
22,2025-12-08,8.24382452647162e-5,4.590850596423331,-0.003269457383803764,0.35311986779696775,0.9971162254368648,0.6278130018802541,small,4
1,2025-11-21,1.738656575695311e-6,6.628253782298538,-0.0023338232877066177,5.676648147914688e-4,0.994563245664057,0.9955721502014144,small,4
2,2025-11-21,-3.872001427525972e-5,6.653569899932064,0.0020757054403098135,0.02906124923242202,0.9693338324507297,0.3625728999555121,small,4
3,2025-11-21,-5.1166996210936224e-5,3.3722979894200495,-0.00340667967207106,0.02755378627413233,0.9766447002587716,0.7581958715119935,small,4
4,2025-11-21,2.588093444180414e-4,16.40385027067078,-0.0035518072008793432,0.6983781696026138,0.9485020748347166,0.9508482975154772,small,4
5,2025-11-21,1.7031165413136466e-4,5.28063186474408,-0.002062154657919493,0.14798308999613194,0.9980980456854323,0.9959969878385032,small,4
6,2025-11-21,3.3973709719500243e-4,11.168090619702655,-0.0021993353498352994,0.7463474404646728,0.9182885499913673,0.9476583812413136,small,4
7,2025-11-21,2.8864903084402378e-5,3.1495560600193135,-0.002160633487242573,0.06811444650806116,0.9928993051703884,0.9953234380438779,small,4
8,2025-11-21,1.1858721670117889e-4,5.766602094121288,-0.0012063633660764597,0.21146238980534823,0.9244953683810057,0.8012517864096191,small,4
9,2025-11-21,-2.785607843611245e-4,3.4846227103263683,-0.0013123415538890246,0.31071983300433814,0.8527012266934707,0.8588656704311683,small,3
10,2025-11-21,2.2587861197231138e-5,14.38216930240553,-0.008567309699993865,0.006516813597165095,0.9961330320093887,0.9701635684792512,small,4
11,2025-11-21,7.220261826505e-5,2.9885649138550257,8.423961316365811e-4,0.5233455346171214,0.9491956587138772,0.9937901413279825,small,4
12,2025-11-21,2.093326973571882e-4,6.728684128346568,-1.3896988257509218e-4,0.13296025461389677,0.9543670049328236,0.08947526731780181,small,4
13,2025-11-21,-1.5364575057033632e-4,2.89924529962111,-7.534849490529658e-4,0.4659873167728355,0.9805685445943434,0.9911361595214354,small,4
14,2025-11-21,2.830526713206717e-4,12.786642130722138,3.333959023181166e-4,0.629779011930249,0.9326253651981757,0.5702343671394244,small,4
15,2025-11-21,-1.671521018840791e-5,2.6960551414020153,-0.0016799645176368712,0.006291161601510643,0.9788037859541037,0.8821570510303353,small,4
16,2025-11-21,5.95625220269103e-5,15.566389998202984,-0.002361790857194469,0.05467828307582362,0.9988177902646699,0.9978818726408248,small,4
17,2025-11-21,1.9820446847366392e-4,4.437626006626618,-9.49893924152458e-4,0.7329022004531307,0.9854155807622768,0.9762345231449797,small,4
18,2025-11-21,1.8405481918230514e-4,5.249243282093152,-7.014988491477445e-4,0.5370467874373458,0.996107959621609,0.9862549783720552,small,4
19,2025-11-21,-3.0352263436247053e-5,3.7200095429963556,-9.035263079992008e-4,0.01800963446333665,0.9750360463765028,0.9637256053335562,small,4
20,2025-11-21,4.381827937307097e-4,19.897209388578645,0.021511343520459365,0.989125767960241,0.9976036172892873,0.9965882531183752,small,4
21,2025-11-21,3.0377112582794007e-4,6.653933049018089,-0.00271167123016447,0.8874279257326096,0.9963771131522992,0.9231965366697223,small,4
22,2025-11-21,2.6194995844434747e-4,16.71527954719045,-0.003945291832627287,0.3528215367919919,0.9980830093508838,0.9959830657823292,small,4
23,2025-11-21,-1.568616467812826e-4,6.747773096464415,-0.002411275530373776,0.22043657687532622,0.9923546519505119,0.9487082611018811,small,4
24,2025-11-21,7.476750279273563e-5,4.394507700547602,-5.745534239467769e-4,0.31885024229000924,0.9987319046372881,0.46223917727126884,small,4
25,2025-11-21,-2.5282763336482e-4,4.027142474561391,-7.80306020972162e-5,0.97361066999317325,0.9233769269332317,0.07798719551331681,small,3
26,2025-11-21,2.0279720079954564e-4,6.647980197160305,-7.469355421794671e-4,0.541977785355699,0.9345464500180927,0.8399275811060504,small,4
27,2025-11-21,3.9358246038673705e-4,4.8017911370283235,-9.067646204999331e-4,0.720215760027732,0.9999806955904366,0.995737603533816,small,3
28,2025-11-21,-2.7046794898548225e-4,0.46754872689582355,-6.317858114937755e-5,0.856481318307943,0.790818094391812,0.9484419405937782,small,4
29,2025-11-21,2.1782550782111445e-4,0.34637217108660784,-6.478493090144848e-5,0.6204766264853505,0.853245781242204,0.9777490763430285,small,4
30,2025-11-21,-1.0839589015556744e-4,0.3050445364375052,-8.387594716666059e-5,0.36459819902847557,0.9373453508282915,0.989273742404736,small,4
31,2025-11-21,-5.473940263852126e-7,0.1856304306340432,-8.580356770060861e-5,7.407283609564067e-6,0.6918817138114034,0.9588569811449288,small,4
32,2025-11-21,-2.602424532783589e-5,0.4703718413998923,-7.213478187679813e-5,0.02641019388876799,0.737727477449159,0.8748641490909633,small,4
1,2025-11-12,-2.3438938891774434e-5,4.365467734647613,-0.001387325029715778,0.003620407130140856,0.9972820804418964,0.999329898853619,small,3
2,2025-11-12,5.478791887654199e-6,11.98076431055112,-0.0023926421572448226,7.7288760758637e-4,0.987072154314438,0.9890877277498638,small,4
3,2025-11-12,2.412531667580561e-4,5.716666206352699,-0.0027844528836825336,0.6979197671805595,0.9950311016971597,0.9992327088392491,small,4
4,2025-11-12,3.484450994144369e-4,12.140445161028612,-0.0012852212281798598,0.5119372268498361,0.9792135846777935,0.9877404834537873,small,4
5,2025-11-12,2.105552038610566e-4,6.773890350268552,-0.0016630120611954883,0.2984173818304504,0.9884823601737296,0.9889151993769759,small,4
6,2025-11-12,8.741040188129618e-4,12.614357238075344,-0.0020134738794543006,0.6341630017286662,0.9837705110384511,0.99604576232115,small,4
7,2025-11-12,3.4112943485591654e-4,6.286268739033398,-0.0013984475461776688,0.7545037936739205,0.9993332864254821,0.9969122145979967,small,4
8,2025-11-12,8.442042921679206e-6,7.701669257712965,-6.523475757753517e-4,6.69780468154035e-4,0.9817265974928966,0.5032038294698783,small,4
9,2025-11-12,1.9540464062300111e-4,5.938407476647678,-0.0016097446391649822,0.6935616176222694,0.9863889734241158,0.9604553398011944,small,4
10,2025-11-12,5.095397850787364e-4,9.179280264131503,-0.003912915075164137,0.8243995126927792,0.9944650691234601,0.9754710730350792,small,4
11,2025-11-12,-2.950086913648064e-5,3.5331154913398564,-8.122371327657876e-4,0.004415008836380457,0.972838487099462,0.7241436637460235,small,4
12,2025-11-12,-4.708970704462522e-5,10.51751290833115,-0.0015571878092776124,0.031192268968433377,0.9921939835772821,0.9602025163415302,small,4
13,2025-11-12,2.3517134287501725e-4,5.05809619093119,-0.0010027917968497256,0.4910735196581864,0.9717431349523905,0.9889884067709446,small,4
14,2025-11-12,3.523145342572942e-4,12.605735447390213,-0.0016372519515793493,0.8616774983067692,0.9883138371920243,0.9912668524712187,small,4
15,2025-11-12,-1.575041270051259e-5,6.998284556597853,-0.0022474169370347856,0.0011786310863519654,0.9929632115710909,0.9916808781492001,small,4
16,2025-11-12,1.3080326760320858e-4,9.886477482839277,-0.002656226335053092,0.5690996560395327,0.9692171763841536,0.974342672408415,small,4
17,2025-11-12,1.5369730909072863e-4,4.8908619789178225,-0.002265527087675021,0.3467664570001553,0.9927260273661095,0.9529853482429115,small,4
18,2025-11-12,2.2661984527919302e-5,5.629071440285805,-0.001379470870671232,0.016161597944895363,0.9742337527880014,0.9855143860725761,small,4
19,2025-11-12,2.14973255649357e-5,3.9638401426809358,-6.381333808526554e-4,0.012728845338112495,0.9990851654851426,0.9799351556534872,small,4
20,2025-11-12,5.284822389868183e-4,14.807577435591995,-0.0018521505033227948,0.5695876019782792,0.9921375482142013,0.9768634000849814,small,4
21,2025-11-12,-9.437862834764372e-5,7.257257218415924,-0.0018366201039596323,0.028540402048567528,0.9892208101857678,0.9529621176978945,small,4
22,2025-11-12,2.7522784037990657e-4,14.044187109837539,-0.0024993112618614554,0.5186776251700675,0.9985779091350122,0.9890017399562591,small,4
23,2025-11-12,-1.5634241737133792e-4,7.114809393633881,-0.0013811425874182015,0.0689974927166425,0.9964556990585779,0.9999517524687399,small,4
24,2025-11-12,8.160397667402285e-5,14.531228555840052,-0.001909539570036193,0.022821387445391757,0.9927541341251556,0.9891387944362918,small,4
25,2025-11-12,2.3934889989006615e-4,3.024528746564599,-6.298450030252194e-4,0.37519112141756444,0.9865752004805155,0.839049487402144,small,4
26,2025-11-12,3.3983363876120154e-4,13.206175441816718,-0.001632724275225428,0.9756802865767963,0.9994019193571273,0.9979877423994148,small,4
27,2025-11-12,7.770156538663938e-5,7.9509970730798045,-0.001236659492297463,0.2559539852686809,0.9999075575096393,0.998529055230591,small,4
28,2025-11-12,8.038434576906895e-7,0.20442236176145037,8.433018885580643e-5,1.0848099743626956e-5,0.9860516798183045,0.01933143055961846,small,4
29,2025-11-12,-2.703312062325865e-4,0.4558408905749457,-3.1999871693801183e-4,0.8347486535271155,0.9720809174859122,0.4145369863930697,small,4
30,2025-11-12,3.7711206714873e-4,0.6822092527723586,-8.805920752764331e-5,0.7851855935959593,0.8246229610628435,0.551785120531042,small,4
31,2025-11-12,2.145810702386886e-4,2.7056469635005733,2.077817928748734e-4,0.9795403161348429,0.9868508155393463,0.8833950696148359,small,4
32,2025-11-12,2.4771406445483324e-4,0.8706263587778066,2.584428689973193e-4,0.44633218023778287,0.8768650573094007,0.4273060242872213,small,4
1,2025-09-10,0.0013553858281464346,14.011522268528202,-0.006306746717253152,0.9744493631830845,0.9876653983474855,0.8629862926375464,small,4
2,2025-09-10,-7.350130661586482e-5,5.731008175694301,-8.768970513530645e-4,0.2406739513448137,0.7275931126630214,0.7779100733592403,small,4
3,2025-09-10,3.767769678068778e-4,2.660023810289586,-0.0010145836428943039,0.4780894038868663,0.9382868252670643,0.8973948643957941,small,4
4,2025-09-10,0.003927620952588961,40.8739056627916,-0.004070475245707262,0.9606261342972117,0.9536133333851989,0.9769616199690475,small,4
5,2025-09-10,0.0019355886227261608,15.220549972645824,-0.002828803559761871,0.87122519469887,0.972013290431996,0.930846971958384,small,4
6,2025-09-10,6.45400479469401e-4,6.958012325643735,-0.001218003951584308,0.8988966568815051,0.9940653631713753,0.9926548479152315,small,4
7,2025-09-10,1.9173868877090904e-4,4.106585887211072,-4.560189790918894e-4,0.9950023322093436,0.999370685943885,0.5365349607168817,small,4
8,2025-09-10,-1.6532746630367164e-4,6.356246515790573,-0.0027193811976266207,0.1628215841300211,0.9962493099078915,0.959470917210678,small,3
9,2025-09-10,4.7083853635955465e-4,6.70333055420585,-0.001207641986391366,0.8827153616574813,0.9929624678193778,0.5826697337359449,small,4
10,2025-09-10,0.003211705597733765,26.130280101223658,-0.003281044270294042,0.9982972969975537,0.9995543721262935,0.905235998080704,small,4
11,2025-09-10,0.0038192654539664227,26.45159685414899,-0.008411867288243757,0.9717357835380386,0.9801007492495709,0.6905864687005451,small,4
12,2025-09-10,0.0011183083151513056,11.227511601177223,-0.00573079597655512,0.9579639881913393,0.9566583900916447,0.7621705094723283,small,4
13,2025-09-10,0.0021917511487383333,21.872523121537952,-0.006846343144262975,0.9894614084956762,0.9886767971357373,0.978628740596649,small,4
14,2025-09-10,5.571162108025352e-4,11.947001714574617,-0.009901269987534097,0.9952473519855524,0.9639051819305747,0.9763841433325569,small,4
15,2025-09-10,2.8248229277171618e-5,4.809503815333325,-2.3802818631590215e-4,0.003246987677870956,0.8322458124552898,0.6459800537034431,small,3
16,2025-09-10,0.0033456391974617367,27.173672401037564,-0.0023033634290531312,0.9965788790837821,0.9803128670848907,0.97033238809913,small,4
17,2025-09-10,0.0017914836749608272,18.086633219646163,-0.002090694810161509,0.9977085381746126,0.9950974106291187,0.9782584579302646,small,4
18,2025-09-10,0.0016052931704430202,20.589625266863862,-0.0029218569163454813,0.9603663000498113,0.8786722481533374,0.9170917706387378,small,4
19,2025-09-10,0.004014389580484226,39.480235055145975,-0.006806013204213458,0.9992127210302025,0.9989314225533074,0.783239261377275,small,4
20,2025-09-10,5.64244375313517e-4,14.375778541622948,-0.01197314636342224,0.5072117007200421,0.9905530632887298,0.9984917867147542,small,4
21,2025-09-10,3.834026770516512e-5,9.394830410129323,-0.0023090759507138144,0.05857453875363552,0.9843816877870352,0.9863077596802486,small,4
22,2025-09-10,0.0041426940987129846,35.96515678593264,-0.002778459701445637,0.983618965815919,0.9941782031653987,0.9251407219272054,small,4
23,2025-09-10,0.0019814144217556225,22.565503440717624,-0.002107098049633507,0.9459288366156561,0.9963545375937749,0.9923857330799107,small,4
24,2025-09-10,2.9255823880656865e-4,13.011982906516243,-1.6864157999930702e-4,0.5368102781476181,0.9881356785533391,9.262824950433259e-4,small,4
25,2025-09-10,0.004826070049778457,51.960251579975,-0.004584095589805132,0.9870536796370876,0.9974571941852128,0.9996883312664472,small,3
26,2025-09-10,0.005684342250914249,20.64259985402721,-0.0030903393601580836,0.9919295391956339,0.9997779724495741,0.9671613169322041,small,4
27,2025-09-10,3.115911796861623e-4,19.281201108476747,-0.0016138321283961216,0.9674310533612173,0.9602674225072784,0.9441801083270104,small,4
28,2025-09-10,0.003613690732285171,37.68680764862025,-0.0035680713912020446,0.975307996611969,0.9945504110068707,0.9939786554503468,small,4
29,2025-09-10,7.303644710288639e-4,29.678951074999368,-3.0993329376327003e-4,0.6626432355513039,0.9152145044765977,0.015817340128111913,small,4
30,2025-09-10,-1.834239124349413e-4,8.332175100289508,-0.0017656440088934747,0.2621210568828715,0.9454778096959351,0.8907925075437293,small,4
31,2025-09-10,0.0011088577569649488,13.909939379663541,-0.0016962962799232414,0.6588651804882715,0.8031746671821762,0.937850616786226,small,4
32,2025-09-10,1.599335051683859e-4,14.182640389419083,-0.0024212485567160517,0.2070399142428522,0.8800888953586767,0.9672335526980395,small,4
1,2025-09-11,0.0013144131473673921,25.126384541638604,-0.0054422475364642045,0.8986597418625146,0.939902144072049,0.9309142222733844,small,4
2,2025-09-11,8.426261253281839e-4,21.25204995691055,-0.008663519116019673,0.9997561925121986,0.9636261358240986,0.8802607458560169,small,4
3,2025-09-11,0.005135821360527651,29.63488777449353,-0.011676069297039078,0.9535281377590417,0.9673193512125138,0.9451231255528704,small,4
4,2025-09-11,0.0030226798423618998,15.223107583707234,-0.01496090812886801,0.9468472287222623,0.9761299312711995,0.9995544575049544,small,4
5,2025-09-11,0.003227175263620366,30.94666263951202,-0.008442001937407162,0.9872884566133502,0.9934814147947678,0.9950898683027646,small,4
6,2025-09-11,7.370973369413808e-4,27.56011601541993,-0.015016331001416193,0.9712832131150269,0.9758701723047969,0.9976871535381135,small,4
7,2025-09-11,0.007348918001575202,55.77419102061002,-0.006784516312361829,0.9942906432174602,0.9932311214018323,0.9786560979427077,small,3
8,2025-09-11,0.0025336226010819465,12.58365958064021,-0.00851214551832817,0.9055678888404387,0.9809993204038745,0.9417156321709331,small,4
9,2025-09-11,0.001807274069422474,55.0422986267724,-0.00471028434518317,0.9675121037570973,0.9599322519581852,0.949489512954872,small,4
10,2025-09-11,6.188192898993469e-4,23.491397829812815,-0.0029099524529198587,0.8531769124158483,0.9507948329857101,0.9442810134422953,small,4
11,2025-09-11,-1.8152979046119166e-4,4.019544901986057,8.492212745622394e-5,0.16340873597623984,0.8810014039700157,0.05009446873997686,small,4
12,2025-09-11,0.002261786257251236,31.882905677037552,-0.00429974883599068,0.9285191398988036,0.9907670334481098,0.9739674827169014,small,4
13,2025-09-11,0.003644676052110935,37.654075959648466,-0.003242006230893798,0.9963005433412574,0.9857219425698568,0.9729863808185567,small,4
14,2025-09-11,0.004008719809446747,19.07211882227952,-0.0024070407336465164,0.9729409155924652,0.9821720981624713,0.9981841316466725,small,4
15,2025-09-11,0.004226786639428862,30.115007036333502,-0.0031099975321303933,0.9987438598135923,0.9934860427045558,0.9867547243688826,small,4
16,2025-09-11,0.005413227136598913,30.325476245696468,-0.0018578719911883943,0.9971202982707815,0.99128975015135,0.9256324298535826,small,4
17,2025-09-11,0.006830018356160484,36.14686669729714,0.0036632369068311647,0.9709013482754764,0.9718080857483256,0.35925962707062425,small,4
18,2025-09-11,3.7611288390267285e-4,27.7149149690036,-0.004479319421731987,0.7131598639585525,0.9762992337498723,0.967621619968319,small,4
19,2025-09-11,0.0033744205665095263,24.93066987526915,-0.001688229958702721,0.9844761827779438,0.9774242829181818,0.9416476275835022,small,4
20,2025-09-11,0.0036346321543881616,38.99733715992745,-0.003653304892026578,0.9412749353164888,0.9453755485719516,0.9329658015760061,small,4
21,2025-09-11,0.0016939048366197678,45.662481879942135,-0.0038407617839132046,0.9575883365418745,0.9996291371348872,0.9996063867996929,small,4
22,2025-09-11,0.0036012414544140618,25.756247148602476,-0.002720340294850109,0.9193151805146428,0.944244049364794,0.9149766073388297,small,4
23,2025-09-11,0.0035969912232842716,24.6720080601539,-0.002287651666577825,0.9890697986247666,0.9918077595194535,0.9970446511385171,small,4
24,2025-09-11,0.003609035620915125,13.112154343703354,-0.0016471067060359703,0.9274025965237174,0.9604796673158057,0.9623557203125597,small,4
25,2025-09-11,0.006062176118429465,35.42608007845711,-0.0028729736142914914,0.9765737746613924,0.982810793105669,0.9900702202271362,small,4
26,2025-09-11,0.0019514852698252368,14.298431769200752,-0.0015948484155316345,0.8962593417470244,0.9755485902508328,0.8054752246554713,small,4
27,2025-09-11,0.0010229263652284362,20.757203942062965,-0.0021807336308302663,0.8869212006467911,0.9684379241238792,0.9823797266446975,small,4
28,2025-09-11,4.5824214656819967e-4,10.747736505628364,-8.348565418265728e-4,0.29007728657032755,0.8437181329131306,0.5582105960788165,small,4
29,2025-09-11,0.0027351106862271175,26.770780969872188,-0.0018739189874645967,0.9970870915571569,0.985953406679863,0.9915521141412874,small,4
30,2025-09-11,0.003624606981334269,19.560658471356973,-0.001874675741931711,0.9628263920553232,0.9282547670533441,0.9311224740335856,small,4
31,2025-09-11,0.00122567689378221,26.980938253626274,-0.002712065672641634,0.9309170169490449,0.9979124216740227,0.9884963809355636,small,4
32,2025-09-11,0.00218969079506804,19.75244801471664,-0.002467119535608073,0.9596697717172419,0.9763557091628192,0.9443259099699324,small,4
1,2025-09-16,5.502320148882916e-4,18.48604092350746,-0.005790299587079204,0.5397423061431265,0.9665713731426965,0.9878516961624457,small,4
2,2025-09-16,-2.0851940308353752e-4,13.854103010880271,-0.012309760914689792,0.2538211733050496,0.9567347723668084,0.9255331889729228,small,4
3,2025-09-16,5.835846882274403e-4,8.977410066815192,-2.466927819429305e-4,0.5747334962354554,0.9874795679475245,0.010158953820098685,small,4
4,2025-09-16,2.3116304057492877e-4,6.119541131597317,-0.00552067886468939,0.4132969141823858,0.931387514276623,0.9545092583934677,small,4
5,2025-09-16,6.177125985720593e-4,15.586920998146981,-0.004170521207488137,0.7889605372344791,0.9135704143570331,0.8019392026326599,small,4
6,2025-09-16,1.91799320635034e-4,7.111729395347227,-0.005176953282512619,0.7272578831966164,0.96092231185096455,0.34771088793587507,small,4
7,2025-09-16,0.0010530047408270646,23.508376982310345,-5.707455378553543e-4,0.8678519095655024,0.97559835224952,0.09092302437226513,small,4
8,2025-09-16,5.409886273375472e-4,4.2026687020126285,-0.0033947893263579355,0.46263298058794633,0.893986898931686,0.9245661691332421,small,4
9,2025-09-16,7.717524783789199e-4,24.80576138593635,-0.0022884871721176956,0.7774223216779999,0.9974651653838552,0.9960223238531764,small,4
10,2025-09-16,3.0047480077976195e-4,8.890456389173572,-0.0015443329463424985,0.4783922783297966,0.684908372903122,0.7157061917409306,small,4
11,2025-09-16,2.0039264630036696e-4,19.428716757271292,-0.0016886274285925634,0.3070244369726007,0.9891845924952076,0.9189940224777001,small,4
12,2025-09-16,4.08280163908259e-4,17.46046784085715,-0.0035089269282147255,0.714215984733142,0.9999280640291168,0.9997187640561751,small,4
13,2025-09-16,0.0011606832572741835,25.657041541066636,-0.0030875915937919516,0.7951981856010584,0.9576449791733923,0.9389422101728847,small,4
14,2025-09-16,-1.0984060276092833e-5,9.686608273976193,-0.0017103466063120012,3.845341740773553e-4,0.6338995005345939,0.597855154864012,small,4
15,2025-09-16,0.0012241263163775432,20.966114292224812,-0.002413209192454602,0.9493377796337032,0.9576774557065014,0.9595526940910565,small,4
16,2025-09-16,0.010185099267584673,20.396311927020673,-0.002468773889319754,0.9896905939496831,0.962528560511499,0.9190521984559887,small,4
17,2025-09-16,8.157256782279454e-4,16.093760818006924,-0.001968275150609742,0.8299366014869135,0.9191599052742877,0.9583666047026815,small,4
18,2025-09-16,4.073724128778562e-5,6.388966637567606,-0.0010786525867712037,0.02711885463386159,0.8654243014164801,0.24616612968640678,small,4
19,2025-09-16,0.0017129021217407205,31.86280247191302,-0.0027902120057572695,0.984080080460786,0.9981877603966454,0.9940723768705725,small,4
20,2025-09-16,5.893956206669445e-4,24.83010434344867,-0.004016725483876715,0.43657366282261006,0.8560904458197444,0.9015855375611275,small,4
21,2025-09-16,0.0011006374937495998,23.426181366794065,-0.002435446645015833,0.8576705466851645,0.8352481877095922,0.8332662892095201,small,4
22,2025-09-16,-3.447080875486109e-4,16.61589723647626,-0.002835565062950115,0.8436986515183788,0.9996622509323,0.9898322155333562,small,4
23,2025-09-16,0.0012060229117547977,25.063103337815637,-0.0034114701144127937,0.9092253242849059,0.9222867668929875,0.8901672555020927,small,4
24,2025-09-16,0.0010897319966043995,14.085217815129457,-0.004031141826487712,0.9505818773006199,0.9601752812198322,0.9567690008640911,small,4
25,2025-09-16,0.0014675991436525467,26.241422662926052,-0.0036876317886507105,0.8376341945676476,0.8664904645976098,0.8330399500664518,small,4
26,2025-09-16,5.376526383279028e-4,11.080700633072059,-0.0036260159068928514,0.6730930804297561,0.9970567077845,0.7854488704485196,small,4
27,2025-09-16,7.785840825122666e-4,30.849433404470126,-0.006249962238877351,0.5530913645916087,0.8023084162603321,0.985252327651084,small,3
28,2025-09-16,9.770597085513946e-4,23.332612670772615,-0.0037312888040803567,0.9210431438467158,0.9799655165391583,0.9697486411481822,small,3
29,2025-09-16,6.869264905743046e-4,8.168020647295466,-6.375435615483128e-4,0.8367997889675944,0.8819378498052116,0.907553372571297,small,4
30,2025-09-16,-4.400675213698988e-5,13.695473556018788,-0.0023233712756878574,0.02669117138012832,0.922345923069338,0.7861847113471764,small,4
31,2025-09-16,8.502601331991737e-4,48.59127241811344,-0.007661449055069413,0.9751141576263762,0.9902671914190989,0.9849651893623288,small,4
32,2025-09-16,4.114293791408131e-4,25.383988016063967,-0.00358623424527013,0.5704719407929465,0.963975480625929,0.9808893138681845,small,4
1,2025-09-30,2.213918378357871e-4,22.78873735813755,-0.003608483066554461,0.6551890990509663,0.9871691243646142,0.9992822388725611,small,4
2,2025-09-30,-6.566717505449719e-5,19.0788656231499,-0.0023180699230526854,0.13270977215685142,0.9910124788640217,0.9911419869101281,small,4
3,2025-09-30,4.8812622608110113e-4,23.844817501916015,-0.002342978878553837,0.8501892969452861,0.9913077131955985,0.9892606143178535,small,4
4,2025-09-30,-8.930019797157426e-5,13.869146529922464,-0.0017927673584651417,0.8652121090753538,0.9794113932691129,0.9462034508098752,small,4
5,2025-09-30,1.5321377026358422e-4,25.70184538405732,-0.0028492271571851076,0.12423638092895858,0.8760851489109315,0.944764533470986,small,4
6,2025-09-30,3.566250377058822e-5,20.881595818204104,-0.0026061966146761276,0.026921671715699064,0.987463195721238,0.9994528318820126,small,4
7,2025-09-30,6.729447649289474e-4,30.36333711483317,-0.0026219003615686634,0.8883570117263787,0.9684103212645857,0.965094883074305,small,4
8,2025-09-30,-1.624053469525324e-5,14.462972683841357,-0.002721740473733216,7.196429034319796e-4,0.9942919684417469,0.9918712009467024,small,4
9,2025-09-30,3.1020695462734933e-4,32.89613460369663,-0.003173485408792208,0.9843382827802367,0.9996988467445417,0.998439963303341,small,4
10,2025-09-30,-1.047539071513448e-5,18.579458263394944,-0.0024266406485629714,0.0033450122462974153,0.9998722011567537,0.999840896589947,small,4
11,2025-09-30,1.3094564506643816e-4,20.76676760754795,-0.0019318075576566923,0.5292193787758033,0.9424204991742127,0.9726006580710255,small,4
12,2025-09-30,-1.236582446822906e-4,27.10811052794243,-0.003312578405135749,0.08800695599068378,0.9926882505718382,0.9921359824048986,small,4
13,2025-09-30,-1.1985222331746038e-4,42.534810193890685,-0.0037826520500654705,0.15819446121286962,0.9998350773217605,0.9997060026812501,small,4
14,2025-09-30,-1.7441075244681122e-4,23.575801547385737,-0.002407129821981353,0.9809839244505711,0.9994149770176107,0.9969091440310521,small,4
15,2025-09-30,1.7819127484290347e-4,35.67939414513282,-0.003984094504568745,0.15355376126637618,0.995652103937294,0.9873385790565179,small,4
16,2025-09-30,4.717737488087082e-4,26.56415205959108,-0.0027342280500206807,0.7746288880385832,0.9962615765137023,0.9964630813927614,small,4
17,2025-09-30,5.562653428701511e-4,36.225283567995554,-0.0038968191374560493,0.9034374634218335,0.9986483873350778,0.9997708789249582,small,4
18,2025-09-30,2.7359071504398836e-4,19.02660435341206,-0.003015535219863353,0.9370074593240839,0.9986424147039622,0.99937936463850785,small,4
19,2025-09-30,3.4033250565052535e-4,30.18155046094065,-0.0029961148509612284,0.5589717719322383,0.9977245962312167,0.9988551611579612,small,4
20,2025-09-30,-3.240586572787823e-4,26.919394375780982,-0.003085130214665526,0.6931098385504096,0.9966374438777144,0.9832671639576588,small,4
21,2025-09-30,3.0371626863079376e-4,25.309236220722813,-0.00250919319572148,0.3576217339324826,0.9676443936621824,0.9912427317739223,small,4
22,2025-09-30,-1.1914080367514107e-4,25.593735549792804,-0.0029815589755949412,0.9649042338837998,0.9968613567085913,0.9905208372615544,small,4
23,2025-09-30,6.188909649979321e-4,32.465565763879084,-0.003427419363796247,0.9076761100303977,0.9858574736356823,0.9800284933260501,small,4
24,2025-09-30,-2.3399692838810127e-4,16.158567469721735,-0.002497476507943641,0.5054652916793715,0.9495233743499064,0.9637747687126345,small,4
25,2025-09-30,8.173468504721388e-4,41.84999249675485,-0.005327364389476365,0.949117312381357,0.999974383513602,0.9823874223385131,small,4
26,2025-09-30,-2.674067465746403e-4,15.408847574229034,-0.0018497335085915034,0.7538477972013602,0.9867724930524296,0.9550414419920296,small,4
27,2025-09-30,5.539415238373706e-4,31.221261644683423,-0.006677600221319226,0.8264083582749274,0.9926884386935002,0.9770983246182622,small,4
28,2025-09-30,1.013485479169951e-4,19.341048994596875,-0.0028019356869923473,0.09588073016324034,0.96024753200955415,0.9202443950634012,small,4
29,2025-09-30,-1.2943784621945517e-4,1.3530397253033093,9.988575579821516e-5,0.4067807534147066,0.9989011603999196,0.0430303918893286,small,4
30,2025-09-30,-2.06163124091218e-4,2.6844112466020977,5.423338630175561e-5,0.8234574377821858,0.8178435853984596,0.042770825898449015,small,4
31,2025-09-30,-9.182900429477079e-5,0.6407609783632628,-4.7038589443166266e-4,0.08391821934325522,0.5329560735494224,0.9866851709636786,small,4
32,2025-09-30,2.210875099315916e-4,1.2368532720072412,-3.9803972271874015e-4,0.6581226971582348,0.8747090529197095,0.9771721054320474,small,4
1,2025-10-10,3.6948842025250474e-4,7.482747122706965,-0.001340725744815264,0.5831982522972887,0.8912809302450918,0.8261968301346028,small,4
2,2025-10-10,3.531688335814832e-4,2.567570808024933,-6.480523265007084e-4,0.9967735238902621,0.8792835779256769,0.7881597789483455,small,4
3,2025-10-10,0.001110208919478888,6.80906583667639,-0.0010480185403160648,0.9918281041647216,0.9396955302188247,0.8980428278257124,small,4
4,2025-10-10,5.15052923244858e-4,4.289126549398198,-0.001305485927838627,0.8192486660196927,0.9674946139251822,0.9788508262175539,small,4
5,2025-10-10,7.269998227196163e-4,8.467675701818996,-0.001113231809874241,0.9562650257027034,0.956445498814825,0.9222386652846365,small,4
6,2025-10-10,1.4875649368302808e-4,3.67874505552564,-7.659182955851426e-4,0.18282825406736458,0.9707343981760732,0.9661096405698937,small,4
7,2025-10-10,6.216820706946448e-4,19.346216848652933,-0.0022009594137539544,0.9408882394322717,0.9616759118318495,0.966879179385267,small,4
8,2025-10-10,1.7104914392041578e-4,3.4781824369603034,-0.0010517539088818024,0.3536344220203583,0.6879119968454728,0.774949043910795,small,4
9,2025-10-10,8.98593289934106e-4,18.871441504450047,-0.0028468114331744,0.9158312141073324,0.983488661216399,0.9873525174029155,small,4
10,2025-10-10,9.618830383160138e-5,3.7612666490163766,-0.0012231879703323758,0.2865759883177809,0.9889938593703965,0.9847803201457945,small,4
11,2025-10-10,8.845428829465767e-4,8.770086487607465,-0.0014070310328086323,0.9350049361913232,0.8659309011619546,0.9040385390035668,small,4
12,2025-10-10,8.69993472865162e-4,10.916554838082876,-0.0018747079759168634,0.8543825503084602,0.9973208733387817,0.9952045144620888,small,4
13,2025-10-10,5.688840322947928e-4,11.985383942241103,-0.001959725327680862,0.8923537051733424,0.9922303305587065,0.9915365927299153,small,4
14,2025-10-10,3.1115290908607506e-4,10.5156090465067,-0.0016101961509937253,0.9522912165009862,0.999714437813644,0.9894357468884871,small,4
15,2025-10-10,9.977918240704725e-4,13.673876047547646,-0.001975663554480818,0.9432914909601443,0.981964634648375,0.9801397968419471,small,4
16,2025-10-10,1.9644602050666358e-4,8.564330274294742,-0.0012676106296421116,0.06750628235546499,0.9761136316272346,0.9608731973552859,small,4
17,2025-10-10,7.315155491871641e-4,7.04608577040429,-0.0013065440161615562,0.9369351518491651,0.9876622615624026,0.9920087771801765,small,3
18,2025-10-10,4.037042902158206e-4,5.553186192061677,-0.002055547789984142,0.5392743371266242,0.9916027416984874,0.9768056859683989,small,4
19,2025-10-10,0.002244598863679377,22.272748070321217,-0.0035018405589026247,0.9383158817412812,0.9810184916933771,0.9881486581037712,small,4
20,2025-10-10,1.8117165723627876e-4,8.15359028829973,-0.0019936730739395854,0.2590452757247823,0.9982502638637982,0.9680732026298838,small,4
21,2025-10-10,3.120744465467152e-4,10.186244790531035,-0.0013404451429777,0.5158056237372926,0.9908192303874498,0.9911714489227419,small,4
22,2025-10-10,5.726315467277962e-4,10.086852293725252,-0.0015410200014276873,0.9643203134601301,0.9969433229981416,0.7124753990465554,small,4
23,2025-10-10,7.856625680256064e-4,14.262399009018642,-0.0020196379255934954,0.7336583757610672,0.994687185380147,0.9898703939742854,small,4
24,2025-10-10,2.5645855973670234e-4,6.035326368920858,-0.001250029542556964,0.6713641240925876,0.8805518537795549,0.9139865097166389,small,4
25,2025-10-10,0.00129776240364263,8.393511597668372,-0.001803979087974715,0.901632336230128,0.9920618133405523,0.7917451080985203,small,4
26,2025-10-10,1.1716451144137294e-4,6.726742422896936,-0.0021975196147860747,0.0744457139251848,0.9792323903555911,0.9718345243838871,small,4
27,2025-10-10,8.759307245091702e-5,2.8072984219666313,-6.644329026038303e-4,0.10702617817935577,0.9246611030995624,0.9790564309536403,small,4
28,2025-10-10,3.0852675253333284e-4,8.485812369767382,-0.0023439729868226784,0.5279053678880387,0.9937343719004476,0.9991698360983481,small,4
29,2025-10-10,1.7952108854530323e-4,7.216638168807287,-7.806263915564672e-4,0.8651225738778603,0.9256621156251147,0.630798293975798,small,4
30,2025-10-10,1.4565558244210725e-4,7.754076609495579,-0.0014143872133862586,0.29483895863316045,0.9742659803360217,0.9816156371992557,small,4
31,2025-10-10,4.7421418073160333e-4,16.13289175937462,-0.0020888668197835856,0.8002329926310351,0.9607597496774785,0.9933244829061058,small,4
32,2025-10-10,-2.0863007833610506e-4,9.447149493497431,-0.001502731727015198,0.4939457860009701,0.9195008272219525,0.9177226327261964,small,4
1,2025-11-14,-2.460662304031007e-4,0.5718480502869655,0.002653156576749325,0.38212327508365707,0.9650519603444261,0.7348625316317428,small,4
2,2025-11-14,5.3605854802096794e-5,0.7040034926090569,0.003998467729775755,0.03796504742024286,0.8938248158212976,0.880045780307497,small,4
3,2025-11-14,-1.628308974460719e-5,0.32415513269686325,0.002580854428194831,0.012998809874365016,0.9060235472757722,0.9990946739143195,small,4
4,2025-11-14,1.4436185192821566e-4,0.5251216603335525,0.0021074197128603113,0.623679725217832,0.8640074658142646,0.9999044239701524,small,4
5,2025-11-14,-1.734122892868081e-4,0.5264176892203039,0.0014725584399830896,0.5726023167065194,0.9826970307559727,0.9780822167389521,small,4
6,2025-11-14,2.1949175116945654e-4,0.2925404616424516,8.4921341789049e-4,0.7475172766371276,0.9867117618782391,0.6184780017851833,small,4
7,2025-11-14,4.783869415388621e-6,0.15882170030964518,0.0011184991171472568,3.5884174810293695e-4,0.8396084709435981,0.99900127577365,small,4
8,2025-11-14,2.4490580825233167e-4,0.17602053488823313,3.735473187593405e-4,0.438563017222943,0.7525359242063657,0.3627593880025211,small,4
9,2025-11-14,1.2212532196808885e-4,0.24137416152257174,8.11478109266517e-4,0.5446557227276059,0.883363361958543,0.982670562691312,small,4
10,2025-11-14,9.518519270108904e-5,1.6353178664065584,-0.001437528190561821,0.061292859457999144,0.9369104042837522,0.6755862884714908,small,4
11,2025-11-14,1.7581279904787492e-4,0.7500045074375401,-8.82431593873534e-4,0.33704095393850075,0.9867662912499517,0.9740739532455315,small,4
12,2025-11-14,3.8417334610850364e-4,0.5257358021484774,0.0014744400367284057,0.9583946655798343,0.8527270317368868,0.9958947625169039,small,4
13,2025-11-14,5.943671281513001e-5,0.6420301516139535,0.001238836432585894,0.05341448702907771,0.9783089680210029,0.9965554073786734,small,4
14,2025-11-14,-1.71625757813813e-5,0.3999682323410465,0.0011799148535539673,0.008958029472453359,0.9301957148268057,0.7205902589416863,small,4
15,2025-11-14,8.609575530962604e-5,2.059496932745118,0.004239208194703845,0.14455148308558832,0.9698785485716871,0.9902912331951959,small,4
16,2025-11-14,1.269033603091252e-4,0.3679303221379966,5.499560916983154e-4,0.3463708163428619,0.7793498855350679,0.991335699268031,small,4
17,2025-11-14,-6.45367895265873e-5,0.5188733021508901,4.519715254158049e-4,0.5821662074325342,0.977245689631537,0.9993969757009192,small,4
18,2025-11-14,-4.204601736889924e-4,0.15402357503499742,0.001160609458781734,0.8991886718837443,0.5575193605578488,0.4584935237935712,small,4
19,2025-11-14,2.452031552005746e-4,0.8929546068756202,9.604314411603733e-4,0.21213397009570512,0.9775180101365804,0.4183013332707376,small,4
20,2025-11-14,-2.6088581585712598e-5,0.6955376100050369,-3.169776685294799e-5,0.006313382049740849,0.875268620210894,0.06831233044242882,small,4
21,2025-11-14,-1.8509171376705326e-5,0.7399633489844081,1.67319314770964e-5,0.005050475736162691,0.944372355719652,0.37090896678183455,small,4
22,2025-11-14,-2.1463774967277397e-4,0.5676555616391065,-2.231866477238972e-4,0.6447477271769985,0.870383042919345,0.3670333568403635,small,4
25,2025-11-14,2.1635534298175332e-4,0.5961928096243962,-1.0673138334735674e-4,0.46522656494711756,0.9385357051900972,0.8816379430594787,small,4
26,2025-11-14,2.074094534783387e-4,0.5257518042649473,-1.0682684930635045e-5,0.8530976158737849,0.9571681239197732,0.012014315252141227,small,4
27,2025-11-14,5.404057004366082e-5,0.2282278248699479,-3.1775276310232436e-4,0.12881831257918955,0.9309943543137329,0.771518801032968,small,4
28,2025-11-14,1.5148245781792884e-4,0.16937417963738982,-6.621171896678313e-4,0.860315984474745,0.9453060217167388,0.6238440331161459,small,4
29,2025-11-14,-6.242101055301815e-5,0.20969223311785354,1.9741431017911918e-4,0.01921653880333701,0.3392044727750023,0.2433725157266256,small,4
30,2025-11-14,-2.4005456867487782e-4,-1.365728522876991,-5.313663703287231e-4,0.838034636452714,0.9999284967658891,0.9997228930653328,small,3
31,2025-11-14,-2.7194213903216646e-5,0.4084593205746791,-0.0011964900748126996,0.10990872533767997,0.9878010378060819,0.389275533066184,small,4
32,2025-11-14,-5.925727411195089e-5,0.8520464596278424,-3.50122895080555e-4,0.3172938678044377,0.8862412695958564,0.7557731570189117,small,4
23,2025-11-14,4.370753662059932e-5,0.24443640414994358,-6.472850829630281e-4,0.19109093299126398,0.7935123280323048,0.5844753146359919,small,4
24,2025-11-14,-1.786543416873728e-4,0.59274027521997,-7.207322182717255e-4,0.9163490332015133,0.8074511668030339,0.9959779818744041,small,4
1,2025-10-09,6.428667171798433e-4,10.821436912858696,-0.006688234466028892,0.7947123416060768,0.9979156025368774,0.9067586669231998,small,4
2,2025-10-09,4.3791871642654643e-4,11.247530980746445,-0.003643594160819801,0.9862656832147696,0.943774930223026,0.9091712000662243,small,4
12,2025-10-09,8.334705584757457e-5,1.5968075544887477,-3.304654073446756e-4,0.027374436462534575,0.7767462601296939,0.9873569041370206,small,4
13,2025-10-09,5.403411241541021e-4,7.511912098097374,0.0010365682118347608,0.8270276909555756,0.9498688422923066,0.3945743225539393,small,4
23,2025-10-09,-9.156367974935997e-5,4.738645664530315,-0.0017508280903219744,0.17737741136552065,0.9413355336037307,0.989856089611477,small,4
24,2025-10-09,5.327714307271946e-4,7.434776557182091,-9.99833507366235e-5,0.5783560152862433,0.9543252731791834,0.11252636594918375,small,4
3,2025-10-09,2.9123117546377017e-4,3.6900743451366336,-0.001002231287485158,0.7518955134471619,0.9577274595781864,0.34808739339254186,small,4
4,2025-10-09,3.8045356412409845e-4,7.955185152558059,-0.002206390346335607,0.5273696926356662,0.9339037024365144,0.9363649688627602,small,4
14,2025-10-09,2.2042729073454149e-4,3.4426294967811155,-0.003176921576399789,0.2972002708228134,0.6453303242075609,0.595428617261933,small,4
15,2025-10-09,0.0014435719847281263,10.141715455496675,-1.3834219598421457e-4,0.7543789238903486,0.991307158971635,0.018993814640708727,small,4
25,2025-10-09,-2.2898602665739166e-4,7.85602248305647,-0.0036917482888184196,0.44395192430002856,0.9585623850471481,0.7636569145710599,small,4
26,2025-10-09,0.0011529959538585457,9.372304957698137,0.005661898786374087,0.8792663587301109,0.945161259823443,0.7731462855022893,small,4
5,2025-10-09,2.6870859320115247e-4,12.782398446020599,-0.0012247821007261843,0.6814063850754306,0.9575860026482473,0.9604271213041358,small,4
6,2025-10-09,5.367748525900674e-4,11.222568571898842,-7.799029135019393e-4,0.8587507024197497,0.9979505096475343,0.6435189908629149,small,4
16,2025-10-09,-2.5856037528940304e-5,7.86021530330919,-0.0010895801305648538,0.0046754957669241995,0.9908219169346506,0.8676982062695343,small,4
17,2025-10-09,7.946212887991383e-4,10.996267866872723,-0.0010064488570398727,0.7690166964505871,0.9462610254979572,0.9888668562930721,small,4
27,2025-10-09,5.574319507710811e-4,8.228625014620217,-0.007915740146063189,0.7981183068135628,0.9943461778742639,0.7732705269145201,small,4
28,2025-10-09,8.214875792619786e-4,5.281460445580482,0.005976846597749533,0.6148936781657617,0.9426550385254943,0.830560317224833,small,4
7,2025-10-09,3.4675208147566256e-4,6.448646112176466,0.0014855955662675146,0.8128335437199419,0.879953462830864,0.041964605358646566,small,4
8,2025-10-09,6.259629340090957e-4,6.17707959643856,5.570759378124832e-4,0.6815128804362327,0.9853340791721517,0.2933291010968226,small,4
18,2025-10-09,-4.8286020050859404e-4,2.8227489452498236,0.00822173763314093,0.5514394917023535,0.830710894922328,0.7660906685487497,small,4
19,2025-10-09,4.7723614842851603e-4,4.740133995623925,-3.327818395568092e-4,0.24360200215938352,0.839733236861836,0.0018058278176805468,small,4
29,2025-10-09,0.0010042053921056305,17.271343570472872,-6.65400558884015e-4,0.8936882184699737,0.9880100562577011,0.12178487952898244,small,4
30,2025-10-09,0.0010129024568921018,17.577729060191267,-0.0036316570294977965,0.9930149196891812,0.9700660472300309,0.9780578321878824,small,4
9,2025-10-09,7.527364704856103e-4,12.162886105061013,-0.0023832918140347078,0.987943909080699,0.999376293541882,0.9413686479616747,small,3
10,2025-10-09,6.76333923064565e-5,1.7971011968326338,-4.30453127598464e-4,0.07483863817033146,0.9933929977636163,0.9991767249459907,small,4
20,2025-10-09,-4.639677519426882e-4,4.129368757631654,2.812229959108316e-4,0.8475642165683608,0.7555317622779751,0.17481914668284523,small,4
21,2025-10-09,-3.605219093845147e-4,2.1039292454341103,0.0012303814306938205,0.5272792656076699,0.9871327265511326,0.9918861073296968,small,4
31,2025-10-09,-2.2264501117499633e-4,1.476407460787241,5.271280759392502e-4,0.5741808692417032,0.9905052182575891,0.9702615550843978,small,4
32,2025-10-09,-2.9061477486056484e-5,1.1180183001791224,3.6863660964172603e-4,0.022257210561479154,0.9850411991707135,0.984627762985616,small,4
11,2025-10-09,-2.3319631463284793e-4,0.888920151266766,1.920703375247494e-4,0.9227274392769277,0.9616774518607167,0.980087394159731,small,4
22,2025-10-09,9.716592851866229e-5,0.4376795445656494,1.592388220843175e-4,0.27539750437408217,0.8972613215841423,0.39281472835848263,small,4
28,2026-02-03,-8.100408261333256e-4,0.727820433547228,-4.306294604305805e-4,0.3399236314924527,0.9943434971149883,0.2044128669721393,small,4
1,2026-02-03,-3.5047181343112485e-4,4.57332209312406,-0.019702701187287952,1,1,1,small,2
2,2026-02-03,5.952869502034848e-5,2.257029412379161,-0.001245137443491634,0.049136405783562334,0.8908496972695561,0.259845592817298,small,4
3,2026-02-03,-5.677810037301799e-5,-0.012596740194461113,-0.001124338616458349,0.12767298171984723,0.015852105290701513,0.9934763260936875,small,3
4,2026-02-03,1.046500810494955e-4,6.39627423117075,0.0011739151793955219,0.30976293391971477,0.9350743681439226,0.005117884949894853,small,4
5,2026-02-03,1.9923498355553417e-4,1.526559717576373,-1.3526267131952084e-4,0.5994150604630971,0.828024658115454,0.034191380213973346,small,3
6,2026-02-03,2.133662081915707e-4,4.154985525367838,-0.006192786320057973,0.38265358972739794,0.99215273748962,0.9847736927364988,small,4
7,2026-02-03,-7.46010894649422e-5,0.5808515590494792,-0.0015837286374602638,0.19691451831348294,0.5931688345180967,0.6444152450339451,small,4
8,2026-02-03,1.6961901229482087e-4,2.0403999814579743,-0.0016098421607825487,0.21091400247079833,0.2915043805906267,0.8031906023496768,small,4
9,2026-02-03,-8.345995374307906e-5,0.0959757539791386,-0.0015330463595139246,0.12701932919175313,0.01031378183944506,0.9459308027780126,small,3
10,2026-02-03,3.7017033282496693e-4,9.138357486163533,-0.001611778890439292,0.36496891515721336,0.7252428957251127,0.5952832546561873,small,4
11,2026-02-03,1.937812164938654e-4,1.345891154093367,-2.65625336919347e-4,0.3647902326568694,0.7945928188033926,0.18225212877807997,small,4
12,2026-02-03,9.201133717002227e-5,4.038510089132506,-0.0024948890718458003,0.3559966534867917,0.9234166214170355,0.936885296108043,small,4
13,2026-02-03,1.5658632192557433e-5,3.603996297927619,-0.00108978389990592,0.004065317914556553,0.978621886613487,0.9947176878193467,small,4
14,2026-02-03,8.689207515344856e-4,13.397368775507811,-0.0066016379876313175,0.94444147432237,0.9684531676426564,0.9901546432982873,small,4
15,2026-02-03,5.140330641847632e-4,5.2604349205163095,-0.001469054575753409,0.8069219665717696,0.9858403851050332,0.9730273663402882,small,4
16,2026-02-03,0.0012937841099944546,15.07991159426666,-0.0033174364151944743,0.8381055186987787,0.9241912246446391,0.9234814294499674,small,4
17,2026-02-03,1.037695123469451e-4,1.4800633469756002,-9.469405599235378e-4,0.3577142409226454,0.8669322383859485,0.8125969899015089,small,4
18,2026-02-03,3.9780949711624975e-4,10.591418241154269,-5.715670174357968e-4,0.5898611051836898,0.9791398856625234,0.36515173947776025,small,4
19,2026-02-03,-3.767418718195378e-5,3.583407764220829,-0.001094934152875027,0.2759130940711466,0.9301032466804424,0.8645115827641271,small,4
20,2026-02-03,2.0517720845679937e-4,5.4706301411995515,-0.0011430878597745676,0.5613986418386624,0.9747184879338129,0.5882569926624703,small,4
21,2026-02-03,4.8459888045477125e-5,4.602051665710237,-0.001975581386104679,0.4633993098372097,0.9890496692723207,0.9858455704678704,small,4
22,2026-02-03,2.998796617518866e-4,7.644939445893173,-0.007801383165298245,0.6820609957532379,0.968003894951949,0.9875833118930587,small,4
23,2026-02-03,-7.057084123045956e-5,0.3491733962842834,5.007097869047309e-4,0.20607655771788272,0.4585154661761541,0.5814807032381131,small,4
24,2026-02-03,4.366642300376204e-4,4.3337512421325375,-0.0016854921124924815,0.9999276297249917,0.9913742959074635,0.9142111894735491,small,3
25,2026-02-03,2.9103389580435276e-5,2.5516946335069015,-0.0015028803509589514,0.01910676920359015,0.9405335559996698,0.9342430372887865,small,4
26,2026-02-03,4.246895557930527e-4,5.3472684104736175,-0.0011264927089166816,0.8388013792631316,0.9790588505449297,0.5869991380023246,small,4
27,2026-02-03,-2.520661149801562e-4,5.17386651634488,-0.001997183726619554,0.6385823280921653,0.9955712148643937,0.9882999815810745,small,4
29,2026-02-03,-2.5420169861697304e-4,-0.11080749754196104,0.001317624256176444,0.7114410170875751,0.5952725868015771,0.9473153403713636,small,4
30,2026-02-03,-3.4043292918195674e-4,0.20336318199582826,4.976848424444569e-4,0.398576994985391,0.604566173283057,0.9840108077790714,small,4
31,2026-02-03,1.3022807015831568e-4,0.7659353449802745,-4.129310068823591e-4,0.6352738667265143,0.8879601632482325,0.998078766975592,small,3
32,2026-02-03,1.1589264581986394e-4,3.2388160784151725,-1.1889832653542007e-4,0.4579764824116145,0.9959135198471412,0.8033441282209716,small,4
1,2026-01-27,1.2064154474634493e-4,0.9338637513684505,-6.623732507527082e-4,0.3674244289994486,0.8609228275478144,0.9894739733538076,small,4
9,2026-01-27,-2.550176989879916e-4,0.40950857097933296,-4.270245776358669e-4,0.8347998611644718,0.8147901976841984,0.9970336415258312,small,4
17,2026-01-27,-2.150767682182734e-5,0.9413604163137888,-3.346221947276718e-4,0.033892941663982046,0.9740052379301575,0.2820957112388694,small,4
25,2026-01-27,1.2182562424063314e-4,2.573178024817323,-0.0023690503096348205,0.3532182608951928,0.9737680422461004,0.9589771429610154,small,4
2,2026-01-27,1.911836689950904e-4,0.5913682442258233,-0.0017356570066245547,0.44603296735468395,0.8823287876604865,0.9659735837741311,small,4
10,2026-01-27,2.276884984650115e-4,5.067201483704309,-0.001205148553029787,0.8349644767733964,0.9969232021944459,0.9773103895934097,small,4
18,2026-01-27,1.285425101740471e-4,1.4326905481717165,-0.0020811929398033397,0.12821907908233654,0.9537561962301039,0.9224793602257374,small,4
26,2026-01-27,-1.78855393511892e-4,1.5531730532198165,-0.001400638827433151,0.2284613601004849,0.9043037094209253,0.8764433812250622,small,4
3,2026-01-27,8.452551085599503e-5,1.0079051241533308,-7.862389406156231e-4,0.3363654356477912,0.9991969131350196,0.9487169447198486,small,4
11,2026-01-27,3.7489861150997214e-4,0.43101346024428194,-7.790798037657019e-4,0.9241205915604795,0.9908658395530704,0.8431375025994727,small,4
19,2026-01-27,0.00020335793286464288,1.744112440079559,-0.0015308915938160323,0.8256919477673008,0.9801154980024497,0.9901966347317304,small,4
27,2026-01-27,2.1471161757793847e-4,-0.7797114801136288,-6.999109175559683e-5,0.6913186123824248,0.8566383419290036,0.5770681315971168,small,4
4,2026-01-27,-5.2886881091751556e-5,1.1655541907013627,-8.613442530064694e-4,0.20432096321906779,0.957010811085609,0.9836455253831677,small,4
12,2026-01-27,-2.5513894937878586e-5,1.9577678428384755,-5.053813160380118e-4,0.024215830961526207,0.9684561906778286,0.7626848369216813,small,4
20,2026-01-27,1.452589622908504e-4,2.640256644706174,-8.266455897682252e-4,0.30690600361853504,0.9994407504799463,0.9998593926301531,small,3
28,2026-01-27,3.577942778888825e-4,1.553127818553482,-3.51778314811971e-4,0.9416848712110681,0.9777511722802443,0.6659446480904978,small,4
5,2026-01-27,-9.11013047965259e-5,0.41357591936202587,1.4698931768604006e-4,0.11402791760920775,0.9620457517520312,0.6805167010658719,small,4
13,2026-01-27,1.0496046946116464e-4,25.42716930777614,0.006945038015626396,0.1952776741397766,0.8121801486143343,0.7932025407789076,small,4
21,2026-01-27,7.802124332364418e-5,1.9260340766932047,-9.784116690688194e-4,0.05197158276226818,0.9875260970737898,0.8654997145005685,small,4
29,2026-01-27,-1.5929812624168707e-4,1.9833807113148063,-5.26659366198364e-5,0.17875839310083963,0.973885746688913,0.17193835507918956,small,4
6,2026-01-27,3.4239291273809876e-5,3.8544555548143915,-5.702383186121315e-4,0.014227364962411655,0.9999118208346452,0.9780473884386839,small,4
14,2026-01-27,1.5227724502305884e-4,1.0493592692174085,-3.310103815878781e-4,0.1692867402661926,0.9808457889898994,0.8772584603464856,small,4
22,2026-01-27,5.693755436503228e-5,2.5273935389350215,-4.974854215873137e-4,0.15625033938325367,0.9967007633485397,0.1841258453087511,small,4
30,2026-01-27,1.5950546282746586e-5,1.6158848054590669,-5.377451508223175e-4,0.03275114955480631,0.9848476975029458,0.8895878590475851,small,4
7,2026-01-27,-4.1653361531797733e-5,-0.1517500441386297,-2.4173854715535073e-4,0.02592834076537858,0.06665187486045618,0.5950122547049991,small,3
15,2026-01-27,2.673768443337614e-4,1.5769508053295767,-1.3687196127574927e-4,0.4764049864698106,0.9750885476138081,0.2837738437889748,small,4
23,2026-01-27,2.7984155320133063e-4,2.281689423196137,-3.545480170710155e-4,0.7400110154729813,0.990106019762397,0.9069222142814879,small,4
31,2026-01-27,6.299901651592183e-5,11.769394249480685,0.014578013735223558,0.251131211217296,0.7939246121648571,0.8039728179196914,small,4
8,2026-01-27,-1.5415651894711515e-5,-0.6186443937368024,-7.298368263348035e-4,0.003490826885161851,0.9250867666310909,0.9861369420686529,small,3
16,2026-01-27,3.0668984150509896e-4,-0.895785546877572,-5.012296299062296e-4,0.8897658277950549,0.9129513377956415,0.9969683849626593,small,4
24,2026-01-27,-4.125000752117636e-5,-0.5734144464106764,-3.05120598682412e-4,0.026238382171679283,0.9523780875243416,0.9321335653145922,small,4
32,2026-01-27,-1.7678251628199546e-4,-0.49549274160063156,-1.4899465550035037e-4,0.38123728558131975,0.7778604366023291,0.9892804790089759,small,4
1,2026-02-10,-1.3665703163757117e-5,0.029446274916843925,-0.004907348371025779,0.5182195203341032,0.05679521308360062,0.9802120784533427,small,3
9,2026-02-10,-2.4974243390432837e-5,0.6474666581334866,-8.582933936153838e-4,0.01093037375917904,0.9937742733409872,0.7401909396897013,small,4
17,2026-02-10,-1.0530879377300307e-5,1.020993480559749,-3.468710458299996e-4,8.206155094170772e-4,0.8105644516298538,0.42296031087264685,small,4
25,2026-02-10,5.520557448472315e-5,5.1924850337791675,0.005685619759986079,0.05200312989206539,0.8915693673908971,0.9366765438727612,small,4
2,2026-02-10,4.3230798653470196e-4,8.573827390604158,0.0015741294395832655,0.7087291925189557,0.9992951849692927,0.9638672692174305,small,3
10,2026-02-10,1.8569547047084063e-4,8.228598843945836,0.002709919106638855,0.5067653418545793,0.9702076836568946,0.9553296669609482,small,4
18,2026-02-10,1.1604205457637564e-4,4.075413454493019,0.005209563039097129,0.8766921630159572,0.9474743019315011,0.9239368388908706,small,3
26,2026-02-10,-1.1040733938196253e-4,4.085567927756913,-0.0020863838038889856,0.15827758984182502,0.989947023911913,0.9927253695114362,small,3
3,2026-02-10,1.3409457014727062e-4,3.5841863390039097,-5.331969025488738e-4,0.7295402409823695,0.9996097626499547,0.9992818043895466,small,3
11,2026-02-10,2.9247961382637054e-4,2.4791321400555333,-4.0971737486118477e-4,0.8336822949214452,0.7801115238133238,0.5354770792191573,small,3
19,2026-02-10,-3.84739214205939e-4,2.6781815746526987,-9.598700136126491e-4,0.5925409682260346,0.9260521878638638,0.9963046380594339,small,3
27,2026-02-10,-1.488516844094908e-4,2.8461047320939636,-7.133465432183784e-4,0.5680570952494313,0.9152903067982372,0.9277474947866603,small,4
4,2026-02-10,9.694532463302218e-5,8.556511009049675,-0.0011589600784010225,0.9657606156697826,0.9929419293508936,0.9374274079919942,small,3
12,2026-02-10,3.633244038790486e-4,4.229625569267231,8.470718084023121e-4,0.9494155195804254,0.85927245460611,0.9545195763031492,small,3
20,2026-02-10,-8.680056021246033e-5,0.47447947276491814,0.0013657824039766573,0.18625563215248658,0.6435725276567633,0.7715354614644332,small,4
28,2026-02-10,-2.0792680836819054e-4,1.185113195925037,-8.98827210504397e-5,0.14517293626839728,0.9889196234695962,0.2866049750855252,small,3
5,2026-02-10,-2.01777095020628e-5,2.5582851633815635,-2.1872219939502653e-4,0.008505862828398788,0.9500570340395285,0.7578210398142857,small,3
13,2026-02-10,8.347377227538343e-4,4.317778346772338,-9.616247327779052e-4,0.9861161817632019,0.9804389807927262,0.928826265050752,small,3
21,2026-02-10,1.133940572295907e-4,4.321111696636218,-8.623031829305936e-4,0.5237705500721032,0.998662863895443,0.9932010600102713,small,4
29,2026-02-10,-1.361649596021023e-4,3.8627526359580937,-2.453506776964928e-4,0.2517272885803146,0.9954276417962369,0.36889169108062253,small,3
6,2026-02-10,7.685768449057662e-5,7.680115932382076,-0.0014368952613908925,0.14167380639688945,0.9915133273707819,0.9922444566221779,small,4
14,2026-02-10,-2.05943490343626e-5,5.406613241741602,-4.3575409437127165e-4,0.0035061151786404334,0.9525146061881187,0.5004595296219233,small,4
22,2026-02-10,-2.4742774654879337e-5,3.5338614759630342,-2.6570154908171165e-4,0.01104396825081283,0.9612690811736732,0.802493714451311,small,4
30,2026-02-10,1.9593543432662913e-4,3.73144988281141,6.94708361534396e-4,0.9766397972830669,0.9450484846594186,0.35770385752979805,small,3
7,2026-02-10,1.4201682613152578e-4,3.9422013297987424,-9.337255960360601e-4,0.8798947547213398,0.9911110284495496,0.9303782405339779,small,4
15,2026-02-10,1.533317055843734e-4,1.6565314799871464,-6.092417947980996e-4,0.5126429545447281,0.9785933831614473,0.9915081496865323,small,4
23,2026-02-10,3.49307939554677e-5,1.378596637356077,-4.8104667712796834e-4,0.00833793680554101,0.9766081536609356,0.8565870027769306,small,4
31,2026-02-10,1.985246485695251e-4,4.843478389572547,0.005664541700262139,0.7598436666171469,0.906882393852121,0.8973335680659651,small,3
8,2026-02-10,-2.6756950417971343e-5,-0.9717306650906754,-1.2443762134031053e-4,0.012114366207503082,0.937614457999085,0.8445578266260274,small,4
16,2026-02-10,4.789897182282252e-5,-0.7757529316169895,-4.5696425106830446e-4,0.09890714317889805,0.9001451280311007,0.9142762329724168,small,4
24,2026-02-10,-2.3890240447510466e-6,-0.5978780867451589,-8.827281956344991e-4,2.424899261995278e-4,0.8825534671095424,0.9999531163073136,small,4
32,2026-02-10,3.7124154589166154e-5,-1.1312376658743113,-0.0017554262425175204,0.036262621005413345,0.9998402419153739,0.9952469000950629,small,4
