id_lysi,date,chamber_size,nr_bags,CO2_flux,CH4_flux,N2O_flux,r2_CO2,r2_CH4,r2_N2O,co2_quality,n2o_qc_flag,quality_flag
1,2025-03-13,NA,NA,NA,NA,NA,NA,NA,NA,NA,NA,0
2,2025-03-13,NA,NA,NA,NA,NA,NA,NA,NA,NA,NA,0
3,2025-03-13,NA,NA,NA,NA,NA,NA,NA,NA,NA,NA,0
4,2025-03-13,NA,NA,NA,NA,NA,NA,NA,NA,NA,NA,0
5,2025-03-13,NA,NA,NA,NA,NA,NA,NA,NA,NA,NA,0
6,2025-03-13,NA,NA,NA,NA,NA,NA,NA,NA,NA,NA,0
7,2025-03-13,NA,NA,NA,NA,NA,NA,NA,NA,NA,NA,0
8,2025-03-13,NA,NA,NA,NA,NA,NA,NA,NA,NA,NA,0
9,2025-03-13,NA,NA,NA,NA,NA,NA,NA,NA,NA,NA,0
10,2025-03-13,NA,NA,NA,NA,NA,NA,NA,NA,NA,NA,0
11,2025-03-13,NA,NA,NA,NA,NA,NA,NA,NA,NA,NA,0
12,2025-03-13,NA,NA,NA,NA,NA,NA,NA,NA,NA,NA,0
13,2025-03-13,NA,NA,NA,NA,NA,NA,NA,NA,NA,NA,0
14,2025-03-13,NA,NA,NA,NA,NA,NA,NA,NA,NA,NA,0
15,2025-03-13,NA,NA,NA,NA,NA,NA,NA,NA,NA,NA,0
16,2025-03-13,NA,NA,NA,NA,NA,NA,NA,NA,NA,NA,0
17,2025-03-13,NA,NA,NA,NA,NA,NA,NA,NA,NA,NA,0
18,2025-03-13,NA,NA,NA,NA,NA,NA,NA,NA,NA,NA,0
19,2025-03-13,small,NA,3.44954275742197,0.00844013736140755,0.000602129722313691,0.999348529239354,0.998665387706357,0.998275627144121,Positiv & Signifikant (OK),Accepted: N2O R² > 0.9,1
20,2025-03-13,NA,NA,NA,NA,NA,NA,NA,NA,NA,NA,0
21,2025-03-13,NA,NA,NA,NA,NA,NA,NA,NA,NA,NA,0
22,2025-03-13,NA,NA,NA,NA,NA,NA,NA,NA,NA,NA,0
23,2025-03-13,NA,NA,NA,NA,NA,NA,NA,NA,NA,NA,0
24,2025-03-13,small,NA,2.00842441192366,0.00702114849659207,0.000326017349756717,0.974762496537115,0.985913231911517,0.946491065698177,Positiv & Signifikant (OK),Accepted: N2O R² > 0.9,1
25,2025-03-13,NA,NA,NA,NA,NA,NA,NA,NA,NA,NA,0
26,2025-03-13,NA,NA,NA,NA,NA,NA,NA,NA,NA,NA,0
27,2025-03-13,NA,NA,NA,NA,NA,NA,NA,NA,NA,NA,0
28,2025-03-13,NA,NA,NA,NA,NA,NA,NA,NA,NA,NA,0
29,2025-03-13,NA,NA,NA,NA,NA,NA,NA,NA,NA,NA,0
30,2025-03-13,NA,NA,NA,NA,NA,NA,NA,NA,NA,NA,0
31,2025-03-13,NA,NA,NA,NA,NA,NA,NA,NA,NA,NA,0
32,2025-03-13,NA,NA,NA,NA,NA,NA,NA,NA,NA,NA,0
1,2025-03-14,NA,NA,NA,NA,NA,NA,NA,NA,NA,NA,0
2,2025-03-14,NA,NA,NA,NA,NA,NA,NA,NA,NA,NA,0
3,2025-03-14,NA,NA,NA,NA,NA,NA,NA,NA,NA,NA,0
4,2025-03-14,NA,NA,NA,NA,NA,NA,NA,NA,NA,NA,0
5,2025-03-14,NA,NA,NA,NA,NA,NA,NA,NA,NA,NA,0
6,2025-03-14,NA,NA,NA,NA,NA,NA,NA,NA,NA,NA,0
7,2025-03-14,NA,NA,NA,NA,NA,NA,NA,NA,NA,NA,0
8,2025-03-14,NA,NA,NA,NA,NA,NA,NA,NA,NA,NA,0
9,2025-03-14,NA,NA,NA,NA,NA,NA,NA,NA,NA,NA,0
10,2025-03-14,NA,NA,NA,NA,NA,NA,NA,NA,NA,NA,0
11,2025-03-14,NA,NA,NA,NA,NA,NA,NA,NA,NA,NA,0
12,2025-03-14,NA,NA,NA,NA,NA,NA,NA,NA,NA,NA,0
13,2025-03-14,NA,NA,NA,NA,NA,NA,NA,NA,NA,NA,0
14,2025-03-14,NA,NA,NA,NA,NA,NA,NA,NA,NA,NA,0
15,2025-03-14,NA,NA,NA,NA,NA,NA,NA,NA,NA,NA,0
16,2025-03-14,NA,NA,NA,NA,NA,NA,NA,NA,NA,NA,0
17,2025-03-14,NA,NA,NA,NA,NA,NA,NA,NA,NA,NA,0
18,2025-03-14,NA,NA,NA,NA,NA,NA,NA,NA,NA,NA,0
19,2025-03-14,NA,NA,NA,NA,NA,NA,NA,NA,NA,NA,0
20,2025-03-14,small,NA,0.41285317397638,-0.00037553617580447,9.12247191662894e-05,0.275304540987934,0.700458791375029,0.924819496499821,Positiv & Rauschen,Rejected: CO2 R² ≤ 0.9,0
21,2025-03-14,NA,NA,NA,NA,NA,NA,NA,NA,NA,NA,0
22,2025-03-14,NA,NA,NA,NA,NA,NA,NA,NA,NA,NA,0
23,2025-03-14,NA,NA,NA,NA,NA,NA,NA,NA,NA,NA,0
24,2025-03-14,NA,NA,NA,NA,NA,NA,NA,NA,NA,NA,0
25,2025-03-14,NA,NA,NA,NA,NA,NA,NA,NA,NA,NA,0
26,2025-03-14,NA,NA,NA,NA,NA,NA,NA,NA,NA,NA,0
27,2025-03-14,NA,NA,NA,NA,NA,NA,NA,NA,NA,NA,0
28,2025-03-14,small,NA,1.40395664058372,0.00319945534603926,0.000346671896005872,0.996127615749583,0.998961500370708,0.976091108562719,Positiv & Signifikant (OK),Accepted: N2O R² > 0.9,1
29,2025-03-14,NA,NA,NA,NA,NA,NA,NA,NA,NA,NA,0
30,2025-03-14,NA,NA,NA,NA,NA,NA,NA,NA,NA,NA,0
31,2025-03-14,NA,NA,NA,NA,NA,NA,NA,NA,NA,NA,0
32,2025-03-14,NA,NA,NA,NA,NA,NA,NA,NA,NA,NA,0
1,2025-03-17,small,NA,1.8966388969232,-0.000386462543798181,1.17917561286444e-05,0.581174914278691,0.558921129473601,0.0637854720588339,Positiv & Rauschen,Rejected: CO2 R² ≤ 0.9,0
2,2025-03-17,NA,NA,NA,NA,NA,NA,NA,NA,NA,NA,0
3,2025-03-17,NA,NA,NA,NA,NA,NA,NA,NA,NA,NA,0
4,2025-03-17,NA,NA,NA,NA,NA,NA,NA,NA,NA,NA,0
5,2025-03-17,NA,NA,NA,NA,NA,NA,NA,NA,NA,NA,0
6,2025-03-17,NA,NA,NA,NA,NA,NA,NA,NA,NA,NA,0
7,2025-03-17,NA,NA,NA,NA,NA,NA,NA,NA,NA,NA,0
8,2025-03-17,NA,NA,NA,NA,NA,NA,NA,NA,NA,NA,0
9,2025-03-17,NA,NA,NA,NA,NA,NA,NA,NA,NA,NA,0
10,2025-03-17,NA,NA,NA,NA,NA,NA,NA,NA,NA,NA,0
11,2025-03-17,small,NA,2.0013731128409,0.00158441791795285,0.000117883213712478,0.988882992661278,0.917625063868954,0.834008636635749,Positiv & Signifikant (OK),Accepted: low flux (below detection limit),1
12,2025-03-17,NA,NA,NA,NA,NA,NA,NA,NA,NA,NA,0
13,2025-03-17,NA,NA,NA,NA,NA,NA,NA,NA,NA,NA,0
14,2025-03-17,NA,NA,NA,NA,NA,NA,NA,NA,NA,NA,0
15,2025-03-17,small,NA,1.81643840443091,-0.000594276358365488,0.000110514604578525,0.951066223371538,0.995458375639554,0.823308374378524,Positiv & Signifikant (OK),Accepted: low flux (below detection limit),1
16,2025-03-17,NA,NA,NA,NA,NA,NA,NA,NA,NA,NA,0
17,2025-03-17,NA,NA,NA,NA,NA,NA,NA,NA,NA,NA,0
18,2025-03-17,NA,NA,NA,NA,NA,NA,NA,NA,NA,NA,0
19,2025-03-17,NA,NA,NA,NA,NA,NA,NA,NA,NA,NA,0
20,2025-03-17,small,NA,0.355925745619771,-0.00036122046578997,-2.69374021370508e-05,0.983653585930176,0.99530151000431,0.207389042213569,Positiv & Signifikant (OK),Accepted: low flux (below detection limit),1
21,2025-03-17,NA,NA,NA,NA,NA,NA,NA,NA,NA,NA,0
22,2025-03-17,NA,NA,NA,NA,NA,NA,NA,NA,NA,NA,0
23,2025-03-17,NA,NA,NA,NA,NA,NA,NA,NA,NA,NA,0
24,2025-03-17,NA,NA,NA,NA,NA,NA,NA,NA,NA,NA,0
25,2025-03-17,NA,NA,NA,NA,NA,NA,NA,NA,NA,NA,0
26,2025-03-17,NA,NA,NA,NA,NA,NA,NA,NA,NA,NA,0
27,2025-03-17,NA,NA,NA,NA,NA,NA,NA,NA,NA,NA,0
28,2025-03-17,NA,NA,NA,NA,NA,NA,NA,NA,NA,NA,0
29,2025-03-17,NA,NA,NA,NA,NA,NA,NA,NA,NA,NA,0
30,2025-03-17,NA,NA,NA,NA,NA,NA,NA,NA,NA,NA,0
31,2025-03-17,NA,NA,NA,NA,NA,NA,NA,NA,NA,NA,0
32,2025-03-17,NA,NA,NA,NA,NA,NA,NA,NA,NA,NA,0
1,2025-04-04,small,NA,2.06405106150934,-0.000174751220595608,0.000156011709424343,0.982324559206056,0.882709720435625,0.954503161454172,Positiv & Signifikant (OK),Accepted: low flux (below detection limit),1
2,2025-04-04,small,NA,3.15290898931616,-0.000405150376259089,-5.77730073782857e-06,0.993793695293814,0.997672641527383,0.0135575079869542,Positiv & Signifikant (OK),Accepted: low flux (below detection limit),1
3,2025-04-04,small,NA,5.22286328147038,-0.000517333872360405,8.38351397329516e-05,0.985640102587569,0.984829582918539,0.907447490179997,Positiv & Signifikant (OK),Accepted: low flux (below detection limit),1
4,2025-04-04,NA,NA,NA,NA,NA,NA,NA,NA,NA,NA,0
5,2025-04-04,small,NA,4.17027099689726,-0.000585695490931371,0.000105728023924758,0.988448073624803,0.990379885716481,0.909755331635852,Positiv & Signifikant (OK),Accepted: low flux (below detection limit),1
6,2025-04-04,NA,NA,NA,NA,NA,NA,NA,NA,NA,NA,0
7,2025-04-04,small,NA,7.15294677010795,-0.000661541203615194,8.20744266041537e-05,0.999717185054777,0.999655495319979,0.775825114174239,Positiv & Signifikant (OK),Accepted: low flux (below detection limit),1
8,2025-04-04,NA,NA,NA,NA,NA,NA,NA,NA,NA,NA,0
9,2025-04-04,small,NA,2.57613788865703,-0.000206501962271361,-4.56976298985648e-06,0.991816717156989,0.991973792130287,0.00938479391586754,Positiv & Signifikant (OK),Accepted: low flux (below detection limit),1
10,2025-04-04,small,NA,1.23105228730517,-0.000268123665311404,1.92447166281712e-05,0.995342063735062,0.0816432925887588,0.0710703605821764,Positiv & Signifikant (OK),Accepted: low flux (below detection limit),1
11,2025-04-04,NA,NA,NA,NA,NA,NA,NA,NA,NA,NA,0
12,2025-04-04,small,NA,3.75638676801353,-0.000518260249963784,0.000150184780603949,0.991918179353326,0.958721899840872,0.906814832627903,Positiv & Signifikant (OK),Accepted: low flux (below detection limit),1
13,2025-04-04,small,NA,7.36433391236352,-0.000508465163795469,6.30824058394025e-05,0.993168799992731,0.903854650468001,0.934294796115393,Positiv & Signifikant (OK),Accepted: low flux (below detection limit),1
14,2025-04-04,NA,NA,NA,NA,NA,NA,NA,NA,NA,NA,0
15,2025-04-04,small,NA,3.42089576828927,-0.000278278481172306,-1.2637124691129e-05,0.971280307756815,0.853838548041109,0.179805133452151,Positiv & Signifikant (OK),Accepted: low flux (below detection limit),1
16,2025-04-04,small,NA,2.53792737595548,7.81313986236758e-05,-3.74906779982691e-05,0.99990224345845,0.0688972437821122,0.190231742527479,Positiv & Signifikant (OK),Accepted: low flux (below detection limit),1
17,2025-04-04,NA,NA,NA,NA,NA,NA,NA,NA,NA,NA,0
18,2025-04-04,small,NA,2.2913405516094,-1.06069446034729e-05,-1.12427829843771e-05,0.966923925182073,0.00431358112504451,0.176136745978308,Positiv & Signifikant (OK),Accepted: low flux (below detection limit),1
19,2025-04-04,NA,NA,NA,NA,NA,NA,NA,NA,NA,NA,0
20,2025-04-04,NA,NA,NA,NA,NA,NA,NA,NA,NA,NA,0
21,2025-04-04,small,NA,3.74627333819961,-0.000479273964018341,-1.40950688848917e-05,0.994836539812643,0.99536652886635,0.0211067240010003,Positiv & Signifikant (OK),Accepted: low flux (below detection limit),1
22,2025-04-04,small,NA,3.12998396732074,-0.000428147297071402,-9.31558352698715e-06,0.982197696810157,0.969620223068412,0.0123744643481128,Positiv & Signifikant (OK),Accepted: low flux (below detection limit),1
23,2025-04-04,small,NA,6.41524586213281,-0.00196828727146535,6.91061726810921e-05,0.952879997784332,0.616890389983668,0.565792814720359,Positiv & Signifikant (OK),Accepted: low flux (below detection limit),1
24,2025-04-04,small,NA,2.77101650383228,-0.000359360125484066,0.000105104960158031,0.994080569192783,0.872095670662731,0.64341423391691,Positiv & Signifikant (OK),Accepted: low flux (below detection limit),1
25,2025-04-04,small,NA,11.2705523086388,-0.00145782091892001,0.000239141580818626,0.995792939803673,0.559013573996436,0.953747964909317,Positiv & Signifikant (OK),Accepted: N2O R² > 0.9,1
26,2025-04-04,small,NA,4.77161214977646,-0.0011785551340182,-4.07450773561078e-05,0.861031665422709,0.464052215997722,0.141176255997853,Positiv & Rauschen,Rejected: CO2 R² ≤ 0.9,0
27,2025-04-04,small,NA,5.86369933576991,-0.000712594339938053,0.000285341562927274,0.994841661928781,0.997385479557341,0.941855564316318,Positiv & Signifikant (OK),Accepted: N2O R² > 0.9,1
28,2025-04-04,small,NA,2.57539712560364,-0.00047992540069924,1.23939367830479e-05,0.997916636652204,0.998313451242394,0.0218124495133688,Positiv & Signifikant (OK),Accepted: low flux (below detection limit),1
29,2025-04-04,small,NA,4.31660764035388,-0.00064392691922168,0.000159181924125255,0.99973992004136,0.999987724629925,0.902241238584739,Positiv & Signifikant (OK),Accepted: low flux (below detection limit),1
30,2025-04-04,small,NA,3.5304597045424,-0.00179737060043723,0.000178319618881131,0.999941027141541,0.840829382569353,0.877388575103491,Positiv & Signifikant (OK),Accepted: low flux (below detection limit),1
31,2025-04-04,small,NA,8.74262657840837,-0.000359503721213871,0.000115811992984302,0.988049763424162,0.842558581921309,0.511466190722757,Positiv & Signifikant (OK),Accepted: low flux (below detection limit),1
32,2025-04-04,small,NA,8.28567490562206,-0.00107111837641555,3.72992257466992e-05,0.998968234568316,0.567275938723752,0.100227322310568,Positiv & Signifikant (OK),Accepted: low flux (below detection limit),1
1,2025-04-09,small,NA,3.58634764457939,-0.000377839653930085,0.00011154572947532,0.992447002780059,0.966879548481246,0.958667211439683,Positiv & Signifikant (OK),Accepted: low flux (below detection limit),1
2,2025-04-09,small,NA,2.61564687013884,-0.000381500445966007,-9.09169151335285e-06,0.981596191839969,0.932236921909715,0.0353607492034294,Positiv & Signifikant (OK),Accepted: low flux (below detection limit),1
3,2025-04-09,small,NA,6.29721177588519,-0.000559583706660132,5.51856667825456e-07,0.991965091326997,0.966555662777024,0.00105925241341946,Positiv & Signifikant (OK),Accepted: low flux (below detection limit),1
4,2025-04-09,small,NA,4.72183890152024,-0.000665505151394296,-3.18786551903075e-05,0.994646140626808,0.987320578370256,0.165059271881,Positiv & Signifikant (OK),Accepted: low flux (below detection limit),1
5,2025-04-09,small,2,9.32749508751876,-0.000793641878974375,-1.36006155028274e-05,1,1,1,less than 3 bags,Rejected: less than 3 bags,0
6,2025-04-09,small,NA,2.5222545949156,-0.000228026747755646,1.90314269977291e-05,0.993879016043955,0.885927929190097,0.0803141912736874,Positiv & Signifikant (OK),Accepted: low flux (below detection limit),1
7,2025-04-09,small,NA,9.20588877043724,-0.000858913620798565,2.93967377789651e-05,0.943276032342431,0.899410308812166,0.981343823905956,Positiv & Signifikant (OK),Accepted: low flux (below detection limit),1
8,2025-04-09,small,NA,2.93576875393401,-0.00038459615719198,4.17621789285515e-05,0.994979469903287,0.997990398780492,0.622055387230124,Positiv & Signifikant (OK),Accepted: low flux (below detection limit),1
9,2025-04-09,small,NA,5.49159008142444,-0.000566580451544167,8.59368565762647e-05,0.996583255678887,0.998163328854474,0.65028079490346,Positiv & Signifikant (OK),Accepted: low flux (below detection limit),1
10,2025-04-09,small,NA,3.42163774967152,-0.000293663462388206,1.3022240702737e-05,0.999996696444998,0.912827659684422,0.0795457496569869,Positiv & Signifikant (OK),Accepted: low flux (below detection limit),1
11,2025-04-09,small,NA,7.00482291898164,-0.000764002603693077,0.0001141975553625,0.998593333974882,0.957455456219542,0.335774190037961,Positiv & Signifikant (OK),Accepted: low flux (below detection limit),1
12,2025-04-09,small,NA,5.86890851696439,-0.000624171766097292,-7.0842995631102e-05,0.99613253165496,0.99391139405436,0.724871092142284,Positiv & Signifikant (OK),Accepted: low flux (below detection limit),1
13,2025-04-09,small,NA,11.8018311069902,-0.000995579948092531,2.95749940121827e-05,0.990462157819373,0.992778940890234,0.316931541233412,Positiv & Signifikant (OK),Accepted: low flux (below detection limit),1
14,2025-04-09,small,NA,2.69662860905453,-0.000274211188160981,3.48417489681474e-05,0.950383584483219,0.646573906997541,0.0691763920075022,Positiv & Signifikant (OK),Accepted: low flux (below detection limit),1
15,2025-04-09,small,NA,9.51058636254463,-0.00106743245650594,-6.3811801586098e-05,0.956316537617806,0.92159676289448,0.756980793258669,Positiv & Signifikant (OK),Accepted: low flux (below detection limit),1
16,2025-04-09,small,NA,4.76322407771469,-0.000241678315368429,-7.20826784220627e-05,0.980469264788361,0.943963426464411,0.234156959444465,Positiv & Signifikant (OK),Accepted: low flux (below detection limit),1
17,2025-04-09,small,NA,9.43562711661845,-0.000915067653030393,0.000109600824423306,0.998214525840078,0.984300106626563,0.81169027948741,Positiv & Signifikant (OK),Accepted: low flux (below detection limit),1
18,2025-04-09,small,NA,2.53018351840838,-4.89450449248731e-05,-2.86401247963993e-05,0.98729990541155,0.0418843481575883,0.0771270589096356,Positiv & Signifikant (OK),Accepted: low flux (below detection limit),1
19,2025-04-09,small,NA,11.5294188024191,-0.000878152604201834,-3.25446580385654e-05,0.998537389832999,0.992347250881342,0.299394919730562,Positiv & Signifikant (OK),Accepted: low flux (below detection limit),1
20,2025-04-09,small,NA,2.78604521413385,-0.000552610271282774,1.24510015371422e-05,0.96616443135275,0.981937864325174,0.426725791365789,Positiv & Signifikant (OK),Accepted: low flux (below detection limit),1
21,2025-04-09,small,NA,8.70760718683344,-0.000891933489384835,-1.39260213580074e-05,0.998228510351421,0.989986581550417,0.0425306568489194,Positiv & Signifikant (OK),Accepted: low flux (below detection limit),1
22,2025-04-09,small,NA,3.48223403557436,-0.000389329236838051,-1.91504654153522e-06,0.976378188850966,0.965211803592996,0.0010170528781874,Positiv & Signifikant (OK),Accepted: low flux (below detection limit),1
23,2025-04-09,small,NA,8.25982115421571,-0.00221421210221368,-1.7606370359009e-05,0.972868934151456,0.720110921668939,0.0999131751071874,Positiv & Signifikant (OK),Accepted: low flux (below detection limit),1
24,2025-04-09,small,NA,5.03534594882738,-0.000547061294766234,2.26273898021617e-05,0.979248496439225,0.987833217592667,0.0635473918159656,Positiv & Signifikant (OK),Accepted: low flux (below detection limit),1
25,2025-04-09,small,NA,7.18264421359777,-0.000846675863751402,-4.45582681159993e-06,0.994872842670654,0.911955783015168,0.00853548694215257,Positiv & Signifikant (OK),Accepted: low flux (below detection limit),1
26,2025-04-09,small,NA,5.19591542690485,-0.00059178459491354,-3.42579591671323e-06,0.995205437912389,0.52689728351833,0.00172233766389451,Positiv & Signifikant (OK),Accepted: low flux (below detection limit),1
27,2025-04-09,small,NA,5.96252961281098,-0.000627143054693372,0.000157033150658759,0.996783715572995,0.999493051281854,0.761380426294005,Positiv & Signifikant (OK),Accepted: low flux (below detection limit),1
28,2025-04-09,small,NA,3.24649695725611,-0.000329119971549752,-4.12996853909489e-05,0.987607966890718,0.677273100819028,0.335749141525144,Positiv & Signifikant (OK),Accepted: low flux (below detection limit),1
29,2025-04-09,small,NA,6.88352157196769,-0.000623872161928013,0.000199245077692138,0.988080389579963,0.997802842582761,0.862044824497834,Positiv & Signifikant (OK),Accepted: low flux (below detection limit),1
30,2025-04-09,small,NA,3.95155439436663,-0.000469193435066687,9.00360636293443e-05,0.999998011551586,0.957449387816813,0.975695823426094,Positiv & Signifikant (OK),Accepted: low flux (below detection limit),1
31,2025-04-09,small,NA,8.45741860830905,-0.000168236946058261,3.83661540769423e-05,0.998579498487858,0.342308053533883,0.542952263687661,Positiv & Signifikant (OK),Accepted: low flux (below detection limit),1
32,2025-04-09,small,NA,6.00761185808971,-0.000682447601031268,-4.08793756864304e-05,0.999651708986649,0.969618249075704,0.808086815553557,Positiv & Signifikant (OK),Accepted: low flux (below detection limit),1
1,2025-04-15,small,NA,4.60099386707228,-0.000382645189704574,3.03247999418737e-05,0.981525750617048,0.977932908927054,0.212668804087414,Positiv & Signifikant (OK),Accepted: low flux (below detection limit),1
2,2025-04-15,NA,NA,NA,NA,NA,NA,NA,NA,NA,NA,0
3,2025-04-15,small,NA,5.0375370521923,-0.000511055217346686,4.01692894995749e-05,0.993330006168016,0.996218257345879,0.732812099637798,Positiv & Signifikant (OK),Accepted: low flux (below detection limit),1
4,2025-04-15,small,NA,2.19804628140591,-0.000319561260359629,-9.63122682931216e-05,0.887453828883677,0.935613175066096,0.314979267333173,Positiv & Rauschen,Rejected: CO2 R² ≤ 0.9,0
5,2025-04-15,small,NA,3.1653500947639,-0.000362823537408131,3.43495188100409e-05,0.938165646888822,0.971044932025656,0.135253546403238,Positiv & Signifikant (OK),Accepted: low flux (below detection limit),1
6,2025-04-15,small,NA,1.5278961112924,-0.000338908645273642,1.99243597659984e-06,0.982370221069902,0.984246419423597,0.00047065257850679,Positiv & Signifikant (OK),Accepted: low flux (below detection limit),1
7,2025-04-15,small,NA,4.94453442950689,-0.000558032164141969,-8.28604346066269e-06,0.99927362962278,0.999132355635366,0.0489379632320669,Positiv & Signifikant (OK),Accepted: low flux (below detection limit),1
8,2025-04-15,small,NA,3.09253897523247,-0.000461739991481288,9.39932581430577e-05,0.994005905243486,0.919478807836204,0.893546675152627,Positiv & Signifikant (OK),Accepted: low flux (below detection limit),1
9,2025-04-15,small,NA,3.6924847563319,-0.000389704325835413,-4.4335076727903e-05,0.975869256505615,0.968779561753665,0.594204784201513,Positiv & Signifikant (OK),Accepted: low flux (below detection limit),1
10,2025-04-15,small,NA,6.39696582352607,-0.000594448427108821,-0.000149964171277096,0.995198659127925,0.879951515100755,0.949696144287262,Positiv & Signifikant (OK),Accepted: low flux (below detection limit),1
11,2025-04-15,NA,NA,NA,NA,NA,NA,NA,NA,NA,NA,0
12,2025-04-15,small,NA,2.56686539971454,-0.000233059449276457,-6.47151976756491e-06,0.980765429279583,0.95783277781184,0.37169838581307,Positiv & Signifikant (OK),Accepted: low flux (below detection limit),1
13,2025-04-15,small,NA,5.11535116009221,-0.000421121308608604,-3.26918526856772e-05,0.996569566404368,0.990337227742966,0.119451306849339,Positiv & Signifikant (OK),Accepted: low flux (below detection limit),1
14,2025-04-15,small,NA,2.41480861778587,-0.00033564345034804,-2.3487656661262e-05,0.909518625823583,0.887119610202635,0.259120389920238,Positiv & Signifikant (OK),Accepted: low flux (below detection limit),1
15,2025-04-15,small,NA,4.59713989006253,-0.000742577320828619,-6.37356303677633e-05,0.981480274695375,0.984466147904791,0.960041225828973,Positiv & Signifikant (OK),Accepted: low flux (below detection limit),1
16,2025-04-15,small,NA,2.89192549359271,3.51756352057583e-05,6.29414652881015e-05,0.969755461168658,0.686191415622279,0.32254074326882,Positiv & Signifikant (OK),Accepted: low flux (below detection limit),1
17,2025-04-15,small,NA,3.4883289008229,-0.000402190879918468,-2.41813802227308e-05,0.998522966156277,0.984221513723567,0.272738827485864,Positiv & Signifikant (OK),Accepted: low flux (below detection limit),1
18,2025-04-15,small,NA,2.97594220819016,-0.000529261145122118,-1.72091873477155e-05,0.996222622046223,0.992222499568677,0.0605997693045402,Positiv & Signifikant (OK),Accepted: low flux (below detection limit),1
19,2025-04-15,NA,NA,NA,NA,NA,NA,NA,NA,NA,NA,0
20,2025-04-15,small,NA,3.49845777640102,-0.000517817436284539,4.9304303913441e-06,0.997353459554864,0.987759258671174,0.0135932148523408,Positiv & Signifikant (OK),Accepted: low flux (below detection limit),1
21,2025-04-15,NA,NA,NA,NA,NA,NA,NA,NA,NA,NA,0
22,2025-04-15,NA,NA,NA,NA,NA,NA,NA,NA,NA,NA,0
23,2025-04-15,small,NA,4.91822623960137,-0.000135920924493023,-3.14541307942559e-05,0.938475373614632,0.170386040047394,0.381974481985133,Positiv & Signifikant (OK),Accepted: low flux (below detection limit),1
24,2025-04-15,NA,NA,NA,NA,NA,NA,NA,NA,NA,NA,0
25,2025-04-15,NA,NA,NA,NA,NA,NA,NA,NA,NA,NA,0
26,2025-04-15,small,NA,6.08997584939056,-0.000854772813716158,5.1238235742298e-06,0.994791390324338,0.822437552721123,0.00498699161973343,Positiv & Signifikant (OK),Accepted: low flux (below detection limit),1
27,2025-04-15,small,NA,3.57504684896794,-0.000478835792317768,7.06097111088196e-05,0.960691125871023,0.98181039809822,0.367710105780879,Positiv & Signifikant (OK),Accepted: low flux (below detection limit),1
28,2025-04-15,NA,NA,NA,NA,NA,NA,NA,NA,NA,NA,0
29,2025-04-15,small,NA,3.22566068936614,-9.86427765193026e-05,3.85511644406757e-07,0.857933164265055,0.621447022218995,7.12695529703675e-05,Positiv & Rauschen,Rejected: CO2 R² ≤ 0.9,0
30,2025-04-15,small,NA,2.35315754403718,-0.000816190031292097,6.73013602067861e-05,0.83671707010302,0.631211772428833,0.199480749347649,Positiv & Rauschen,Rejected: CO2 R² ≤ 0.9,0
31,2025-04-15,NA,NA,NA,NA,NA,NA,NA,NA,NA,NA,0
32,2025-04-15,NA,NA,NA,NA,NA,NA,NA,NA,NA,NA,0
1,2025-04-16,small,NA,2.99417939152895,-0.000476666122230499,6.52314422518011e-06,0.960456521388323,0.996103633013914,0.0887771391842488,Positiv & Signifikant (OK),Accepted: low flux (below detection limit),1
2,2025-04-16,small,NA,2.47191866786394,-2.08982487641805e-06,4.79505824571886e-05,0.845640705887337,1.62803738162443e-06,0.191609579118573,Positiv & Rauschen,Rejected: CO2 R² ≤ 0.9,0
3,2025-04-16,small,NA,4.08713079223489,-0.000576066066561432,-3.536041797972e-05,0.98901580136412,0.995251350703231,0.142214004096797,Positiv & Signifikant (OK),Accepted: low flux (below detection limit),1
4,2025-04-16,small,NA,3.05178759316827,-0.000556902918128848,-8.20894290368064e-05,0.988299568547626,0.992966821242337,0.992780019200127,Positiv & Signifikant (OK),Accepted: low flux (below detection limit),1
5,2025-04-16,small,NA,4.94081387083892,-0.000619224638012687,2.26147472779784e-05,0.993862762096211,0.967547160335029,0.527390828765187,Positiv & Signifikant (OK),Accepted: low flux (below detection limit),1
6,2025-04-16,small,NA,1.95647634652533,-0.000458448215797269,-2.98698421780312e-05,0.946605176903632,0.971993212625109,0.371102358250734,Positiv & Signifikant (OK),Accepted: low flux (below detection limit),1
7,2025-04-16,small,NA,0.79960162910148,-0.000153249049398095,-1.09679754680527e-05,0.758941420365398,0.295760887025434,0.0476776227223707,Positiv & Rauschen,Rejected: CO2 R² ≤ 0.9,0
8,2025-04-16,small,NA,1.74261201850629,-0.000344004027092912,8.48561695580218e-06,0.98440588479894,0.900019206932083,0.184904029293632,Positiv & Signifikant (OK),Accepted: low flux (below detection limit),1
9,2025-04-16,small,NA,3.00072674752563,-0.000330230914853818,-6.30965668890811e-05,0.972749639416982,0.99845648039139,0.491643538707427,Positiv & Signifikant (OK),Accepted: low flux (below detection limit),1
10,2025-04-16,small,NA,2.63231563825824,-1.38263513467823e-05,-4.62278779946975e-05,0.957928020748353,0.00332998145752643,0.37727315992097,Positiv & Signifikant (OK),Accepted: low flux (below detection limit),1
11,2025-04-16,small,NA,3.48243182247559,-0.000467159563821394,5.61812436428788e-05,0.976045552068207,0.991842317290025,0.535096302275925,Positiv & Signifikant (OK),Accepted: low flux (below detection limit),1
12,2025-04-16,small,NA,3.12472230649701,-0.000404897179741785,-7.32784295405992e-05,0.965034277943619,0.896480336222438,0.665921063292836,Positiv & Signifikant (OK),Accepted: low flux (below detection limit),1
13,2025-04-16,small,NA,3.62191665509379,-0.000342620341503214,-3.45782997533138e-05,0.97594300984889,0.984522008785275,0.497647457879349,Positiv & Signifikant (OK),Accepted: low flux (below detection limit),1
14,2025-04-16,small,NA,3.41232663088585,-0.000587144704299987,-3.05959857173382e-05,0.961778418884159,0.964389335200465,0.108736195896656,Positiv & Signifikant (OK),Accepted: low flux (below detection limit),1
15,2025-04-16,NA,NA,NA,NA,NA,NA,NA,NA,NA,NA,0
16,2025-04-16,small,NA,1.66168122445876,-5.08691370013315e-05,3.77858654822013e-05,0.911191337976749,0.237630023524347,0.937460047445755,Positiv & Signifikant (OK),Accepted: low flux (below detection limit),1
17,2025-04-16,small,NA,2.2742240285755,-0.000278165855646069,4.03515657063728e-05,0.98697558407569,0.891187331978449,0.726795598207134,Positiv & Signifikant (OK),Accepted: low flux (below detection limit),1
18,2025-04-16,small,NA,0.737444831463188,0.000942141259610733,-3.74307148450717e-05,0.796126329563269,0.725675499206547,0.891177596750122,Positiv & Rauschen,Rejected: CO2 R² ≤ 0.9,0
19,2025-04-16,small,NA,5.74111877499776,-0.000488250616853191,-8.40110331931617e-05,0.989523276296623,0.970944707067255,0.888796555849163,Positiv & Signifikant (OK),Accepted: low flux (below detection limit),1
20,2025-04-16,small,NA,2.96697022958177,-0.000395945508590703,-7.05992544367248e-05,0.939473170043889,0.912032717748932,0.937914116162691,Positiv & Signifikant (OK),Accepted: low flux (below detection limit),1
21,2025-04-16,small,NA,2.80950105436352,-0.000222713583415351,-6.66253589212872e-05,0.91141498754688,0.807725277683331,0.76280662154104,Positiv & Signifikant (OK),Accepted: low flux (below detection limit),1
22,2025-04-16,small,NA,1.3269214387238,-0.000218970545569408,6.223713813956e-05,0.886250079419211,0.858471665752909,0.395581521202117,Positiv & Rauschen,Rejected: CO2 R² ≤ 0.9,0
23,2025-04-16,small,NA,1.19838024668998,-0.00102522239927054,-2.37116025311271e-05,0.760474858208356,0.567419713935537,0.878140686992066,Positiv & Rauschen,Rejected: CO2 R² ≤ 0.9,0
24,2025-04-16,small,NA,2.63252922642016,-0.000392932099028302,-5.17441442748818e-05,0.88625105751204,0.86987015101796,0.748837363469689,Positiv & Rauschen,Rejected: CO2 R² ≤ 0.9,0
25,2025-04-16,small,NA,2.83724027953181,-0.000443048853576591,-3.94546225899327e-05,0.921121861107343,0.818387383440829,0.211355022074652,Positiv & Signifikant (OK),Accepted: low flux (below detection limit),1
26,2025-04-16,small,NA,2.10255487008569,-0.000254900264731874,4.23492033514167e-05,0.988370644131521,0.691283025473929,0.590230549970459,Positiv & Signifikant (OK),Accepted: low flux (below detection limit),1
27,2025-04-16,small,NA,2.79646465373719,-0.0003317856652336,5.73945466267376e-05,0.992595315334059,0.996214219152044,0.425655236451806,Positiv & Signifikant (OK),Accepted: low flux (below detection limit),1
28,2025-04-16,small,NA,0.918525793349533,-0.000175589055234644,-1.96571759038612e-05,0.782254753031441,0.919247261320433,0.262059082187311,Positiv & Rauschen,Rejected: CO2 R² ≤ 0.9,0
29,2025-04-16,small,NA,3.08936658975818,-0.000226670483930717,4.05894343705887e-05,0.984933555574217,0.894326684603128,0.903737471386656,Positiv & Signifikant (OK),Accepted: low flux (below detection limit),1
30,2025-04-16,small,NA,1.51984434041477,-0.000489997734105846,-5.01820133068519e-05,0.972835423530229,0.829599179802353,0.93515978872979,Positiv & Signifikant (OK),Accepted: low flux (below detection limit),1
31,2025-04-16,small,NA,2.17781595842217,0.000380013097794423,0.000165871265401483,0.918413227789802,0.550831495401941,0.938779349136935,Positiv & Signifikant (OK),Accepted: low flux (below detection limit),1
32,2025-04-16,small,NA,1.71535479265197,-0.000314831992062514,-6.67125701759771e-06,0.957312351630695,0.99676831947459,0.032753434355193,Positiv & Signifikant (OK),Accepted: low flux (below detection limit),1
1,2025-04-22,small,NA,1.06835935629863,-0.000510375316884989,-3.29449481264601e-05,0.809713419512896,0.937638434198818,0.579008815882799,Positiv & Rauschen,Rejected: CO2 R² ≤ 0.9,0
2,2025-04-22,small,NA,1.93944400067311,-0.000429597885522938,-3.22509951045111e-05,0.967211918022551,0.990577500920856,0.144069285504342,Positiv & Signifikant (OK),Accepted: low flux (below detection limit),1
3,2025-04-22,small,NA,5.37811779206779,-0.000482124284315398,-1.09078754450877e-05,0.988033160586417,0.947605870916198,0.0133750522810339,Positiv & Signifikant (OK),Accepted: low flux (below detection limit),1
4,2025-04-22,small,NA,3.91592170982866,-0.000750533317402603,-7.32098858021488e-06,0.997753653670396,0.983818427269289,0.239491616558839,Positiv & Signifikant (OK),Accepted: low flux (below detection limit),1
5,2025-04-22,small,NA,5.73803956638806,-0.000550374505467308,1.32665109678604e-05,0.998374999293725,0.999972293217045,0.131033313801871,Positiv & Signifikant (OK),Accepted: low flux (below detection limit),1
6,2025-04-22,small,NA,1.94139059521652,-0.000395540539351879,2.97016548287129e-05,0.885177032980154,0.73730585134111,0.126348553084488,Positiv & Rauschen,Rejected: CO2 R² ≤ 0.9,0
7,2025-04-22,small,NA,7.55225087885941,-0.000646331613728772,-0.000144370456024486,0.997684791222641,0.959472384092697,0.872816420724311,Positiv & Signifikant (OK),Accepted: low flux (below detection limit),1
8,2025-04-22,small,NA,4.29962627463568,-0.000511410118298137,-0.00027242036485436,0.997876181415612,0.907359828838839,0.999957542747661,Positiv & Signifikant (OK),Accepted: N2O R² > 0.9,1
9,2025-04-22,small,NA,6.50451860847643,-0.000492990317783364,-4.30338041942153e-05,0.994135011113458,0.957673513688491,0.355218530833401,Positiv & Signifikant (OK),Accepted: low flux (below detection limit),1
10,2025-04-22,small,NA,6.1653398591827,-0.000572276047909806,-0.000156481749967453,0.992646165627953,0.891719376801583,0.850610146270246,Positiv & Signifikant (OK),Accepted: low flux (below detection limit),1
11,2025-04-22,small,NA,5.43616556785674,-0.000425565086116613,1.75549063992045e-05,0.997569215148678,0.978528474767842,0.0456870098373511,Positiv & Signifikant (OK),Accepted: low flux (below detection limit),1
12,2025-04-22,NA,NA,NA,NA,NA,NA,NA,NA,NA,NA,0
13,2025-04-22,small,NA,11.2903951316112,-0.000857021058388015,-5.76306394331852e-06,0.986739469497267,0.99228186126016,0.00813793713461183,Positiv & Signifikant (OK),Accepted: low flux (below detection limit),1
14,2025-04-22,small,NA,5.61242584543925,-0.000842204186358859,-0.00011344264815788,0.955824948567157,0.999725121750681,0.557555088095123,Positiv & Signifikant (OK),Accepted: low flux (below detection limit),1
15,2025-04-22,NA,NA,NA,NA,NA,NA,NA,NA,NA,NA,0
16,2025-04-22,NA,NA,NA,NA,NA,NA,NA,NA,NA,NA,0
17,2025-04-22,small,NA,9.11416543239198,-0.000772596940061024,-7.45489932188856e-05,0.998078549064463,0.987204790927386,0.703831770774191,Positiv & Signifikant (OK),Accepted: low flux (below detection limit),1
18,2025-04-22,small,NA,2.86132454395448,-0.000846472781518126,4.85241147966802e-05,0.997003087092448,0.989433797688922,0.549907429071086,Positiv & Signifikant (OK),Accepted: low flux (below detection limit),1
19,2025-04-22,small,NA,10.6801252779908,-0.000845404268133809,-8.72759474870025e-05,0.999374432343431,0.961041870440932,0.327584622809045,Positiv & Signifikant (OK),Accepted: low flux (below detection limit),1
20,2025-04-22,small,NA,5.47575914927265,-0.000571499177058264,-7.7308738442115e-05,0.996743133348159,0.936591732975756,0.95039351360054,Positiv & Signifikant (OK),Accepted: low flux (below detection limit),1
21,2025-04-22,small,NA,10.5174297033546,-0.00117053517663982,-0.000135111031376231,0.995332920645399,0.974308884872741,0.675283126292341,Positiv & Signifikant (OK),Accepted: low flux (below detection limit),1
22,2025-04-22,small,NA,3.16121391104052,-0.00040297209105668,-5.72679908913716e-05,0.99771310644804,0.944663197233012,0.564536498924104,Positiv & Signifikant (OK),Accepted: low flux (below detection limit),1
23,2025-04-22,small,NA,4.90105178873852,-0.000539222066693206,3.23342534223583e-05,0.989320694729473,0.997283774638999,0.57476574207565,Positiv & Signifikant (OK),Accepted: low flux (below detection limit),1
24,2025-04-22,small,NA,5.97338165966368,-0.000661492157626975,-5.82209574224154e-05,0.983089744352925,0.959147683933596,0.564822035483414,Positiv & Signifikant (OK),Accepted: low flux (below detection limit),1
25,2025-04-22,NA,NA,NA,NA,NA,NA,NA,NA,NA,NA,0
26,2025-04-22,small,NA,5.13158494114656,-0.000587171003845762,-2.17626107233651e-05,0.980606365306709,0.777235658088527,0.0648705380863611,Positiv & Signifikant (OK),Accepted: low flux (below detection limit),1
27,2025-04-22,small,NA,11.1404161178752,-0.0010189792966057,-0.000135218984343173,0.997981589769509,0.989647624407288,0.98376153920802,Positiv & Signifikant (OK),Accepted: low flux (below detection limit),1
28,2025-04-22,NA,NA,NA,NA,NA,NA,NA,NA,NA,NA,0
29,2025-04-22,small,NA,8.36157098522972,-0.000806965449024858,-0.000133813008177705,0.999160845697888,0.99589288504641,0.681464370413465,Positiv & Signifikant (OK),Accepted: low flux (below detection limit),1
30,2025-04-22,small,NA,6.20458016332895,-0.000603895069768272,-2.1107599870855e-05,0.98119327820477,0.99512782599538,0.994421493535671,Positiv & Signifikant (OK),Accepted: low flux (below detection limit),1
31,2025-04-22,small,NA,6.60074235477306,-0.000296022419100409,4.69867466508443e-08,0.992620027246071,0.984761046047016,6.44851727601075e-07,Positiv & Signifikant (OK),Accepted: low flux (below detection limit),1
32,2025-04-22,small,NA,2.87365770324105,-0.000325143993017622,-3.45605900493012e-05,0.987564323576431,0.541340923618584,0.269210535142624,Positiv & Signifikant (OK),Accepted: low flux (below detection limit),1
1,2025-04-23,small,NA,NA,NA,NA,0,0,0,Negativ & Rauschen,Rejected: CO2 R² ≤ 0.9,0
2,2025-04-23,NA,NA,NA,NA,NA,NA,NA,NA,NA,NA,0
3,2025-04-23,small,NA,6.09705306607435,-0.000725795788207825,-3.73329673960612e-05,0.998548655996988,0.909237941075182,0.946674269462264,Positiv & Signifikant (OK),Accepted: low flux (below detection limit),1
4,2025-04-23,small,NA,-0.0261692813480828,-4.63294217577815e-05,2.22933518671091e-05,0.0405462409416323,0.061773205769174,0.876456131763869,Negativ & Rauschen,Rejected: CO2 R² ≤ 0.9,0
5,2025-04-23,small,NA,4.4815856456047,-0.000720788316623384,1.30124507015908e-05,0.998126350341446,0.963429213255082,0.07693274867284,Positiv & Signifikant (OK),Accepted: low flux (below detection limit),1
6,2025-04-23,small,NA,3.4582143993188,-0.00050171856820705,-4.2863662914218e-05,0.968052416498871,0.924589277641234,0.210412871136915,Positiv & Signifikant (OK),Accepted: low flux (below detection limit),1
7,2025-04-23,NA,NA,NA,NA,NA,NA,NA,NA,NA,NA,0
8,2025-04-23,small,NA,4.76208536300298,-0.000745271163802216,-3.44634300542402e-06,0.994892476000205,0.98299135553008,0.137065511002164,Positiv & Signifikant (OK),Accepted: low flux (below detection limit),1
9,2025-04-23,small,NA,6.27537719303067,-0.000490681432938474,-6.37155077403007e-05,0.991485825445757,0.951278364217845,0.1650437868448,Positiv & Signifikant (OK),Accepted: low flux (below detection limit),1
10,2025-04-23,small,NA,6.03020479150103,-0.000380179796341842,-8.2400940432161e-05,0.998046306222002,0.803795546736874,0.9868944128117,Positiv & Signifikant (OK),Accepted: low flux (below detection limit),1
11,2025-04-23,small,NA,3.722787444129,-0.000287651018369668,4.48062265544978e-05,0.996296460997114,0.98974297144674,0.648235087397128,Positiv & Signifikant (OK),Accepted: low flux (below detection limit),1
12,2025-04-23,NA,NA,NA,NA,NA,NA,NA,NA,NA,NA,0
13,2025-04-23,small,NA,10.6444464174832,-0.000798308822709126,-9.15483325594241e-05,0.972268742940706,0.992453271856248,0.570811724708426,Positiv & Signifikant (OK),Accepted: low flux (below detection limit),1
14,2025-04-23,small,NA,4.17556141610506,-0.00041874041862511,-4.68918020810217e-05,0.986529001508796,0.789158588861617,0.563365942412986,Positiv & Signifikant (OK),Accepted: low flux (below detection limit),1
15,2025-04-23,NA,NA,NA,NA,NA,NA,NA,NA,NA,NA,0
16,2025-04-23,NA,NA,NA,NA,NA,NA,NA,NA,NA,NA,0
17,2025-04-23,small,NA,5.52364499657993,-0.000416177897954042,-6.04454960361385e-05,0.92413067695747,0.940882636038436,0.958559021829939,Positiv & Signifikant (OK),Accepted: low flux (below detection limit),1
18,2025-04-23,small,NA,1.08195464446843,-0.000334327307265123,1.09314327583585e-05,0.96387008876328,0.99352696736418,0.0525339936983846,Positiv & Signifikant (OK),Accepted: low flux (below detection limit),1
19,2025-04-23,small,NA,10.0436548752998,-0.00110306902732831,-0.000106747040900297,0.994123121253192,0.987260330977245,0.486829599616221,Positiv & Signifikant (OK),Accepted: low flux (below detection limit),1
20,2025-04-23,small,NA,4.02631999180136,-0.000414625824481914,-2.71199968909911e-05,0.985768828168643,0.974834858823683,0.430767963707224,Positiv & Signifikant (OK),Accepted: low flux (below detection limit),1
21,2025-04-23,small,NA,9.39516807721013,-0.00077861417989326,-0.000119722910410545,0.997367799659147,0.993431485725232,0.407254158725799,Positiv & Signifikant (OK),Accepted: low flux (below detection limit),1
22,2025-04-23,small,NA,5.4990476869199,-0.000767607080248462,1.31581534712098e-05,0.990409079760751,0.98253106906141,0.143866450518299,Positiv & Signifikant (OK),Accepted: low flux (below detection limit),1
23,2025-04-23,small,NA,5.30553775569627,-0.000416216919290187,-9.6235227885271e-05,0.966549606967634,0.958390502720075,0.954792983198389,Positiv & Signifikant (OK),Accepted: low flux (below detection limit),1
24,2025-04-23,small,NA,4.13694638377226,-0.000544534142637732,-0.000108533237685544,0.970684759285975,0.817424311978848,0.965286734144459,Positiv & Signifikant (OK),Accepted: low flux (below detection limit),1
25,2025-04-23,small,NA,6.68417050284549,-0.000821812934726081,-2.56061638870663e-05,0.998807823829177,0.986349954570816,0.524990015247773,Positiv & Signifikant (OK),Accepted: low flux (below detection limit),1
26,2025-04-23,small,NA,5.76239893509368,-0.000464032044575977,-5.71214171780551e-05,0.944690402596604,0.647240507636411,0.97484359441069,Positiv & Signifikant (OK),Accepted: low flux (below detection limit),1
27,2025-04-23,small,NA,10.4985081670718,-0.000775156251477725,-0.000182407136083412,0.998859366832482,0.998576302685983,0.974510193115269,Positiv & Signifikant (OK),Accepted: low flux (below detection limit),1
28,2025-04-23,NA,NA,NA,NA,NA,NA,NA,NA,NA,NA,0
29,2025-04-23,small,NA,9.944130531689,-0.000878310788593948,-0.000126768044293943,0.995948548466321,0.9934940402179,0.944621693166313,Positiv & Signifikant (OK),Accepted: low flux (below detection limit),1
30,2025-04-23,NA,NA,NA,NA,NA,NA,NA,NA,NA,NA,0
31,2025-04-23,NA,NA,NA,NA,NA,NA,NA,NA,NA,NA,0
32,2025-04-23,NA,NA,NA,NA,NA,NA,NA,NA,NA,NA,0
1,2025-04-30,small,2,7.29635721292046,-0.00404379925555244,-0.000546310573613245,1,1,1,less than 3 bags,Rejected: less than 3 bags,0
2,2025-04-30,small,NA,5.58238130493847,-0.00267963774622962,-0.000113045187950428,0.984113814148201,0.710893109137104,0.51195541341599,Positiv & Signifikant (OK),Accepted: low flux (below detection limit),1
3,2025-04-30,small,NA,10.5402869526123,-0.00122099253027306,-3.78202702132337e-05,0.99082764210939,0.969218445427209,0.968487169794189,Positiv & Signifikant (OK),Accepted: low flux (below detection limit),1
4,2025-04-30,small,NA,8.19943671445226,-0.000579523344523115,-0.000100535228473457,0.980131199559293,0.856552903110816,0.845661654079639,Positiv & Signifikant (OK),Accepted: low flux (below detection limit),1
5,2025-04-30,small,NA,7.83246082887581,-0.00134825488275365,-5.59401316038621e-06,0.996999996777583,0.985258988446601,0.291627551320868,Positiv & Signifikant (OK),Accepted: low flux (below detection limit),1
6,2025-04-30,small,NA,9.17220743261985,-0.000918556423099082,-0.000118446941683036,0.999465915818637,0.997843413256826,0.907061883078361,Positiv & Signifikant (OK),Accepted: low flux (below detection limit),1
7,2025-04-30,small,NA,13.9781056348262,-0.00106715320374018,-0.000109983407434813,0.986553511601144,0.985555261125872,0.523195901733591,Positiv & Signifikant (OK),Accepted: low flux (below detection limit),1
8,2025-04-30,small,NA,10.046291318796,-0.000607696853766089,-0.000171829662683653,0.999965281231795,0.862964666912505,0.998495975906937,Positiv & Signifikant (OK),Accepted: low flux (below detection limit),1
9,2025-04-30,small,NA,17.9553270731909,-0.000491376368760406,-0.000252038255662053,0.984587614933422,0.223930127678229,0.944694548348125,Positiv & Signifikant (OK),Accepted: N2O R² > 0.9,1
10,2025-04-30,small,NA,4.20532746814619,-0.00018982000329997,1.39506794991438e-05,0.999677312174927,0.187674784479109,0.0139801728878562,Positiv & Signifikant (OK),Accepted: low flux (below detection limit),1
11,2025-04-30,small,NA,12.3481680750336,-0.00108490308930319,1.97828768692933e-05,0.999529369548457,0.997206290038573,0.207684237840801,Positiv & Signifikant (OK),Accepted: low flux (below detection limit),1
12,2025-04-30,small,NA,13.4598353202754,-0.00138467040841269,-0.000199568378478478,0.992326765676047,0.997959361296757,0.775502568358387,Positiv & Signifikant (OK),Accepted: low flux (below detection limit),1
13,2025-04-30,small,NA,14.9356641524608,-0.00148565818019557,3.31742707056262e-05,0.988140925692867,0.971496232042483,0.0924601353777146,Positiv & Signifikant (OK),Accepted: low flux (below detection limit),1
14,2025-04-30,small,NA,14.87573434504,-0.00120362054552748,-0.00021310909695478,0.990715529129981,0.968515179930261,0.9336388441812,Positiv & Signifikant (OK),Accepted: N2O R² > 0.9,1
15,2025-04-30,small,NA,11.0846313769053,-0.00114317055561784,-1.47975291863592e-05,0.938051481977431,0.886387439313926,0.0471061877231299,Positiv & Signifikant (OK),Accepted: low flux (below detection limit),1
16,2025-04-30,small,NA,4.67087891984793,-0.000672943014713102,-7.08383778279308e-06,0.898529773253176,0.943016239561509,0.00647567534183667,Positiv & Rauschen,Rejected: CO2 R² ≤ 0.9,0
17,2025-04-30,small,NA,14.2465624680475,-0.00154837149001392,-3.34770174053314e-05,0.913865238819018,0.825521705685804,0.12185323295314,Positiv & Signifikant (OK),Accepted: low flux (below detection limit),1
18,2025-04-30,NA,NA,NA,NA,NA,NA,NA,NA,NA,NA,0
19,2025-04-30,small,NA,9.77320611854083,-0.000806222257815601,-1.04027771432553e-05,0.982727883906241,0.985456018285021,0.0179733523575126,Positiv & Signifikant (OK),Accepted: low flux (below detection limit),1
20,2025-04-30,NA,NA,NA,NA,NA,NA,NA,NA,NA,NA,0
21,2025-04-30,small,NA,8.62480726669201,-0.000725639017575937,-8.98202541712174e-05,0.986810875261711,0.997595521209623,0.741052837317711,Positiv & Signifikant (OK),Accepted: low flux (below detection limit),1
22,2025-04-30,small,NA,7.06149267839766,-0.00090526212184399,-0.000112986791440212,0.936169103939868,0.968747148879376,0.854534320677466,Positiv & Signifikant (OK),Accepted: low flux (below detection limit),1
23,2025-04-30,small,NA,13.0023903160954,-0.00096149128795704,-8.83540916248875e-05,0.997339388373914,0.999655463223586,0.50510619437034,Positiv & Signifikant (OK),Accepted: low flux (below detection limit),1
24,2025-04-30,small,NA,11.2384365916812,-0.000846285522616846,-9.45096720309904e-05,0.998184086761578,0.982405301306386,0.642148367999849,Positiv & Signifikant (OK),Accepted: low flux (below detection limit),1
25,2025-04-30,NA,NA,NA,NA,NA,NA,NA,NA,NA,NA,0
26,2025-04-30,small,NA,8.57264546858749,-0.000578122733509066,-3.68620819933107e-05,0.985987422010826,0.777059033369562,0.12720583391311,Positiv & Signifikant (OK),Accepted: low flux (below detection limit),1
27,2025-04-30,small,NA,15.1925636533178,-0.00116649320165194,-0.00022628338441777,0.993998229998805,0.986531019102528,0.766475433049289,Positiv & Signifikant (OK),Rejected: N2O R² ≤ 0.9,0
28,2025-04-30,small,NA,12.3767395145653,-0.00110849038077255,-5.52197565182919e-05,0.994919798032926,0.991777669368188,0.336655376808856,Positiv & Signifikant (OK),Accepted: low flux (below detection limit),1
29,2025-04-30,small,NA,17.1167067701796,-0.00137859126216936,-0.000344813649970189,0.996507363073848,0.987503688190482,0.945429282725298,Positiv & Signifikant (OK),Accepted: N2O R² > 0.9,1
30,2025-04-30,small,NA,14.2359891596001,-0.00160014323937027,0.000132698619010076,0.998790062075186,0.948919320350929,0.142051277080126,Positiv & Signifikant (OK),Accepted: low flux (below detection limit),1
31,2025-04-30,small,NA,12.3344676424295,-0.000840332155699063,-0.00010864341117659,0.999689008595853,0.97599885483996,0.314101028215086,Positiv & Signifikant (OK),Accepted: low flux (below detection limit),1
32,2025-04-30,small,NA,7.33294605732984,-0.000673003350631996,-1.59126812360437e-05,0.999956783186544,0.96664003347752,0.0166786101845684,Positiv & Signifikant (OK),Accepted: low flux (below detection limit),1
1,2025-05-07,small,NA,3.20012267230687,-0.000283963818463735,-5.31813253640604e-05,0.993352785398461,0.999651688585531,0.328239277095032,Positiv & Signifikant (OK),Accepted: low flux (below detection limit),1
2,2025-05-07,small,NA,3.99426877224883,-0.000428159871186256,-5.45404602991426e-05,0.986962863228735,0.960355128851189,0.44797039020004,Positiv & Signifikant (OK),Accepted: low flux (below detection limit),1
3,2025-05-07,small,NA,7.74618200734495,-0.000717977326061758,1.17994852937122e-05,0.998965710562103,0.999946770785307,0.110979085847395,Positiv & Signifikant (OK),Accepted: low flux (below detection limit),1
4,2025-05-07,small,NA,6.84248008959515,-0.000899123401598511,-1.46652573777016e-05,0.992176643704153,0.945193812265798,0.0165759369057494,Positiv & Signifikant (OK),Accepted: low flux (below detection limit),1
5,2025-05-07,small,NA,6.51574105771492,-0.000686775035417857,-2.68968096623009e-05,0.995714786865146,0.946757150866095,0.392812867868864,Positiv & Signifikant (OK),Accepted: low flux (below detection limit),1
6,2025-05-07,small,NA,3.25002646826407,-0.000491528612868736,-8.5604093818604e-05,0.997837410988722,0.983230967001979,0.85597664833185,Positiv & Signifikant (OK),Accepted: low flux (below detection limit),1
7,2025-05-07,small,NA,4.34068154330907,-0.000651797427732341,-2.42984451657426e-05,0.98949338199731,0.923281874953742,0.0836227709804703,Positiv & Signifikant (OK),Accepted: low flux (below detection limit),1
8,2025-05-07,small,NA,5.25783668130831,-0.000469184590031292,-3.95820663289251e-05,0.991350156967398,0.976327991597669,0.24500838761644,Positiv & Signifikant (OK),Accepted: low flux (below detection limit),1
9,2025-05-07,small,NA,6.06700993704597,-0.000512961104310749,1.03166391875513e-05,0.997265694941702,0.798017895680464,0.0153050498370483,Positiv & Signifikant (OK),Accepted: low flux (below detection limit),1
10,2025-05-07,small,NA,3.62637976293389,-0.000406788895076991,-1.40794145647975e-06,0.999799090537638,0.957576202237275,0.0113176576153847,Positiv & Signifikant (OK),Accepted: low flux (below detection limit),1
11,2025-05-07,small,NA,6.29769612990399,-0.000591425217596763,7.79261698812326e-05,0.99863544528262,0.993928786029979,0.35338550165423,Positiv & Signifikant (OK),Accepted: low flux (below detection limit),1
12,2025-05-07,NA,NA,NA,NA,NA,NA,NA,NA,NA,NA,0
13,2025-05-07,NA,NA,NA,NA,NA,NA,NA,NA,NA,NA,0
14,2025-05-07,NA,NA,NA,NA,NA,NA,NA,NA,NA,NA,0
15,2025-05-07,NA,NA,NA,NA,NA,NA,NA,NA,NA,NA,0
16,2025-05-07,small,NA,1.20762944959644,0.000199243747454895,-9.61408439604036e-05,0.688566631850926,0.477857613484788,0.763706238196845,Positiv & Rauschen,Rejected: CO2 R² ≤ 0.9,0
17,2025-05-07,NA,NA,NA,NA,NA,NA,NA,NA,NA,NA,0
18,2025-05-07,NA,NA,NA,NA,NA,NA,NA,NA,NA,NA,0
19,2025-05-07,NA,NA,NA,NA,NA,NA,NA,NA,NA,NA,0
20,2025-05-07,NA,NA,NA,NA,NA,NA,NA,NA,NA,NA,0
21,2025-05-07,NA,NA,NA,NA,NA,NA,NA,NA,NA,NA,0
22,2025-05-07,NA,NA,NA,NA,NA,NA,NA,NA,NA,NA,0
23,2025-05-07,small,NA,3.99250815392744,-0.000410520688825032,-2.1642495919212e-05,0.83445917473067,0.801617444944097,0.146556777517823,Positiv & Rauschen,Rejected: CO2 R² ≤ 0.9,0
24,2025-05-07,NA,NA,NA,NA,NA,NA,NA,NA,NA,NA,0
25,2025-05-07,NA,NA,NA,NA,NA,NA,NA,NA,NA,NA,0
26,2025-05-07,NA,NA,NA,NA,NA,NA,NA,NA,NA,NA,0
27,2025-05-07,NA,NA,NA,NA,NA,NA,NA,NA,NA,NA,0
28,2025-05-07,NA,NA,NA,NA,NA,NA,NA,NA,NA,NA,0
29,2025-05-07,NA,NA,NA,NA,NA,NA,NA,NA,NA,NA,0
30,2025-05-07,small,NA,6.50798305135372,-0.000547152762110907,-2.33390259471843e-05,0.988709155271302,0.987661795207905,0.331223074351872,Positiv & Signifikant (OK),Accepted: low flux (below detection limit),1
31,2025-05-07,NA,NA,NA,NA,NA,NA,NA,NA,NA,NA,0
32,2025-05-07,NA,NA,NA,NA,NA,NA,NA,NA,NA,NA,0
1,2025-05-08,small,NA,1.9794904648573,-8.40753746816543e-05,-2.45126537677256e-06,0.629035022579351,0.546118874351313,0.0265621811971343,Positiv & Rauschen,Rejected: CO2 R² ≤ 0.9,0
2,2025-05-08,small,NA,3.99569943313615,-0.000931331285750758,-6.37422368709598e-05,0.997750146467661,0.8328047533448,0.894612197674608,Positiv & Signifikant (OK),Accepted: low flux (below detection limit),1
3,2025-05-08,small,NA,8.27871330169332,-0.000635496035510748,-4.15320115615576e-05,0.998066971749268,0.975054045614166,0.620875060674384,Positiv & Signifikant (OK),Accepted: low flux (below detection limit),1
4,2025-05-08,small,NA,9.25533225538463,-0.00110280169473486,1.41723475755984e-05,0.99814697137099,0.999021020529865,0.0548832020512276,Positiv & Signifikant (OK),Accepted: low flux (below detection limit),1
5,2025-05-08,small,NA,13.7277212743276,-0.00107052002081074,-2.81573909418655e-05,0.999229524135474,0.985014306304278,0.0911175082674986,Positiv & Signifikant (OK),Accepted: low flux (below detection limit),1
6,2025-05-08,small,NA,6.67490111388527,-0.000919919707706037,5.01018765275477e-05,0.972906705480413,0.992660235031195,0.421115925299537,Positiv & Signifikant (OK),Accepted: low flux (below detection limit),1
7,2025-05-08,small,NA,11.0683980884287,-0.000855055520292155,-8.35753013783616e-05,0.967373446824038,0.917879134958317,0.682536659751846,Positiv & Signifikant (OK),Accepted: low flux (below detection limit),1
8,2025-05-08,small,NA,9.05361144877967,-0.00131274656828147,-5.6728623732971e-05,0.983782886138993,0.893609654578415,0.501072167741512,Positiv & Signifikant (OK),Accepted: low flux (below detection limit),1
9,2025-05-08,small,NA,12.6180125150745,-0.000845199968093438,-8.08172261784871e-05,0.996843898504556,0.997934440658278,0.755012734214986,Positiv & Signifikant (OK),Accepted: low flux (below detection limit),1
10,2025-05-08,small,NA,7.69290112246814,-0.000715164184432451,-4.10564409150187e-05,0.98152537963655,0.987958480599937,0.976119528601595,Positiv & Signifikant (OK),Accepted: low flux (below detection limit),1
11,2025-05-08,small,NA,14.2670268819478,-0.000972752868578783,-0.000102911461225125,0.947198368174741,0.920586635335995,0.831836020384395,Positiv & Signifikant (OK),Accepted: low flux (below detection limit),1
12,2025-05-08,NA,NA,NA,NA,NA,NA,NA,NA,NA,NA,0
13,2025-05-08,NA,NA,NA,NA,NA,NA,NA,NA,NA,NA,0
14,2025-05-08,NA,NA,NA,NA,NA,NA,NA,NA,NA,NA,0
15,2025-05-08,NA,NA,NA,NA,NA,NA,NA,NA,NA,NA,0
16,2025-05-08,NA,NA,NA,NA,NA,NA,NA,NA,NA,NA,0
17,2025-05-08,NA,NA,NA,NA,NA,NA,NA,NA,NA,NA,0
18,2025-05-08,NA,NA,NA,NA,NA,NA,NA,NA,NA,NA,0
19,2025-05-08,NA,NA,NA,NA,NA,NA,NA,NA,NA,NA,0
20,2025-05-08,NA,NA,NA,NA,NA,NA,NA,NA,NA,NA,0
21,2025-05-08,NA,NA,NA,NA,NA,NA,NA,NA,NA,NA,0
22,2025-05-08,small,NA,6.77572803467588,-0.000534700748015689,-9.21361594041986e-05,0.995304686192687,0.999058266857864,0.93724119164835,Positiv & Signifikant (OK),Accepted: low flux (below detection limit),1
23,2025-05-08,small,NA,5.39197970535777,-0.000424001399405563,-8.33518980916462e-05,0.998220968038297,0.978672373956452,0.53541431815319,Positiv & Signifikant (OK),Accepted: low flux (below detection limit),1
24,2025-05-08,NA,NA,NA,NA,NA,NA,NA,NA,NA,NA,0
25,2025-05-08,NA,NA,NA,NA,NA,NA,NA,NA,NA,NA,0
26,2025-05-08,small,NA,7.06005760068664,-0.00115858325803617,-7.19127612462931e-05,0.992793937159,0.989082987146813,0.997847277563566,Positiv & Signifikant (OK),Accepted: low flux (below detection limit),1
27,2025-05-08,NA,NA,NA,NA,NA,NA,NA,NA,NA,NA,0
28,2025-05-08,NA,NA,NA,NA,NA,NA,NA,NA,NA,NA,0
29,2025-05-08,NA,NA,NA,NA,NA,NA,NA,NA,NA,NA,0
30,2025-05-08,small,NA,10.3398668968178,-0.000982545473456687,-0.000102201235879516,0.979389968506282,0.977553038546337,0.819051983017135,Positiv & Signifikant (OK),Accepted: low flux (below detection limit),1
31,2025-05-08,NA,NA,NA,NA,NA,NA,NA,NA,NA,NA,0
32,2025-05-08,NA,NA,NA,NA,NA,NA,NA,NA,NA,NA,0
1,2025-05-14,large,NA,7.62171725554324,-0.000891155870013403,0.000111305515045487,0.998605181795103,0.998877898935556,0.983832380550176,Positiv & Signifikant (OK),Accepted: low flux (below detection limit),1
2,2025-05-14,large,NA,5.51866394582123,-0.000761302578854975,-1.41991365822563e-05,0.995132312634956,0.99866358652827,0.0306921023154308,Positiv & Signifikant (OK),Accepted: low flux (below detection limit),1
3,2025-05-14,large,NA,9.86475814901408,-0.00095236840193506,1.74010961957099e-06,0.999288539652295,0.999756044565554,0.165810221543497,Positiv & Signifikant (OK),Accepted: low flux (below detection limit),1
4,2025-05-14,large,NA,7.85375510610984,-0.000971822854089697,8.39437496754229e-05,0.995719687971713,0.992125601632764,0.888589471498232,Positiv & Signifikant (OK),Accepted: low flux (below detection limit),1
5,2025-05-14,large,NA,10.454998956135,-0.00127232222222669,-0.000107336841622377,0.964377536271979,0.99658460769596,0.354977707079587,Positiv & Signifikant (OK),Accepted: low flux (below detection limit),1
6,2025-05-14,large,NA,5.33957120831444,-0.000576605941574708,7.99058555725841e-05,0.965673382576268,0.911275046974742,0.146300472221398,Positiv & Signifikant (OK),Accepted: low flux (below detection limit),1
7,2025-05-14,large,NA,11.1475670739389,-0.000774286404452503,-0.000187423006870953,0.973877074513152,0.752888720743026,0.99923575050358,Positiv & Signifikant (OK),Accepted: low flux (below detection limit),1
8,2025-05-14,large,NA,9.28506388257164,-0.00149463426113654,-0.000379356333922756,0.995260654440892,0.779660183628583,0.91025323060685,Positiv & Signifikant (OK),Accepted: N2O R² > 0.9,1
9,2025-05-14,large,NA,14.7189406381995,-0.000980652749371009,-0.000201706560974616,0.997698597207521,0.946363685490372,0.475037377965502,Positiv & Signifikant (OK),Accepted: low flux (below detection limit),1
10,2025-05-14,large,NA,11.7273969911946,-0.000489052628977337,-0.000200228833106331,0.993731920078522,0.859520316253607,0.954379573278047,Positiv & Signifikant (OK),Accepted: low flux (below detection limit),1
11,2025-05-14,large,NA,14.4719051343172,-9.59032304405909e-05,-0.000168320278782878,0.99667275425333,0.137357002023965,0.537873418988048,Positiv & Signifikant (OK),Accepted: low flux (below detection limit),1
12,2025-05-14,NA,NA,NA,NA,NA,NA,NA,NA,NA,NA,0
13,2025-05-14,NA,NA,NA,NA,NA,NA,NA,NA,NA,NA,0
14,2025-05-14,NA,NA,NA,NA,NA,NA,NA,NA,NA,NA,0
15,2025-05-14,NA,NA,NA,NA,NA,NA,NA,NA,NA,NA,0
16,2025-05-14,NA,NA,NA,NA,NA,NA,NA,NA,NA,NA,0
17,2025-05-14,NA,NA,NA,NA,NA,NA,NA,NA,NA,NA,0
18,2025-05-14,NA,NA,NA,NA,NA,NA,NA,NA,NA,NA,0
19,2025-05-14,NA,NA,NA,NA,NA,NA,NA,NA,NA,NA,0
20,2025-05-14,NA,NA,NA,NA,NA,NA,NA,NA,NA,NA,0
21,2025-05-14,NA,NA,NA,NA,NA,NA,NA,NA,NA,NA,0
22,2025-05-14,NA,NA,NA,NA,NA,NA,NA,NA,NA,NA,0
23,2025-05-14,large,NA,9.26649405191302,-0.00306622178415243,-0.000194772479359151,0.998713872444681,0.816499479233796,0.871077987076474,Positiv & Signifikant (OK),Accepted: low flux (below detection limit),1
24,2025-05-14,NA,NA,NA,NA,NA,NA,NA,NA,NA,NA,0
25,2025-05-14,NA,NA,NA,NA,NA,NA,NA,NA,NA,NA,0
26,2025-05-14,large,NA,10.284311725116,-0.00189468891835589,-0.000192018962545534,0.998248937108066,0.903854945712426,0.647041327716411,Positiv & Signifikant (OK),Accepted: low flux (below detection limit),1
27,2025-05-14,NA,NA,NA,NA,NA,NA,NA,NA,NA,NA,0
28,2025-05-14,NA,NA,NA,NA,NA,NA,NA,NA,NA,NA,0
29,2025-05-14,NA,NA,NA,NA,NA,NA,NA,NA,NA,NA,0
30,2025-05-14,large,NA,16.0240311301493,-0.00216866902496272,-9.45474618826686e-05,0.999668937493287,0.95802427445085,0.369444413726157,Positiv & Signifikant (OK),Accepted: low flux (below detection limit),1
31,2025-05-14,NA,NA,NA,NA,NA,NA,NA,NA,NA,NA,0
32,2025-05-14,NA,NA,NA,NA,NA,NA,NA,NA,NA,NA,0
1,2025-05-21,large,NA,8.25395388340327,-0.000667611553622551,-3.34233879436313e-05,0.990461382423524,0.930454945644241,0.103288973730839,Positiv & Signifikant (OK),Accepted: low flux (below detection limit),1
2,2025-05-21,large,NA,5.86890669646169,-0.000745602660357245,3.76834669477917e-06,0.998566905325056,0.965636637585642,0.00034278580523106,Positiv & Signifikant (OK),Accepted: low flux (below detection limit),1
3,2025-05-21,large,NA,12.073378614272,-0.00070848641684638,0.00319364597898547,0.994208494500817,0.966307253138111,0.976028997938936,Positiv & Signifikant (OK),Accepted: N2O R² > 0.9,1
4,2025-05-21,large,NA,7.47087680547258,-0.000560968839796657,0.000180746232407405,0.99989040552412,0.997423718104901,0.392732807908163,Positiv & Signifikant (OK),Accepted: low flux (below detection limit),1
5,2025-05-21,large,NA,10.4122968840346,-0.00102476299870882,0.000795613218312216,0.997294564355102,0.9799007249407,0.86843592722961,Positiv & Signifikant (OK),Rejected: N2O R² ≤ 0.9,0
6,2025-05-21,large,NA,6.44715907932886,-0.000483506251110377,-1.16702187466533e-05,0.992432737166676,0.950141573713044,0.00352739592649457,Positiv & Signifikant (OK),Accepted: low flux (below detection limit),1
7,2025-05-21,large,NA,7.62720953471208,-0.000481372840709132,0.000172202199750485,0.999635034048575,0.963308224350354,0.416204988317433,Positiv & Signifikant (OK),Accepted: low flux (below detection limit),1
8,2025-05-21,large,NA,3.64449120985591,-0.000818125167596316,-8.02049343601808e-05,0.989780297499659,0.68776081406651,0.446545937764653,Positiv & Signifikant (OK),Accepted: low flux (below detection limit),1
9,2025-05-21,large,NA,7.81015142573127,-0.000454421169419226,7.25706567279962e-05,0.998604712545309,0.977725844580167,0.20912776031611,Positiv & Signifikant (OK),Accepted: low flux (below detection limit),1
10,2025-05-21,large,NA,5.44157609803569,-0.000537854172609436,0.000445354236360563,0.932145299738164,0.72409665810966,0.987893879404441,Positiv & Signifikant (OK),Accepted: N2O R² > 0.9,1
11,2025-05-21,large,NA,6.46546323455815,-0.000669445160323277,0.000126819029470842,0.965140506043823,0.807136358774352,0.416000534112171,Positiv & Signifikant (OK),Accepted: low flux (below detection limit),1
12,2025-05-21,large,NA,7.90760757350574,-0.000735966548908214,-0.000138591311008666,0.992010720725955,0.993327837471318,0.144832282981641,Positiv & Signifikant (OK),Accepted: low flux (below detection limit),1
13,2025-05-21,large,NA,15.2855296802506,-0.00111493222268021,-1.24403172118234e-05,0.998665557165546,0.995823385937735,0.0046604946997661,Positiv & Signifikant (OK),Accepted: low flux (below detection limit),1
14,2025-05-21,large,NA,12.9138117624069,-0.00125421637636152,0.000842057714554834,0.993628260022954,0.993282055233062,0.996116476933441,Positiv & Signifikant (OK),Accepted: N2O R² > 0.9,1
15,2025-05-21,large,NA,9.91655382324299,-0.000825593806079261,0.000573338533549388,0.996829083754206,0.99892333343103,0.979474959198429,Positiv & Signifikant (OK),Accepted: N2O R² > 0.9,1
16,2025-05-21,large,NA,8.32830941753309,-0.000750058076200811,0.000447075706964491,0.990111889375894,0.9883118269227,0.782225204672085,Positiv & Signifikant (OK),Rejected: N2O R² ≤ 0.9,0
17,2025-05-21,large,NA,13.3503571319121,-0.00109049943605234,0.00129339706234823,0.996629895749595,0.998903432900187,0.992881432488128,Positiv & Signifikant (OK),Accepted: N2O R² > 0.9,1
18,2025-05-21,large,NA,5.45221675644744,-0.000478145157169035,0.00123093766908549,0.993021937484273,0.990294996616605,0.947191606322283,Positiv & Signifikant (OK),Accepted: N2O R² > 0.9,1
19,2025-05-21,large,NA,9.29222884118279,-0.000450257490314854,0.0010055174408583,0.989616818331949,0.590956869190357,0.996474246554085,Positiv & Signifikant (OK),Accepted: N2O R² > 0.9,1
20,2025-05-21,large,NA,4.09926101555377,-5.96028959604156e-05,0.000254880710519965,0.940413745577494,0.0353377810967108,0.943837732114811,Positiv & Signifikant (OK),Accepted: N2O R² > 0.9,1
21,2025-05-21,large,NA,8.97008924013864,-0.000919628372508011,0.000689218449324426,0.964899386977303,0.935040121310989,0.955244855256601,Positiv & Signifikant (OK),Accepted: N2O R² > 0.9,1
22,2025-05-21,large,NA,5.56617076412215,-0.000558783759179536,0.000548900281482111,0.993564648587144,0.980347195147886,0.982325218804844,Positiv & Signifikant (OK),Accepted: N2O R² > 0.9,1
23,2025-05-21,large,NA,14.6909053002943,-0.00126121175087563,-7.74620720537406e-05,0.997884491316983,0.984234922644939,0.212476328909826,Positiv & Signifikant (OK),Accepted: low flux (below detection limit),1
24,2025-05-21,NA,NA,NA,NA,NA,NA,NA,NA,NA,NA,0
25,2025-05-21,large,NA,15.9170055974127,-0.00124688896845734,0.00168530029260714,0.994651174326426,0.988689878168277,0.909147475223566,Positiv & Signifikant (OK),Accepted: N2O R² > 0.9,1
26,2025-05-21,large,NA,11.3642939238433,-0.00133213564727216,0.000465194582841973,0.999691861694925,0.998494381240509,0.976964392318638,Positiv & Signifikant (OK),Accepted: N2O R² > 0.9,1
27,2025-05-21,large,NA,10.4409734569913,-0.000951440873738518,9.42821703830405e-05,0.987639176778076,0.988457159687747,0.376846297107229,Positiv & Signifikant (OK),Accepted: low flux (below detection limit),1
28,2025-05-21,NA,NA,NA,NA,NA,NA,NA,NA,NA,NA,0
29,2025-05-21,NA,NA,NA,NA,NA,NA,NA,NA,NA,NA,0
30,2025-05-21,large,NA,10.9336409381843,-0.00249071561660743,0.00020397869917307,0.986130799850241,0.777470919861684,0.560172801352093,Positiv & Signifikant (OK),Accepted: low flux (below detection limit),1
31,2025-05-21,NA,NA,NA,NA,NA,NA,NA,NA,NA,NA,0
32,2025-05-21,NA,NA,NA,NA,NA,NA,NA,NA,NA,NA,0
1,2025-05-23,large,NA,4.12710396963171,-0.000488977131329914,-0.000154513489405523,0.629536501980594,0.680338984275623,0.519961682724299,Positiv & Rauschen,Rejected: CO2 R² ≤ 0.9,0
2,2025-05-23,large,NA,1.70238871119749,-0.000586789532904941,9.49437020321588e-05,0.845461612076029,0.974445732039999,0.323687977518723,Positiv & Rauschen,Rejected: CO2 R² ≤ 0.9,0
3,2025-05-23,large,NA,7.00562421001518,-0.00047985370723587,0.000400812091653178,0.96493715448213,0.6236965948511,0.89658249183943,Positiv & Signifikant (OK),Rejected: N2O R² ≤ 0.9,0
4,2025-05-23,large,NA,1.88000356539147,-0.000145448638319864,9.90337150485664e-05,0.812858332949992,0.958848590525636,0.51293808679993,Positiv & Rauschen,Rejected: CO2 R² ≤ 0.9,0
5,2025-05-23,large,NA,8.70828513530845,-0.00130941686771253,0.000326408818065104,0.95147205948,0.612830984030374,0.767823589597454,Positiv & Signifikant (OK),Rejected: N2O R² ≤ 0.9,0
6,2025-05-23,large,NA,3.90802958241825,-0.000602769118025835,0.000177046745630708,0.9712538838033,0.950078552240396,0.991665483551158,Positiv & Signifikant (OK),Accepted: low flux (below detection limit),1
7,2025-05-23,large,NA,3.7969293345203,-0.000441991036458225,0.000177427857879234,0.749698414468004,0.825432199384477,0.381944961932984,Positiv & Rauschen,Rejected: CO2 R² ≤ 0.9,0
8,2025-05-23,large,NA,6.30901962468726,-0.00125912761618815,-1.54107145647587e-05,0.970363405750945,0.814597485539997,0.023671963310235,Positiv & Signifikant (OK),Accepted: low flux (below detection limit),1
9,2025-05-23,large,NA,10.2717546570092,-0.000558696023215893,-9.14864164564022e-06,0.997875636525154,0.956890994076728,0.00132082247003864,Positiv & Signifikant (OK),Accepted: low flux (below detection limit),1
10,2025-05-23,large,NA,4.03431325632497,0.000775084899935334,7.43410016533753e-05,0.654393381794584,0.0722825989984084,0.571799838671889,Positiv & Rauschen,Rejected: CO2 R² ≤ 0.9,0
11,2025-05-23,NA,NA,NA,NA,NA,NA,NA,NA,NA,NA,0
12,2025-05-23,NA,NA,NA,NA,NA,NA,NA,NA,NA,NA,0
13,2025-05-23,NA,NA,NA,NA,NA,NA,NA,NA,NA,NA,0
14,2025-05-23,NA,NA,NA,NA,NA,NA,NA,NA,NA,NA,0
15,2025-05-23,NA,NA,NA,NA,NA,NA,NA,NA,NA,NA,0
16,2025-05-23,NA,NA,NA,NA,NA,NA,NA,NA,NA,NA,0
17,2025-05-23,large,NA,8.66851344286178,-0.000771867512173391,1.91072446499395e-05,0.999286411707352,0.999936482635419,0.0252847810326024,Positiv & Signifikant (OK),Accepted: low flux (below detection limit),1
18,2025-05-23,large,NA,4.05927390561868,-0.000487667270505613,0.000589462687468942,0.979650436158387,0.974281726804788,0.921333133849926,Positiv & Signifikant (OK),Accepted: N2O R² > 0.9,1
19,2025-05-23,large,NA,12.128468950767,-0.00106057997385567,3.74157823883278e-05,0.990160446078255,0.999155226745461,0.0312859117642319,Positiv & Signifikant (OK),Accepted: low flux (below detection limit),1
20,2025-05-23,large,NA,7.90747809490646,-0.00105297467843765,0.000162176347561996,0.996234157150218,0.989722594975809,0.714257517821711,Positiv & Signifikant (OK),Accepted: low flux (below detection limit),1
21,2025-05-23,NA,NA,NA,NA,NA,NA,NA,NA,NA,NA,0
22,2025-05-23,large,NA,13.5937473341254,-0.00155007585498005,0.000492170438488607,0.999480366611384,0.999757456412058,0.978567086337414,Positiv & Signifikant (OK),Accepted: N2O R² > 0.9,1
23,2025-05-23,large,NA,14.5390455018941,0.000361075359530978,0.000101854110079486,0.751382692269935,0.154525062735519,0.91480682836846,Positiv & Rauschen,Rejected: CO2 R² ≤ 0.9,0
24,2025-05-23,large,NA,8.74482155461934,-0.0010208362214017,1.79130154791734e-07,0.993087660052074,0.975641993681029,3.17657637657469e-06,Positiv & Signifikant (OK),Accepted: low flux (below detection limit),1
25,2025-05-23,large,NA,8.75424217345114,-0.000869540889280918,0.00012072063853841,0.991469673725205,0.921472844320861,0.377510188066847,Positiv & Signifikant (OK),Accepted: low flux (below detection limit),1
26,2025-05-23,large,NA,14.4581483916873,-0.00082165968098185,0.000181968523716555,0.995051906223498,0.488211252032767,0.647417964360671,Positiv & Signifikant (OK),Accepted: low flux (below detection limit),1
27,2025-05-23,large,NA,9.36567400793892,-0.00107175039641724,-0.000299222427232358,0.979901247003315,0.94922340801969,0.81859316010326,Positiv & Signifikant (OK),Rejected: N2O R² ≤ 0.9,0
28,2025-05-23,large,NA,8.72480303131568,-0.00117037955915465,-4.11582256362495e-05,0.99457459595083,0.998380542031385,0.566556190542021,Positiv & Signifikant (OK),Accepted: low flux (below detection limit),1
29,2025-05-23,large,NA,10.6928866290523,-0.00125196088788431,0.000140540529120743,0.996177548727326,0.998271285760973,0.949050665779051,Positiv & Signifikant (OK),Accepted: low flux (below detection limit),1
30,2025-05-23,large,NA,5.83662137498778,-0.00094814915384336,-5.96887335446048e-05,0.967577366218723,0.999772252580387,0.246391271301413,Positiv & Signifikant (OK),Accepted: low flux (below detection limit),1
31,2025-05-23,large,NA,14.260792565033,-0.00141229291041293,-4.60546810392234e-05,0.984695690511782,0.953986363529402,0.147245546130126,Positiv & Signifikant (OK),Accepted: low flux (below detection limit),1
32,2025-05-23,large,NA,13.4317620059383,-0.000627148747522706,0.000230216763537816,0.982529525030353,0.821083699466541,0.805874514975498,Positiv & Signifikant (OK),Rejected: N2O R² ≤ 0.9,0
1,2025-07-09,small,NA,1.58686657818842,-8.48640305151409e-05,0.000629085979761264,0.977094459882668,0.965598076156689,0.979340432750383,Positiv & Signifikant (OK),Accepted: N2O R² > 0.9,1
2,2025-07-09,small,NA,1.60011660817656,-0.000355621838205654,0.000656874225362192,0.998907630580794,0.847124910082966,0.929281776951964,Positiv & Signifikant (OK),Accepted: N2O R² > 0.9,1
3,2025-07-09,small,NA,0.809063265570705,-0.000215464926505807,0.000698826573475354,0.751187468498303,0.783039495178282,0.844114288484863,Positiv & Rauschen,Rejected: CO2 R² ≤ 0.9,0
4,2025-07-09,small,NA,0.926309207860672,-5.95924878439013e-05,0.000241601559963583,0.913957902592976,0.537978188717319,0.977149855144235,Positiv & Signifikant (OK),Accepted: N2O R² > 0.9,1
5,2025-07-09,small,NA,1.29999086007379,-0.000262918377109191,0.000502466015997631,0.989968652571093,0.968819496242115,0.988158321359146,Positiv & Signifikant (OK),Accepted: N2O R² > 0.9,1
6,2025-07-09,small,NA,1.00326569939655,-0.000228457421158009,5.22931417839727e-05,0.994402170860915,0.991938820298104,0.934039265256254,Positiv & Signifikant (OK),Accepted: low flux (below detection limit),1
7,2025-07-09,small,NA,1.02490171028908,0.000172811659740239,0.000314043276269192,0.926523178137515,0.172990358279067,0.993574601910255,Positiv & Signifikant (OK),Accepted: N2O R² > 0.9,1
8,2025-07-09,small,NA,2.41323117315838,-0.000503585281050919,0.000209483781978405,0.998283691177303,0.85763344128103,0.959203375850981,Positiv & Signifikant (OK),Accepted: N2O R² > 0.9,1
9,2025-07-09,small,NA,1.4149009084973,6.68108464356888e-05,0.000930500552551482,0.996281795605661,0.102382978522776,0.993621976126371,Positiv & Signifikant (OK),Accepted: N2O R² > 0.9,1
10,2025-07-09,small,NA,1.48932158725269,0.000279275116165638,6.10221099528062e-05,0.993516820112603,0.300605141487449,0.440207306835006,Positiv & Signifikant (OK),Accepted: low flux (below detection limit),1
11,2025-07-09,small,NA,1.65215642918802,0.000600127752996089,0.000788090762629739,0.786508802907452,0.85359460586911,0.892275704638326,Positiv & Rauschen,Rejected: CO2 R² ≤ 0.9,0
12,2025-07-09,NA,NA,NA,NA,NA,NA,NA,NA,NA,NA,0
13,2025-07-09,NA,NA,NA,NA,NA,NA,NA,NA,NA,NA,0
14,2025-07-09,NA,NA,NA,NA,NA,NA,NA,NA,NA,NA,0
15,2025-07-09,NA,NA,NA,NA,NA,NA,NA,NA,NA,NA,0
16,2025-07-09,NA,NA,NA,NA,NA,NA,NA,NA,NA,NA,0
17,2025-07-09,NA,NA,NA,NA,NA,NA,NA,NA,NA,NA,0
18,2025-07-09,NA,NA,NA,NA,NA,NA,NA,NA,NA,NA,0
19,2025-07-09,NA,NA,NA,NA,NA,NA,NA,NA,NA,NA,0
20,2025-07-09,NA,NA,NA,NA,NA,NA,NA,NA,NA,NA,0
21,2025-07-09,NA,NA,NA,NA,NA,NA,NA,NA,NA,NA,0
22,2025-07-09,NA,NA,NA,NA,NA,NA,NA,NA,NA,NA,0
23,2025-07-09,NA,NA,NA,NA,NA,NA,NA,NA,NA,NA,0
24,2025-07-09,NA,NA,NA,NA,NA,NA,NA,NA,NA,NA,0
25,2025-07-09,NA,NA,NA,NA,NA,NA,NA,NA,NA,NA,0
26,2025-07-09,small,NA,2.34704220260604,0.000333454232238569,0.000198074078261517,0.896135305996499,0.255498533244308,0.778432605420745,Positiv & Rauschen,Rejected: CO2 R² ≤ 0.9,0
27,2025-07-09,NA,NA,NA,NA,NA,NA,NA,NA,NA,NA,0
28,2025-07-09,NA,NA,NA,NA,NA,NA,NA,NA,NA,NA,0
29,2025-07-09,NA,NA,NA,NA,NA,NA,NA,NA,NA,NA,0
30,2025-07-09,small,NA,1.50199005174137,-0.00130061613765945,0.000559011943752372,0.962291035795679,0.718011245113723,0.984986984722182,Positiv & Signifikant (OK),Accepted: N2O R² > 0.9,1
31,2025-07-09,NA,NA,NA,NA,NA,NA,NA,NA,NA,NA,0
32,2025-07-09,NA,NA,NA,NA,NA,NA,NA,NA,NA,NA,0
1,2025-07-16,small,NA,1.50121190975139,-0.00055454378933613,0.000350494503942074,0.955784247514101,0.998521763704253,0.979892822800995,Positiv & Signifikant (OK),Accepted: N2O R² > 0.9,1
2,2025-07-16,small,NA,0.573123982199515,-0.000376052189720094,1.95061311633696e-05,0.984867099338033,0.974599571493123,0.0504534106483561,Positiv & Signifikant (OK),Accepted: low flux (below detection limit),1
3,2025-07-16,small,NA,1.23363753843225,-0.000578352700211064,0.000539664658240789,0.975803685959149,0.992387453651383,0.960734066992203,Positiv & Signifikant (OK),Accepted: N2O R² > 0.9,1
4,2025-07-16,small,NA,0.339898175896287,-5.85056456399431e-05,2.6878921548102e-05,0.774769763771927,0.303557231121886,0.030623596614686,Positiv & Rauschen,Rejected: CO2 R² ≤ 0.9,0
5,2025-07-16,small,NA,1.49759703453421,-0.000574167492122473,0.000832513535766463,0.999357555464798,0.979130401809346,0.995763513514911,Positiv & Signifikant (OK),Accepted: N2O R² > 0.9,1
6,2025-07-16,small,NA,0.705952424517147,-0.000351328820323106,-5.41340261495196e-05,0.986106271696754,0.958584617111633,0.231433304432091,Positiv & Signifikant (OK),Accepted: low flux (below detection limit),1
7,2025-07-16,small,NA,1.17083285002011,-0.000450597387592077,0.00037365931688272,0.947443186217666,0.904237479293271,0.983576570288356,Positiv & Signifikant (OK),Accepted: N2O R² > 0.9,1
8,2025-07-16,small,NA,0.584372405673405,-0.000317755174276737,0.000123974570084481,0.960836904135065,0.867141714753855,0.947674231388758,Positiv & Signifikant (OK),Accepted: low flux (below detection limit),1
9,2025-07-16,small,NA,1.11734951887499,-0.000425783158439486,0.000573709305977739,0.982038698605384,0.98101241811499,0.984411986476408,Positiv & Signifikant (OK),Accepted: N2O R² > 0.9,1
10,2025-07-16,small,NA,0.351893576080024,-4.99373766629788e-05,7.98430645049971e-05,0.714735929956617,0.0522666017149301,0.908481342708597,Positiv & Rauschen,Rejected: CO2 R² ≤ 0.9,0
11,2025-07-16,small,NA,0.97744768749716,-0.00012847397238092,0.000517569850229159,0.977456141964111,0.924270923450974,0.999029667009576,Positiv & Signifikant (OK),Accepted: N2O R² > 0.9,1
12,2025-07-16,NA,NA,NA,NA,NA,NA,NA,NA,NA,NA,0
13,2025-07-16,NA,NA,NA,NA,NA,NA,NA,NA,NA,NA,0
14,2025-07-16,NA,NA,NA,NA,NA,NA,NA,NA,NA,NA,0
15,2025-07-16,NA,NA,NA,NA,NA,NA,NA,NA,NA,NA,0
16,2025-07-16,NA,NA,NA,NA,NA,NA,NA,NA,NA,NA,0
17,2025-07-16,NA,NA,NA,NA,NA,NA,NA,NA,NA,NA,0
18,2025-07-16,NA,NA,NA,NA,NA,NA,NA,NA,NA,NA,0
19,2025-07-16,NA,NA,NA,NA,NA,NA,NA,NA,NA,NA,0
20,2025-07-16,NA,NA,NA,NA,NA,NA,NA,NA,NA,NA,0
21,2025-07-16,NA,NA,NA,NA,NA,NA,NA,NA,NA,NA,0
22,2025-07-16,NA,NA,NA,NA,NA,NA,NA,NA,NA,NA,0
23,2025-07-16,small,NA,0.64480652342282,-0.000704046221398696,0.000166392184906398,0.999949371210871,0.99730830801066,0.981200700435576,Positiv & Signifikant (OK),Accepted: low flux (below detection limit),1
24,2025-07-16,NA,NA,NA,NA,NA,NA,NA,NA,NA,NA,0
25,2025-07-16,NA,NA,NA,NA,NA,NA,NA,NA,NA,NA,0
26,2025-07-16,small,NA,2.02802640388424,-0.00108688034443905,-2.05772566612707e-05,0.968796352450422,0.988165681059112,0.230125127471698,Positiv & Signifikant (OK),Accepted: low flux (below detection limit),1
27,2025-07-16,small,NA,1.85335504439351,-0.000750771435688139,0.000349020234397395,0.972303159976572,0.874576995296609,0.869467088824004,Positiv & Signifikant (OK),Rejected: N2O R² ≤ 0.9,0
28,2025-07-16,NA,NA,NA,NA,NA,NA,NA,NA,NA,NA,0
29,2025-07-16,NA,NA,NA,NA,NA,NA,NA,NA,NA,NA,0
30,2025-07-16,small,NA,0.627999957998482,-0.000370517403642943,3.14398350898984e-05,0.989240207514582,0.934374803443066,0.419553343269681,Positiv & Signifikant (OK),Accepted: low flux (below detection limit),1
31,2025-07-16,NA,NA,NA,NA,NA,NA,NA,NA,NA,NA,0
32,2025-07-16,NA,NA,NA,NA,NA,NA,NA,NA,NA,NA,0
1,2025-07-23,small,NA,2.04676412745483,-0.000295775629115073,0.000603354173352877,0.9379074359716,0.746203715913564,0.930419718524174,Positiv & Signifikant (OK),Accepted: N2O R² > 0.9,1
2,2025-07-23,small,NA,1.4726348745163,0.000297792652454017,5.03634118523143e-05,0.968740728929405,0.781986989584861,0.495055979856909,Positiv & Signifikant (OK),Accepted: low flux (below detection limit),1
3,2025-07-23,small,NA,1.79474614519198,-0.000178609318420727,0.000466619390146171,0.999459373852301,0.0499443777217196,0.933125352147269,Positiv & Signifikant (OK),Accepted: N2O R² > 0.9,1
4,2025-07-23,small,NA,2.13593192869515,-0.000534891268200039,0.000248156248582632,0.991651847096332,0.338959411292258,0.705193576179966,Positiv & Signifikant (OK),Rejected: N2O R² ≤ 0.9,0
5,2025-07-23,small,2,0.114086943907791,0.000267313810397734,0.00015331401663556,1,1,1,less than 3 bags,Rejected: less than 3 bags,0
6,2025-07-23,small,NA,0.776947955800692,-0.000182060038170416,-1.15281365065085e-05,0.988502834210188,0.928115508298355,0.0142980575839673,Positiv & Signifikant (OK),Accepted: low flux (below detection limit),1
7,2025-07-23,small,NA,0.826075830454988,-0.000266987632896247,0.000327789673537027,0.819743638805092,0.333043360461765,0.819393480481315,Positiv & Rauschen,Rejected: CO2 R² ≤ 0.9,0
8,2025-07-23,small,NA,2.11312259592836,-0.000700847195553094,8.37439779223462e-05,0.928353215417496,0.701136909783867,0.926453945357428,Positiv & Signifikant (OK),Accepted: low flux (below detection limit),1
9,2025-07-23,small,NA,2.12066289178229,0.000168429474409255,0.000814420674927778,0.996868055373211,0.0807365322540445,0.982409823392689,Positiv & Signifikant (OK),Accepted: N2O R² > 0.9,1
10,2025-07-23,small,NA,2.17282775596663,0.00121794620683319,-1.38923978829028e-05,0.986752695863239,0.304760121694488,0.038357264036511,Positiv & Signifikant (OK),Accepted: low flux (below detection limit),1
11,2025-07-23,small,NA,1.33311130880642,1.6779516305795e-05,0.000586746693128921,0.952228402044209,0.123113385888829,0.986537443637689,Positiv & Signifikant (OK),Accepted: N2O R² > 0.9,1
12,2025-07-23,NA,NA,NA,NA,NA,NA,NA,NA,NA,NA,0
13,2025-07-23,small,NA,0.490272919622388,-0.000130834611897597,0.00029992464845603,0.985835871183388,0.976259844837522,0.973834675874142,Positiv & Signifikant (OK),Accepted: N2O R² > 0.9,1
14,2025-07-23,NA,NA,NA,NA,NA,NA,NA,NA,NA,NA,0
15,2025-07-23,NA,NA,NA,NA,NA,NA,NA,NA,NA,NA,0
16,2025-07-23,NA,NA,NA,NA,NA,NA,NA,NA,NA,NA,0
17,2025-07-23,NA,NA,NA,NA,NA,NA,NA,NA,NA,NA,0
18,2025-07-23,NA,NA,NA,NA,NA,NA,NA,NA,NA,NA,0
19,2025-07-23,NA,NA,NA,NA,NA,NA,NA,NA,NA,NA,0
20,2025-07-23,small,NA,2.62350772646448,0.000173968896439436,0.000138100647168367,0.99964767371217,0.751899606820215,0.989286669832706,Positiv & Signifikant (OK),Accepted: low flux (below detection limit),1
21,2025-07-23,NA,NA,NA,NA,NA,NA,NA,NA,NA,NA,0
22,2025-07-23,NA,NA,NA,NA,NA,NA,NA,NA,NA,NA,0
23,2025-07-23,NA,NA,NA,NA,NA,NA,NA,NA,NA,NA,0
24,2025-07-23,NA,NA,NA,NA,NA,NA,NA,NA,NA,NA,0
25,2025-07-23,small,NA,2.78140700912378,-0.00127045075225331,0.00135653633613607,0.960434235999792,0.856233546075458,0.96287415333783,Positiv & Signifikant (OK),Accepted: N2O R² > 0.9,1
26,2025-07-23,small,2,0.769394300668883,-0.000791634097808424,-0.000245350028154165,1,1,1,less than 3 bags,Rejected: less than 3 bags,0
27,2025-07-23,small,NA,2.68993081690818,-0.000719419606212471,0.000584308836430114,0.945531177827902,0.976091566490325,0.951447422561605,Positiv & Signifikant (OK),Accepted: N2O R² > 0.9,1
28,2025-07-23,small,NA,1.09979430135293,-0.000388680146200795,4.18636508125215e-05,0.968052578611119,0.993221469770915,0.482304908122234,Positiv & Signifikant (OK),Accepted: low flux (below detection limit),1
29,2025-07-23,NA,NA,NA,NA,NA,NA,NA,NA,NA,NA,0
30,2025-07-23,small,NA,1.94741853137745,-0.000581697901900941,0.000140551892480187,0.994540611047777,0.996385878303888,0.973690804958011,Positiv & Signifikant (OK),Accepted: low flux (below detection limit),1
31,2025-07-23,NA,NA,NA,NA,NA,NA,NA,NA,NA,NA,0
32,2025-07-23,NA,NA,NA,NA,NA,NA,NA,NA,NA,NA,0
1,2025-07-30,small,NA,1.18000143748915,-0.000214698061247671,0.000443985752188401,0.988802162795714,0.996253649793317,0.993403890477326,Positiv & Signifikant (OK),Accepted: N2O R² > 0.9,1
2,2025-07-30,small,NA,1.52029167082497,-0.000879306927588667,0.000148630899498549,0.991901568495859,0.985955962917729,0.827516997706852,Positiv & Signifikant (OK),Accepted: low flux (below detection limit),1
3,2025-07-30,small,NA,4.54994614255822,-0.00045274158765327,0.00272976043812003,0.992630855551483,0.934982891990444,0.981387276176903,Positiv & Signifikant (OK),Accepted: N2O R² > 0.9,1
4,2025-07-30,small,NA,0.698504596904228,-4.237443536138e-05,0.000296200687478241,0.946640048202128,0.0136988065927156,0.869055763960385,Positiv & Signifikant (OK),Rejected: N2O R² ≤ 0.9,0
5,2025-07-30,small,NA,1.34314163745599,-0.000239380435345751,0.000802202945582867,0.92165018110594,0.810888303490527,0.96460600009704,Positiv & Signifikant (OK),Accepted: N2O R² > 0.9,1
6,2025-07-30,small,NA,0.789539108151871,-0.00058865444616054,4.01346268610229e-05,0.99643043441966,0.970399913751248,0.265358978572328,Positiv & Signifikant (OK),Accepted: low flux (below detection limit),1
7,2025-07-30,small,NA,1.69101207783396,-0.000546962423487268,0.00118592441510046,0.957058895989043,0.963800647587397,0.984995300278851,Positiv & Signifikant (OK),Accepted: N2O R² > 0.9,1
8,2025-07-30,small,NA,2.22395725687643,-0.00106180733993005,0.000143705723095966,0.990281724682995,0.996549156762449,0.98879562758761,Positiv & Signifikant (OK),Accepted: low flux (below detection limit),1
9,2025-07-30,small,NA,4.6439819043887,-0.000672678746028898,0.00255150330672277,0.996423238338082,0.979998739359469,0.980308283344871,Positiv & Signifikant (OK),Accepted: N2O R² > 0.9,1
10,2025-07-30,small,NA,1.72281349390571,-0.000459741053431449,-9.0525390575891e-06,0.98333939629096,0.79102244262213,0.0294924892067496,Positiv & Signifikant (OK),Accepted: low flux (below detection limit),1
11,2025-07-30,small,NA,3.32298623916942,-0.000815666082675314,0.00352424690312176,0.98214930996002,0.99789044315632,0.966576604526377,Positiv & Signifikant (OK),Accepted: N2O R² > 0.9,1
12,2025-07-30,NA,NA,NA,NA,NA,NA,NA,NA,NA,NA,0
13,2025-07-30,small,NA,1.72917492125117,-0.000707907881274984,0.00153801411250476,0.973208680180924,0.987166889290621,0.927417183372203,Positiv & Signifikant (OK),Accepted: N2O R² > 0.9,1
14,2025-07-30,small,NA,2.2734040965068,-0.000642727205679007,0.000677808085907784,0.997790166937497,0.938026934256579,0.99098613981308,Positiv & Signifikant (OK),Accepted: N2O R² > 0.9,1
15,2025-07-30,NA,NA,NA,NA,NA,NA,NA,NA,NA,NA,0
16,2025-07-30,NA,NA,NA,NA,NA,NA,NA,NA,NA,NA,0
17,2025-07-30,NA,NA,NA,NA,NA,NA,NA,NA,NA,NA,0
18,2025-07-30,NA,NA,NA,NA,NA,NA,NA,NA,NA,NA,0
19,2025-07-30,NA,NA,NA,NA,NA,NA,NA,NA,NA,NA,0
20,2025-07-30,NA,NA,NA,NA,NA,NA,NA,NA,NA,NA,0
21,2025-07-30,NA,NA,NA,NA,NA,NA,NA,NA,NA,NA,0
22,2025-07-30,NA,NA,NA,NA,NA,NA,NA,NA,NA,NA,0
23,2025-07-30,NA,NA,NA,NA,NA,NA,NA,NA,NA,NA,0
24,2025-07-30,NA,NA,NA,NA,NA,NA,NA,NA,NA,NA,0
25,2025-07-30,small,NA,1.76481421335432,-0.000698285168647583,0.00145545092244512,0.894539185192639,0.766462786484483,0.935792549911191,Positiv & Rauschen,Rejected: CO2 R² ≤ 0.9,0
26,2025-07-30,small,NA,1.10089941397994,-0.000620894635362332,0.00023482950873038,0.929906648833815,0.935485451421671,0.888773836987599,Positiv & Signifikant (OK),Rejected: N2O R² ≤ 0.9,0
27,2025-07-30,NA,NA,NA,NA,NA,NA,NA,NA,NA,NA,0
28,2025-07-30,NA,NA,NA,NA,NA,NA,NA,NA,NA,NA,0
29,2025-07-30,NA,NA,NA,NA,NA,NA,NA,NA,NA,NA,0
30,2025-07-30,small,NA,3.65962607625138,-0.00173302901903599,0.00084066722146944,0.975481552480719,0.999073703520267,0.956921712537539,Positiv & Signifikant (OK),Accepted: N2O R² > 0.9,1
31,2025-07-30,NA,NA,NA,NA,NA,NA,NA,NA,NA,NA,0
32,2025-07-30,NA,NA,NA,NA,NA,NA,NA,NA,NA,NA,0
1,2025-08-06,small,4,4.70466744919343,-0.000438867072205821,0.0117245491265063,0.989220107076444,0.981941776045673,0.988765653729162,Positiv & Signifikant (OK),Accepted: N2O R² > 0.9,1
2,2025-08-06,small,4,1.69692500714384,-0.000693322496761029,0.0026946331044611,0.963879398795631,0.968673413812354,0.982148335358657,Positiv & Signifikant (OK),Accepted: N2O R² > 0.9,1
3,2025-08-06,small,4,2.62275390145102,-0.000292965730267664,0.00472940576029737,0.989507776972704,0.993110157112636,0.985496567297316,Positiv & Signifikant (OK),Accepted: N2O R² > 0.9,1
4,2025-08-06,small,4,1.89408825350209,-0.0014389122095098,0.0018114372566999,0.983742289862753,0.993983326851427,0.990666291223205,Positiv & Signifikant (OK),Accepted: N2O R² > 0.9,1
5,2025-08-06,small,4,6.93270744509137,-0.00244440010158222,0.01636953379458,0.986938784768178,0.989314648998168,0.989370933560076,Positiv & Signifikant (OK),Accepted: N2O R² > 0.9,1
6,2025-08-06,small,4,2.98654827978486,-0.00197567790939002,0.0117447569520516,0.999594279181313,0.98418650447111,0.999940272419176,Positiv & Signifikant (OK),Accepted: N2O R² > 0.9,1
7,2025-08-06,small,3,8.92625605544469,-0.00277086367128791,0.02880751481877,0.997544828366862,0.993574136873378,0.998709574392348,Positiv & Signifikant (OK),Accepted: N2O R² > 0.9,1
8,2025-08-06,small,3,1.99468145006221,-0.000994351764254104,0.00391243937194091,0.939637970118822,0.84069615231013,0.944438275853225,Positiv & Signifikant (OK),Accepted: N2O R² > 0.9,1
9,2025-08-06,small,3,8.36363988986467,-0.000789632913978628,0.0246057771828605,0.973347929286408,0.927662770824128,0.963897596237904,Positiv & Signifikant (OK),Accepted: N2O R² > 0.9,1
10,2025-08-06,small,4,5.22359864069291,-0.000625765355205799,0.00791036911390718,0.972370089449427,0.887462895406806,0.975273328686411,Positiv & Signifikant (OK),Accepted: N2O R² > 0.9,1
11,2025-08-06,small,4,8.34554367193942,-0.000734158069015874,0.027374955467483,0.999845471240356,0.994187851832419,0.99996430209388,Positiv & Signifikant (OK),Accepted: N2O R² > 0.9,1
12,2025-08-06,small,4,0.888839003099096,-0.000238238007832627,0.00431805813477948,0.9531715007364,0.968975119890835,0.971826443984719,Positiv & Signifikant (OK),Accepted: N2O R² > 0.9,1
13,2025-08-06,small,4,3.25691826616654,-0.000871655988566112,0.0164226362225119,0.988507479300898,0.942966581510127,0.992058690393204,Positiv & Signifikant (OK),Accepted: N2O R² > 0.9,1
14,2025-08-06,small,4,1.24996828798354,-0.000450399080258788,0.000819043242539619,0.945465240222007,0.991152672512183,0.966579123139667,Positiv & Signifikant (OK),Accepted: N2O R² > 0.9,1
15,2025-08-06,small,4,3.28518982240661,-0.000804934613799308,0.00783681698522061,0.934463118960626,0.962283980674735,0.934232663223488,Positiv & Signifikant (OK),Accepted: N2O R² > 0.9,1
16,2025-08-06,small,3,2.24962547245081,-0.001204170241157,0.00407228280980882,0.992446547046942,0.975639761191194,0.9999046012991,Positiv & Signifikant (OK),Accepted: N2O R² > 0.9,1
17,2025-08-06,small,4,6.61924968687137,-0.000685580630445689,0.0156906605797733,0.993876055285469,0.998322915360963,0.994874401808533,Positiv & Signifikant (OK),Accepted: N2O R² > 0.9,1
18,2025-08-06,small,4,1.62967837369441,-0.000211847932012355,0.0027435888992261,0.999168094056726,0.98844289576276,0.9984086146395,Positiv & Signifikant (OK),Accepted: N2O R² > 0.9,1
19,2025-08-06,small,4,5.4119553437709,-0.000709615766632596,0.0116900898212933,0.962446546047757,0.951470381113134,0.965861132151095,Positiv & Signifikant (OK),Accepted: N2O R² > 0.9,1
20,2025-08-06,small,4,1.91526108705306,-0.000144405191471885,0.00219934265613414,0.96816694369179,0.173172893517851,0.904036988389045,Positiv & Signifikant (OK),Accepted: N2O R² > 0.9,1
21,2025-08-06,small,4,5.08929838954655,-0.000496831878744493,0.00884498443948275,0.971631989218472,0.953619122257363,0.975034773482252,Positiv & Signifikant (OK),Accepted: N2O R² > 0.9,1
22,2025-08-06,small,4,4.96445731640565,-0.000933253578678279,0.015631183632333,0.991358284381259,0.997374843885818,0.990368035584351,Positiv & Signifikant (OK),Accepted: N2O R² > 0.9,1
23,2025-08-06,small,4,3.61084997859684,-0.000896149064916081,0.0107799716595506,0.957087551522958,0.924988460339895,0.934483303737462,Positiv & Signifikant (OK),Accepted: N2O R² > 0.9,1
24,2025-08-06,small,4,0.164369014352592,-6.04481028219812e-05,0.000114252102711667,0.337306465061965,0.0885113959632353,0.912222985071635,Positiv & Rauschen,Rejected: CO2 R² ≤ 0.9,0
25,2025-08-06,small,4,6.51908980775923,-0.00155120136453097,0.0155411274858371,0.996444435144426,0.930279851105254,0.997562479619023,Positiv & Signifikant (OK),Accepted: N2O R² > 0.9,1
26,2025-08-06,small,4,3.88858191708088,-7.28714457476629e-05,0.00770640296805052,0.908848537004132,0.0190191149864894,0.943712564629442,Positiv & Signifikant (OK),Accepted: N2O R² > 0.9,1
27,2025-08-06,small,4,1.03110364255103,-0.000230343150062517,0.00262151686664143,0.798367583725605,0.917524621190107,0.847308763491303,Positiv & Rauschen,Rejected: CO2 R² ≤ 0.9,0
28,2025-08-06,small,4,2.25434374360532,-0.000491336412814745,0.00605277874622019,0.91906303198239,0.973752379640315,0.90668991193099,Positiv & Signifikant (OK),Accepted: N2O R² > 0.9,1
29,2025-08-06,small,4,3.92565207335355,-0.000331768941573334,0.0102434467062378,0.977917947927986,0.959883207919501,0.9734400457441,Positiv & Signifikant (OK),Accepted: N2O R² > 0.9,1
30,2025-08-06,small,3,2.08552401645792,-0.000447240162719183,0.00618495088465085,0.998060677196204,0.999886017954396,0.999789505110427,Positiv & Signifikant (OK),Accepted: N2O R² > 0.9,1
31,2025-08-06,small,4,4.97656154675722,-0.000642286184089564,0.00866763860602549,0.974554276588179,0.925169122250519,0.961304023848808,Positiv & Signifikant (OK),Accepted: N2O R² > 0.9,1
32,2025-08-06,small,4,4.800358371404,-0.000724241382113364,0.0110083622150944,0.994374629346432,0.880791772719455,0.994943249263376,Positiv & Signifikant (OK),Accepted: N2O R² > 0.9,1
1,2025-08-13,small,4,3.63459571365574,-0.000675688306407342,0.000409634464494808,0.993095904667868,0.863570462818861,0.970912983743406,Positiv & Signifikant (OK),Accepted: N2O R² > 0.9,1
2,2025-08-13,small,4,1.58623381522523,-0.000963710431729643,0.000202309730124564,0.87549697875082,0.998727550757532,0.604234420351397,Positiv & Rauschen,Rejected: CO2 R² ≤ 0.9,0
3,2025-08-13,small,4,6.54352591807647,-0.00124073755490933,0.00105706143871129,0.966368041753515,0.990083282451732,0.956149114358246,Positiv & Signifikant (OK),Accepted: N2O R² > 0.9,1
4,2025-08-13,small,4,3.7182467621772,-0.00107852794516734,0.000459352613048099,0.981250279656857,0.983154058196691,0.957669572612004,Positiv & Signifikant (OK),Accepted: N2O R² > 0.9,1
5,2025-08-13,small,4,0.398721402107805,-0.000221722460082109,0.000105206545137931,0.468583777303281,0.795474217916663,0.954236763909254,Positiv & Rauschen,Rejected: CO2 R² ≤ 0.9,0
6,2025-08-13,small,4,6.49715377141383,-0.00352601697001279,0.00100619852975549,0.992445963385998,0.988928390872081,0.985516201321415,Positiv & Signifikant (OK),Accepted: N2O R² > 0.9,1
7,2025-08-13,small,4,9.5052198005992,-0.00194172002601569,0.00172024272391935,0.985771357553502,0.988187527642777,0.979882503010311,Positiv & Signifikant (OK),Accepted: N2O R² > 0.9,1
8,2025-08-13,small,4,4.27248343210989,-0.00118309420347137,0.000310463752336739,0.991534809427953,0.990940239664393,0.760477876039789,Positiv & Signifikant (OK),Rejected: N2O R² ≤ 0.9,0
9,2025-08-13,small,4,10.4028125969506,-0.000769522279400204,0.00124262971415339,0.99306369464029,0.966413043642091,0.961882910635397,Positiv & Signifikant (OK),Accepted: N2O R² > 0.9,1
10,2025-08-13,small,4,3.28428855377971,-0.000267236086332922,0.000598301010462076,0.974597434690017,0.756787246292603,0.985708288809814,Positiv & Signifikant (OK),Accepted: N2O R² > 0.9,1
11,2025-08-13,small,4,2.77276121880866,-0.000301218206656478,0.000435585637416917,0.987967067274168,0.810244265925985,0.998770814719056,Positiv & Signifikant (OK),Accepted: N2O R² > 0.9,1
12,2025-08-13,small,4,5.7453611054198,-0.000717489853390061,0.000948023975405844,0.993212618015459,0.997137826698614,0.980720964044731,Positiv & Signifikant (OK),Accepted: N2O R² > 0.9,1
13,2025-08-13,small,4,5.72966869816194,-0.000688635693494466,0.000824069501195398,0.988124875451017,0.987844986289946,0.995103777711096,Positiv & Signifikant (OK),Accepted: N2O R² > 0.9,1
14,2025-08-13,small,4,4.56596310845131,-0.000772099951752549,0.000583352223678707,0.977969100044054,0.965987509145026,0.895461232236942,Positiv & Signifikant (OK),Rejected: N2O R² ≤ 0.9,0
15,2025-08-13,small,4,5.81843919857227,-0.000730345725144959,0.000539506540754953,0.971587843918731,0.971195296314235,0.987322079897876,Positiv & Signifikant (OK),Accepted: N2O R² > 0.9,1
16,2025-08-13,small,4,7.65008070405003,-0.00100911056143037,0.00194231825266672,0.990367481031891,0.989312216575999,0.989924711996637,Positiv & Signifikant (OK),Accepted: N2O R² > 0.9,1
17,2025-08-13,small,4,7.81079531505163,-0.000888819920740954,0.0013434748852562,0.99757502986638,0.999498797813967,0.996740922891562,Positiv & Signifikant (OK),Accepted: N2O R² > 0.9,1
18,2025-08-13,small,4,5.1399681174914,-0.000883127041890012,0.000416334861905078,0.990046679340874,0.995969724815043,0.981376815299007,Positiv & Signifikant (OK),Accepted: N2O R² > 0.9,1
19,2025-08-13,small,4,9.26682932132914,-0.000964773519298838,0.00156785130053466,0.999288458704051,0.94426705737743,0.999686109326697,Positiv & Signifikant (OK),Accepted: N2O R² > 0.9,1
20,2025-08-13,small,4,3.92661330154699,-0.000534652301096731,0.000539577229296183,0.938366974078783,0.852408725739735,0.943343290347157,Positiv & Signifikant (OK),Accepted: N2O R² > 0.9,1
21,2025-08-13,small,4,2.97468067276246,-0.000574194107031353,0.000325330946918873,0.941201405150239,0.981474804047884,0.948873961157877,Positiv & Signifikant (OK),Accepted: N2O R² > 0.9,1
22,2025-08-13,small,4,2.46700771473836,-0.000353607193977018,0.000232890519123952,0.856423806039025,0.952026625088776,0.761849252409194,Positiv & Rauschen,Rejected: CO2 R² ≤ 0.9,0
23,2025-08-13,small,4,9.82205272215506,-0.00128027651926153,0.00158691801336145,0.997476832528868,0.986618439397005,0.998936025606716,Positiv & Signifikant (OK),Accepted: N2O R² > 0.9,1
24,2025-08-13,small,4,7.11262212713165,-0.00116634361474815,0.000599665794499605,0.991404668328555,0.980168022014716,0.970070555877095,Positiv & Signifikant (OK),Accepted: N2O R² > 0.9,1
25,2025-08-13,small,4,11.7122761782182,-0.000991138662919227,0.00228751580225165,0.99252634825945,0.836772700673522,0.975341474078288,Positiv & Signifikant (OK),Accepted: N2O R² > 0.9,1
26,2025-08-13,small,4,6.24294855817294,-0.000153341367055606,0.000668625963269724,0.987604046070872,0.0360734830443352,0.980191461630183,Positiv & Signifikant (OK),Accepted: N2O R² > 0.9,1
27,2025-08-13,small,4,7.20638489168059,-0.00115342745009466,0.000949155508246745,0.992455148425256,0.996027200044148,0.963850578940649,Positiv & Signifikant (OK),Accepted: N2O R² > 0.9,1
28,2025-08-13,small,4,5.46439984100563,-0.00100667434479299,0.000768567063391968,0.99973305954168,0.999288442320867,0.979067463418454,Positiv & Signifikant (OK),Accepted: N2O R² > 0.9,1
29,2025-08-13,small,4,2.07318110322268,-0.000470553247740669,0.000271907204083907,0.896921032755313,0.996464278326146,0.615344994313434,Positiv & Rauschen,Rejected: CO2 R² ≤ 0.9,0
30,2025-08-13,small,4,7.17712043187376,-0.000942710402645611,0.000447919002874557,0.998476013312916,0.870114526705019,0.958078957277606,Positiv & Signifikant (OK),Accepted: N2O R² > 0.9,1
31,2025-08-13,small,4,10.7267624508043,-0.00106766485804994,0.0010162091099768,0.981416240751735,0.989428163611384,0.962233096282746,Positiv & Signifikant (OK),Accepted: N2O R² > 0.9,1
32,2025-08-13,small,4,6.63282586770689,-0.00103538376123342,0.000612858384058799,0.993403212636374,0.850443689576773,0.958058280171959,Positiv & Signifikant (OK),Accepted: N2O R² > 0.9,1
1,2025-08-20,small,4,4.97726912332882,-0.00177383990532194,0.000415219228801778,0.998430654976185,0.905095221264955,0.997239373918103,Positiv & Signifikant (OK),Accepted: N2O R² > 0.9,1
2,2025-08-20,small,4,3.32497888935575,-0.00193503298372237,0.000108241006900934,0.98367517499565,0.973058930477426,0.819026144461385,Positiv & Signifikant (OK),Accepted: low flux (below detection limit),1
3,2025-08-20,small,4,5.73562046809961,-0.00114368017130056,0.000970464194377848,0.999490887490104,0.99312772294632,0.991239923394709,Positiv & Signifikant (OK),Accepted: N2O R² > 0.9,1
4,2025-08-20,small,4,3.94092750634098,-0.00163466184199341,0.000320467874346208,0.997763891163243,0.997446890264193,0.998736538730219,Positiv & Signifikant (OK),Accepted: N2O R² > 0.9,1
5,2025-08-20,small,4,10.3249961270233,-0.0032902303292789,0.0014232496944524,0.988949048376517,0.98105113603409,0.989164588269889,Positiv & Signifikant (OK),Accepted: N2O R² > 0.9,1
6,2025-08-20,small,4,2.09339034632979,-0.00193845428387811,6.6400499281427e-05,0.981578299875012,0.991934695204695,0.385060311834994,Positiv & Signifikant (OK),Accepted: low flux (below detection limit),1
7,2025-08-20,small,4,6.91528685969599,-0.00136117648604151,0.00121668749325385,0.920303677978466,0.966667780674117,0.94839807451507,Positiv & Signifikant (OK),Accepted: N2O R² > 0.9,1
8,2025-08-20,small,4,4.96279420387317,-0.00316629564224918,0.000401258521130167,0.999811912716007,0.997295772287165,0.995923271931929,Positiv & Signifikant (OK),Accepted: N2O R² > 0.9,1
9,2025-08-20,small,4,7.46975482840265,-0.000526313411493483,0.00101357850018277,0.991057209230393,0.980732149538931,0.977578346773763,Positiv & Signifikant (OK),Accepted: N2O R² > 0.9,1
10,2025-08-20,small,4,3.75872718304936,-0.000341681351826153,0.000301062351914065,0.939010899527155,0.764856896897425,0.900403934776235,Positiv & Signifikant (OK),Accepted: N2O R² > 0.9,1
11,2025-08-20,small,4,4.33744478984316,-0.000303907539288522,0.000455252906836987,0.991419212613891,0.963739723843563,0.921038486318764,Positiv & Signifikant (OK),Accepted: N2O R² > 0.9,1
12,2025-08-20,small,4,3.16387034136485,-0.00055135717484706,0.000231388573894087,0.479712228575164,0.492443347097539,0.354177168636597,Positiv & Rauschen,Rejected: CO2 R² ≤ 0.9,0
13,2025-08-20,small,4,12.2561877941486,-0.00107114098108471,0.00171729311468081,0.591506954609688,0.629009426960731,0.598997541767361,Positiv & Rauschen,Rejected: CO2 R² ≤ 0.9,0
14,2025-08-20,small,4,4.66368517447315,-0.000769331571508717,0.000411840156100786,0.998664010156964,0.99809277780675,0.976000222989113,Positiv & Signifikant (OK),Accepted: N2O R² > 0.9,1
15,2025-08-20,small,4,9.73733428852908,-0.000857051685829206,0.00239340866402071,0.998910643697491,0.997671529222124,0.993220945679433,Positiv & Signifikant (OK),Accepted: N2O R² > 0.9,1
16,2025-08-20,small,4,3.73101621923722,-0.000474824319189062,0.000730011469857368,0.968717186045562,0.832665996388083,0.95264735297053,Positiv & Signifikant (OK),Accepted: N2O R² > 0.9,1
17,2025-08-20,small,3,12.7712000952895,-0.00107563363444574,0.00215699427309283,0.998871901284489,0.998717881144652,0.998905080413183,Positiv & Signifikant (OK),Accepted: N2O R² > 0.9,1
18,2025-08-20,small,4,3.84895677108537,-0.000477406838016305,0.000239914756589213,0.996420220441927,0.98042449551926,0.927840935381822,Positiv & Signifikant (OK),Accepted: N2O R² > 0.9,1
19,2025-08-20,small,4,9.82572117651587,-0.000844275421432453,0.00144971081591527,0.98190208902469,0.995376942080148,0.974064602440478,Positiv & Signifikant (OK),Accepted: N2O R² > 0.9,1
20,2025-08-20,small,4,4.99372833871616,-0.00074666508623672,0.000754731802698553,0.999625552981428,0.992683572439551,0.995046312133813,Positiv & Signifikant (OK),Accepted: N2O R² > 0.9,1
21,2025-08-20,small,4,12.7425330536326,-0.00116901442894857,0.00165769454467445,0.998058729546281,0.997520840728667,0.993221539551698,Positiv & Signifikant (OK),Accepted: N2O R² > 0.9,1
22,2025-08-20,small,4,4.00563098407152,-0.000774064603198506,0.000232644828532365,0.987301442090554,0.980306889028641,0.958578720009316,Positiv & Signifikant (OK),Accepted: N2O R² > 0.9,1
23,2025-08-20,small,4,14.2879253071186,-0.00151638035079493,0.00241174912493712,0.999894342016559,0.998589949675968,0.999898128140145,Positiv & Signifikant (OK),Accepted: N2O R² > 0.9,1
24,2025-08-20,small,4,4.15346123898953,-0.000655996479063298,0.000497150686684638,0.989287308954356,0.990544419469043,0.991276473684777,Positiv & Signifikant (OK),Accepted: N2O R² > 0.9,1
25,2025-08-20,small,4,12.8279520826607,-0.00125984116526254,0.00209026091301025,0.998799956182768,0.999990225148453,0.999300382553791,Positiv & Signifikant (OK),Accepted: N2O R² > 0.9,1
26,2025-08-20,small,4,5.42527604715349,-0.000664970877135052,0.000608771999923964,0.999735231441669,0.936373548839526,0.980195513517182,Positiv & Signifikant (OK),Accepted: N2O R² > 0.9,1
27,2025-08-20,small,4,11.4807188140344,-0.00147764981949496,0.00150945886871289,0.986236226145518,0.99973511910225,0.977905032864421,Positiv & Signifikant (OK),Accepted: N2O R² > 0.9,1
28,2025-08-20,small,4,4.52038679868255,-0.00073472881723065,0.000490551759119162,0.99922513916954,0.996676854812603,0.89529870290073,Positiv & Signifikant (OK),Rejected: N2O R² ≤ 0.9,0
29,2025-08-20,small,4,9.46935299941038,-0.000828091255637184,0.00163011175053759,0.977623569596474,0.974760493582964,0.980394723463185,Positiv & Signifikant (OK),Accepted: N2O R² > 0.9,1
30,2025-08-20,small,4,3.83946032439526,-0.000534395734224223,0.000524499282080612,0.991661189969043,0.994292780769712,0.951731176258991,Positiv & Signifikant (OK),Accepted: N2O R² > 0.9,1
31,2025-08-20,small,4,11.9916151195916,-0.00108176182884354,0.00170762235403561,0.997608326973562,0.99609076908964,0.989311463310077,Positiv & Signifikant (OK),Accepted: N2O R² > 0.9,1
32,2025-08-20,small,4,4.48644957297471,-0.000956218730567956,0.00051586273278863,0.90158470846286,0.878643688921537,0.925238136595275,Positiv & Signifikant (OK),Accepted: N2O R² > 0.9,1
1,2025-08-26,small,4,5.77808540150131,-0.00194740547449381,0.000452727472785968,0.992462449278444,0.982782099356349,0.957486797772502,Positiv & Signifikant (OK),Accepted: N2O R² > 0.9,1
2,2025-08-26,small,4,3.84497666839486,-0.00224067384428385,0.000157817553529495,0.970084848475592,0.996264779145997,0.797830562341829,Positiv & Signifikant (OK),Accepted: low flux (below detection limit),1
3,2025-08-26,small,4,6.38474409748796,-0.00146504295028972,0.000717216747254948,0.972287262871371,0.885340115146719,0.952251177655667,Positiv & Signifikant (OK),Accepted: N2O R² > 0.9,1
4,2025-08-26,small,4,2.13123041384066,-0.000790660113160629,0.000136006065362526,0.988982915112052,0.990162911699454,0.313335942221758,Positiv & Signifikant (OK),Accepted: low flux (below detection limit),1
5,2025-08-26,small,3,5.99464743111306,-0.00178503801631007,0.000527742700074383,0.962752384174835,0.747435557746648,0.941944097702045,Positiv & Signifikant (OK),Accepted: N2O R² > 0.9,1
6,2025-08-26,small,4,2.09033649625888,-0.00184511250655715,7.47196458523117e-05,0.859201393388973,0.903525766202947,0.920396903430806,Positiv & Rauschen,Rejected: CO2 R² ≤ 0.9,0
7,2025-08-26,small,4,5.94869668369049,-0.000580682780771081,0.000544138109395231,0.908636948419177,0.847775254130601,0.930156616335864,Positiv & Signifikant (OK),Accepted: N2O R² > 0.9,1
8,2025-08-26,small,4,1.74347214424306,-0.000616466014806131,9.03530968930788e-05,0.990743885986157,0.891139391527404,0.51636965451282,Positiv & Signifikant (OK),Accepted: low flux (below detection limit),1
9,2025-08-26,small,3,1.68210913233197,-0.000264091197414558,-8.81339138827766e-05,0.788651057282141,0.849429103603941,0.816877990441009,Positiv & Rauschen,Rejected: CO2 R² ≤ 0.9,0
10,2025-08-26,small,4,0.727187183684767,-0.000409606334365111,-8.62012776667867e-05,0.893277217747558,0.981034505732172,0.948485554895666,Positiv & Rauschen,Rejected: CO2 R² ≤ 0.9,0
11,2025-08-26,small,4,-0.0244735148699138,-8.48996439190602e-05,0.000105715070539335,0.0145662729476567,0.306751824226171,0.865849393322778,Negativ & Rauschen,Rejected: CO2 R² ≤ 0.9,0
12,2025-08-26,small,4,2.84917578914377,-0.000621964340914647,0.000287564805756029,0.975731987751014,0.982193128401106,0.995038567390475,Positiv & Signifikant (OK),Accepted: N2O R² > 0.9,1
13,2025-08-26,small,4,7.74138518835101,-0.000802777206493631,0.000831042632769228,0.997712388154686,0.998660763079111,0.990566465030106,Positiv & Signifikant (OK),Accepted: N2O R² > 0.9,1
14,2025-08-26,small,4,2.39474379075082,-0.000337338490219364,0.00011508742904241,0.95432222420112,0.984018967057025,0.670158175732146,Positiv & Signifikant (OK),Accepted: low flux (below detection limit),1
15,2025-08-26,small,4,6.45486032452114,-0.000628109547700604,0.000552657471635247,0.997986096544325,0.998780067887838,0.984542075771799,Positiv & Signifikant (OK),Accepted: N2O R² > 0.9,1
16,2025-08-26,small,4,4.50545431621863,-0.000615161209860543,0.000474842406919067,0.967711838700841,0.982716065928008,0.961142349885981,Positiv & Signifikant (OK),Accepted: N2O R² > 0.9,1
17,2025-08-26,small,4,7.4919935770246,-0.00119254749534392,0.000904871141121722,0.998882552111374,0.993070290077452,0.998256010859999,Positiv & Signifikant (OK),Accepted: N2O R² > 0.9,1
18,2025-08-26,small,4,1.13091381009149,-0.000327930276770436,3.16290691230137e-05,0.988611753863281,0.760646283522908,0.0675801445390995,Positiv & Signifikant (OK),Accepted: low flux (below detection limit),1
19,2025-08-26,small,4,4.1694538305325,-0.000233414437536608,0.000372694221872792,0.997299568982908,0.971343660169244,0.949694218977907,Positiv & Signifikant (OK),Accepted: N2O R² > 0.9,1
20,2025-08-26,small,3,2.09974266095358,-0.000342128212741564,0.000149776152752025,0.996921781836768,0.979393886575384,0.997329445443416,Positiv & Signifikant (OK),Accepted: low flux (below detection limit),1
21,2025-08-26,small,4,4.84476206341824,-0.000726652106253807,0.000432265351140788,0.971467781999652,0.983457438742675,0.883491564922988,Positiv & Signifikant (OK),Rejected: N2O R² ≤ 0.9,0
22,2025-08-26,small,4,2.92895348405505,-0.000733259868793977,0.000168063486262439,0.997488932160879,0.9941514137518,0.84763585963593,Positiv & Signifikant (OK),Accepted: low flux (below detection limit),1
23,2025-08-26,small,4,10.6160525090479,-0.00120609413907811,0.00131201367511922,0.991447012962543,0.994033695400943,0.997422282796307,Positiv & Signifikant (OK),Accepted: N2O R² > 0.9,1
24,2025-08-26,small,4,3.74338790352746,-0.000641575111638552,0.000265451758215831,0.99815059436675,0.997070485533031,0.992984276054545,Positiv & Signifikant (OK),Accepted: N2O R² > 0.9,1
25,2025-08-26,small,3,7.47595947156832,-0.000986918369944339,0.000616931530056357,0.988787023176533,0.999810732485931,0.975691049168593,Positiv & Signifikant (OK),Accepted: N2O R² > 0.9,1
26,2025-08-26,small,3,3.92372220673755,0.0013392605230466,0.000206328390165898,0.99261527713768,0.426588960138655,0.941591476978928,Positiv & Signifikant (OK),Accepted: low flux (below detection limit),1
27,2025-08-26,small,4,7.24858576164961,-0.00101071929908947,0.000546607154145007,0.968382647434891,0.974099003438178,0.992621028607522,Positiv & Signifikant (OK),Accepted: N2O R² > 0.9,1
28,2025-08-26,small,4,3.9551125951548,-0.000820696416861952,0.000175278129535328,0.974620886469909,0.956637349190623,0.953673118068,Positiv & Signifikant (OK),Accepted: low flux (below detection limit),1
29,2025-08-26,small,3,5.50086616888002,-0.000599159168296291,0.000420548753824558,0.999829450012248,0.995331706675931,0.95844290057783,Positiv & Signifikant (OK),Accepted: N2O R² > 0.9,1
30,2025-08-26,small,3,3.05542494029601,-0.000368941452665669,7.11499048968613e-05,0.994350612292525,0.984944412162229,0.302151653516576,Positiv & Signifikant (OK),Accepted: low flux (below detection limit),1
31,2025-08-26,small,4,2.9722556931734,-0.000300730674501399,5.05408074996315e-05,0.966281741469211,0.98599971352636,0.59826062996026,Positiv & Signifikant (OK),Accepted: low flux (below detection limit),1
32,2025-08-26,small,4,3.17164333040216,-0.000730593548572644,7.65361911753592e-05,0.947248191803494,0.966357910991227,0.464868140232292,Positiv & Signifikant (OK),Accepted: low flux (below detection limit),1
1,2025-09-03,small,4,3.2499130163262,-0.00146098967795752,0.000314145310818924,0.987704999574468,0.862856668881564,0.97446033304616,Positiv & Signifikant (OK),Accepted: N2O R² > 0.9,1
2,2025-09-03,small,4,1.33318033551422,-0.000203349474973237,-1.34716016940625e-05,0.730667091666041,0.777884194343257,0.140891803020896,Positiv & Rauschen,Rejected: CO2 R² ≤ 0.9,0
3,2025-09-03,small,3,0.923259944196894,-0.0003266879785609,0.000119356559147309,0.99927808363013,0.988672479919816,0.359820891523725,Positiv & Signifikant (OK),Accepted: low flux (below detection limit),1
4,2025-09-03,small,4,9.46860641673025,-0.000942865016170964,0.000919710976841377,0.9535666571538,0.976945690564931,0.962773330714712,Positiv & Signifikant (OK),Accepted: N2O R² > 0.9,1
5,2025-09-03,small,4,3.53055959882286,-0.000654975327025177,0.00044824726023902,0.971957605166468,0.930702175249239,0.870850314347035,Positiv & Signifikant (OK),Rejected: N2O R² ≤ 0.9,0
6,2025-09-03,small,4,1.6134597424523,-0.000282118605145273,0.000152701131606541,0.994180294526293,0.992601300150512,0.910709346059241,Positiv & Signifikant (OK),Accepted: low flux (below detection limit),1
7,2025-09-03,small,4,0.951132729169887,-0.000105383682304896,5.09583604635857e-05,0.999353429433599,0.535035125429263,0.982260414746606,Positiv & Signifikant (OK),Accepted: low flux (below detection limit),1
8,2025-09-03,small,4,1.80092474670973,-0.000972222183868342,6.96769701763233e-05,0.98211267196345,0.918437665563106,0.4774504730536,Positiv & Signifikant (OK),Accepted: low flux (below detection limit),1
9,2025-09-03,small,4,1.55145861690865,-0.000279820523117043,0.000107532963546294,0.992906401180562,0.582407431786505,0.888914477528551,Positiv & Signifikant (OK),Accepted: low flux (below detection limit),1
10,2025-09-03,small,4,6.05310050545031,-0.000760231783797914,0.000744290769637676,0.999546123646211,0.905218189955613,0.998228215814851,Positiv & Signifikant (OK),Accepted: N2O R² > 0.9,1
11,2025-09-03,small,4,6.08737312855434,-0.0022260481989267,0.000837082707039668,0.981090545025721,0.679846498480338,0.983088116585529,Positiv & Signifikant (OK),Accepted: N2O R² > 0.9,1
12,2025-09-03,small,3,2.91558570583063,-0.000879474947961355,0.000239826196592004,0.940718048523451,0.625941973038533,0.953013409287342,Positiv & Signifikant (OK),Accepted: N2O R² > 0.9,1
13,2025-09-03,small,4,5.0661940441897,-0.00158612123837007,0.00050961931301097,0.988697162949574,0.978647152195088,0.990125584129667,Positiv & Signifikant (OK),Accepted: N2O R² > 0.9,1
14,2025-09-03,small,4,2.76827878484833,-0.00229399835854698,0.000130489567344638,0.963977421623135,0.976357906554642,0.995969009000322,Positiv & Signifikant (OK),Accepted: low flux (below detection limit),1
15,2025-09-03,small,3,1.1143664814504,-5.5151350878484e-05,6.54514084518329e-06,0.832357788789163,0.64626262986706,0.0032134653516726,Positiv & Rauschen,Rejected: CO2 R² ≤ 0.9,0
16,2025-09-03,small,4,6.29587027141789,-0.000533681055062652,0.000774712901299742,0.980268819852773,0.970328916227578,0.99630695458528,Positiv & Signifikant (OK),Accepted: N2O R² > 0.9,1
17,2025-09-03,small,4,4.19069607141127,-0.000484415044918108,0.000415043482855654,0.995097520059304,0.978256509257335,0.997733902842416,Positiv & Signifikant (OK),Accepted: N2O R² > 0.9,1
18,2025-09-03,small,3,6.73496082155578,-0.000902561495546884,0.000458992167593345,0.969439821404834,0.977451669573818,0.992336555395244,Positiv & Signifikant (OK),Accepted: N2O R² > 0.9,1
19,2025-09-03,small,4,9.14755044462188,-0.00157696930062581,0.000930169042890977,0.998930319496195,0.783241081540399,0.999215487392926,Positiv & Signifikant (OK),Accepted: N2O R² > 0.9,1
20,2025-09-03,small,4,3.3308703222446,-0.0027741003297875,0.000130693787764163,0.990555328946033,0.998500948022458,0.507415027889146,Positiv & Signifikant (OK),Accepted: low flux (below detection limit),1
21,2025-09-03,small,4,2.17679089360145,-0.000535015033025887,8.88347548124569e-06,0.984381687787035,0.986307759680249,0.0585745387536355,Positiv & Signifikant (OK),Accepted: low flux (below detection limit),1
22,2025-09-03,small,4,8.33308701172236,-0.000643761164359323,0.000959768263586603,0.994173553167845,0.925125861936841,0.983529988470576,Positiv & Signifikant (OK),Accepted: N2O R² > 0.9,1
23,2025-09-03,small,4,5.22835252351257,-0.00048821740731218,0.000459173793596629,0.996361924522404,0.992384809699778,0.9456964736542,Positiv & Signifikant (OK),Accepted: N2O R² > 0.9,1
24,2025-09-03,small,4,3.01323898424609,-3.90736459815436e-05,6.81475232988605e-05,0.98806175578149,0.00092624708832517,0.540927444146561,Positiv & Signifikant (OK),Accepted: low flux (below detection limit),1
25,2025-09-03,small,3,12.2208873726125,-0.00107671350473107,0.00112073167703482,0.99660732054774,0.999905552799034,0.987039377189822,Positiv & Signifikant (OK),Accepted: N2O R² > 0.9,1
26,2025-09-03,small,4,4.78288755351297,-0.000716053441209029,0.00131738718716801,0.999777520253903,0.967196921084024,0.991835714355732,Positiv & Signifikant (OK),Accepted: N2O R² > 0.9,1
27,2025-09-03,small,4,4.46975094390104,-0.00037401302892225,7.29820966848115e-05,0.9602860533049,0.944596741545583,0.96229136170046,Positiv & Signifikant (OK),Accepted: low flux (below detection limit),1
28,2025-09-03,small,4,8.73186607719623,-0.000826711971885663,0.000837468709400995,0.994553310531475,0.993989648412484,0.975500809944586,Positiv & Signifikant (OK),Accepted: N2O R² > 0.9,1
29,2025-09-03,small,3,9.25223298193937,-0.000764691337065669,0.000268192167165964,0.982133427682848,0.999289480157388,0.760693818599906,Positiv & Signifikant (OK),Rejected: N2O R² ≤ 0.9,0
30,2025-09-03,small,4,1.93162885097392,-0.000409055362457585,-4.28735196623154e-05,0.945413637080373,0.890710500127202,0.266636247516947,Positiv & Signifikant (OK),Accepted: low flux (below detection limit),1
31,2025-09-03,small,3,5.02934656948105,-0.000438517770463562,0.000469966997392224,0.964039325952723,0.89671251603547,0.952478640935558,Positiv & Signifikant (OK),Accepted: N2O R² > 0.9,1
32,2025-09-03,small,4,3.28642067862272,-0.000561031428928151,3.72638268423918e-05,0.880281449629012,0.967291731269694,0.206298611779281,Positiv & Rauschen,Rejected: CO2 R² ≤ 0.9,0
1,2025-09-10,small,3,7.57039948150625,-0.00167682466036856,0.000400567004515839,0.996257870206286,0.999670661354995,0.941312184338555,Positiv & Signifikant (OK),Accepted: N2O R² > 0.9,1
2,2025-09-10,small,4,4.91237851244287,-0.00200247850795442,0.000194566535439927,0.963568352603026,0.880254409553876,0.999888915281079,Positiv & Signifikant (OK),Accepted: low flux (below detection limit),1
3,2025-09-10,small,3,12.8888397814508,-0.00156799742009476,0.00169633887617219,0.993191399830579,0.978633036660607,0.994161982308968,Positiv & Signifikant (OK),Accepted: N2O R² > 0.9,1
4,2025-09-10,small,4,2.90942263540628,-0.00196725395396685,0.00058681366035333,0.980916254608402,0.941712308624356,0.905818745642488,Positiv & Signifikant (OK),Accepted: N2O R² > 0.9,1
5,2025-09-10,small,4,8.7027501758992,-0.000749282634844291,0.000842180559550794,0.985715437809392,0.972988824628075,0.996349604564744,Positiv & Signifikant (OK),Accepted: N2O R² > 0.9,1
6,2025-09-10,small,4,4.40721297242642,-0.000556266680791519,0.000926681125004598,0.982122023900421,0.998182208065463,0.973063824491003,Positiv & Signifikant (OK),Accepted: N2O R² > 0.9,1
7,2025-09-10,small,4,5.76418876199587,-0.000390232448922424,0.000780645524487535,0.977257160167698,0.941677313359321,0.984286038403622,Positiv & Signifikant (OK),Accepted: N2O R² > 0.9,1
8,2025-09-10,small,4,9.01393000294921,-0.000844388781402334,0.00083996188004667,0.945396534376417,0.932986082253452,0.940512406378612,Positiv & Signifikant (OK),Accepted: N2O R² > 0.9,1
9,2025-09-10,small,4,8.18883447997715,-0.000664061481081509,0.00140169732426819,0.982829444630208,0.990074913845117,0.976610332469052,Positiv & Signifikant (OK),Accepted: N2O R² > 0.9,1
10,2025-09-10,small,4,3.30441317548872,-0.000368638447391675,0.000451131171667776,0.975535369723145,0.805417585602064,0.895909931232816,Positiv & Signifikant (OK),Rejected: N2O R² ≤ 0.9,0
11,2025-09-10,small,4,6.23653393014192,-0.000626882612890841,0.000283701718684731,0.997919245827904,0.988456424389776,0.93400317384053,Positiv & Signifikant (OK),Accepted: N2O R² > 0.9,1
12,2025-09-10,small,4,6.85016045002834,-0.00269872650933966,0.00118808381444447,0.96724951894786,0.945115820617946,0.953160779029527,Positiv & Signifikant (OK),Accepted: N2O R² > 0.9,1
13,2025-09-10,small,4,3.51960311783944,-0.00345787980137689,0.000699245988821863,0.976110805667283,0.999553320156786,0.946827488368438,Positiv & Signifikant (OK),Accepted: N2O R² > 0.9,1
14,2025-09-10,small,4,12.7219917345009,-0.00108865377263555,0.000417782648377343,0.959931379572106,0.94949559128988,0.967497544851007,Positiv & Signifikant (OK),Accepted: N2O R² > 0.9,1
15,2025-09-10,small,4,5.42873755696093,-0.000672608451365945,0.000142189130922653,0.950806023433004,0.944321625091803,0.849206496368442,Positiv & Signifikant (OK),Accepted: low flux (below detection limit),1
16,2025-09-10,small,4,6.96040783700532,-0.000718805950312611,0.000977236407735777,0.9934795019206,0.98673788916998,0.998703595836861,Positiv & Signifikant (OK),Accepted: N2O R² > 0.9,1
17,2025-09-10,small,4,7.00644037732823,-0.000429213211925198,0.0012469427438095,0.991349339474898,0.925604533651096,0.998142881569075,Positiv & Signifikant (OK),Accepted: N2O R² > 0.9,1
18,2025-09-10,small,4,10.5530046757601,-0.000887775498330982,0.000390131813873292,0.999635270085179,0.999607890330941,0.956698608231515,Positiv & Signifikant (OK),Accepted: N2O R² > 0.9,1
19,2025-09-10,small,4,5.95167588808036,-0.000628739767872547,0.000831663619835453,0.944238294450647,0.915167351041639,0.917137780933704,Positiv & Signifikant (OK),Accepted: N2O R² > 0.9,1
20,2025-09-10,small,4,4.79897421225678,-0.000504378656739411,0.0002367615977091,0.968414057720331,0.982310652701188,0.887598817847761,Positiv & Signifikant (OK),Rejected: N2O R² ≤ 0.9,0
21,2025-09-10,small,4,2.48405847959125,-0.000192946474886395,0.00010428872410897,0.843651404549497,0.558043865967755,0.292610042894078,Positiv & Rauschen,Rejected: CO2 R² ≤ 0.9,0
22,2025-09-10,small,4,4.56510864322894,-0.000570252980464475,0.000505788407014259,0.97641956996644,0.944481196095622,0.961743058739484,Positiv & Signifikant (OK),Accepted: N2O R² > 0.9,1
23,2025-09-10,small,4,7.15256799489094,-0.00195113871275183,0.000745440888786591,0.993477323407638,0.995091258313583,0.987484838166191,Positiv & Signifikant (OK),Accepted: N2O R² > 0.9,1
24,2025-09-10,small,4,6.36952103629414,-0.00347065424304305,0.000170223474771954,0.975864434257793,0.997683008277336,0.971989165112229,Positiv & Signifikant (OK),Accepted: low flux (below detection limit),1
25,2025-09-10,small,4,0.595486887862244,-5.53881802542788e-05,2.80514522141255e-06,0.362516069345875,0.397975585922137,0.000718375134612071,Positiv & Rauschen,Rejected: CO2 R² ≤ 0.9,0
26,2025-09-10,small,4,7.36866232449403,-0.000993737169049763,0.000521787665257478,0.99077535966254,0.973970265603575,0.92903092454982,Positiv & Signifikant (OK),Accepted: N2O R² > 0.9,1
27,2025-09-10,small,3,5.37458531422762,-0.000368085038643757,0.000985861292915485,0.994012112108799,0.93645112201467,0.993816329408573,Positiv & Signifikant (OK),Accepted: N2O R² > 0.9,1
28,2025-09-10,small,4,6.39772113358863,-0.00103427341966575,7.70592149939198e-05,0.976086379789618,0.967697651671512,0.66868189670814,Positiv & Signifikant (OK),Accepted: low flux (below detection limit),1
29,2025-09-10,small,4,5.70143105352173,-0.000528657881682589,0.000831959740424272,0.991825203331884,0.997043372293221,0.989088130762202,Positiv & Signifikant (OK),Accepted: N2O R² > 0.9,1
30,2025-09-10,small,4,3.03047364877748,-0.000380696755477286,0.000838686106597754,0.960468797743252,0.962318525602499,0.925860011758061,Positiv & Signifikant (OK),Accepted: N2O R² > 0.9,1
31,2025-09-10,small,4,6.18754688275079,-0.000433056088589214,0.000634103026867884,0.985965199634387,0.991541839075323,0.997209326571857,Positiv & Signifikant (OK),Accepted: N2O R² > 0.9,1
32,2025-09-10,small,4,4.51955241948495,-0.000433355815960139,0.000837999297083431,0.928335037752293,0.931069586932305,0.962694214390097,Positiv & Signifikant (OK),Accepted: N2O R² > 0.9,1
1,2025-09-12,small,4,4.05814402549243,-0.000280961509221349,0.000125418149975325,0.943305369507618,0.907345351281846,0.7292519443545,Positiv & Signifikant (OK),Accepted: low flux (below detection limit),1
2,2025-09-12,small,4,3.19529048427936,8.57189487200551e-05,0.000164575753864433,0.923831653296859,0.00566213332806329,0.980273901711117,Positiv & Signifikant (OK),Accepted: low flux (below detection limit),1
3,2025-09-12,small,4,5.88796207393532,-0.0013376116371973,0.000583734620700989,0.916746292710661,0.896924023380313,0.906879135163173,Positiv & Signifikant (OK),Accepted: N2O R² > 0.9,1
4,2025-09-12,small,4,1.3452864042842,-0.000468054617474022,0.000161299696738808,0.890319266039767,0.706492868924563,0.868831946513796,Positiv & Rauschen,Rejected: CO2 R² ≤ 0.9,0
5,2025-09-12,small,4,4.22704482911588,-0.00127522163388425,0.000180998537687908,0.93242892884913,0.898284331017457,0.77035625736767,Positiv & Signifikant (OK),Accepted: low flux (below detection limit),1
6,2025-09-12,small,4,3.1297727473429,-0.00152014224063294,5.97739157535062e-05,0.999441723167373,0.991125322794686,0.674105261167144,Positiv & Signifikant (OK),Accepted: low flux (below detection limit),1
7,2025-09-12,small,3,2.04823743153729,-0.000281339497110023,5.3513239514122e-05,0.988428142215713,0.626034786569903,0.532829241368292,Positiv & Signifikant (OK),Accepted: low flux (below detection limit),1
8,2025-09-12,small,4,1.51602884544586,-0.00132470884692173,0.000140561677717967,0.972628921923109,0.97518075059734,0.721685080068327,Positiv & Signifikant (OK),Accepted: low flux (below detection limit),1
9,2025-09-12,small,4,10.582373359351,-0.000938115239398613,0.00034871209269366,0.997594996684184,0.974475793770298,0.995508048919803,Positiv & Signifikant (OK),Accepted: N2O R² > 0.9,1
10,2025-09-12,small,4,5.25407390934861,-0.000734065811154199,4.28412861261722e-05,0.963018665340666,0.945468608268537,0.595609127891571,Positiv & Signifikant (OK),Accepted: low flux (below detection limit),1
11,2025-09-12,small,4,10.8713902749695,-0.000915491777643641,0.000552187389535974,0.989933186936745,0.978544812098524,0.991942928993387,Positiv & Signifikant (OK),Accepted: N2O R² > 0.9,1
12,2025-09-12,small,4,4.25920106889564,-0.000446649750626222,8.63925228953985e-05,0.973668266267684,0.928334291343185,0.502583273398184,Positiv & Signifikant (OK),Accepted: low flux (below detection limit),1
13,2025-09-12,small,4,14.1020844695018,-0.00116783617497296,0.000849617400599604,0.990561378829811,0.992936326575926,0.993054954817626,Positiv & Signifikant (OK),Accepted: N2O R² > 0.9,1
14,2025-09-12,small,4,3.9683947574127,-0.000462196260537931,0.000177191807041973,0.99269015651286,0.999514877411979,0.875522085098888,Positiv & Signifikant (OK),Accepted: low flux (below detection limit),1
15,2025-09-12,small,4,5.14357465881276,-0.000420671341096137,0.000354807244034958,0.996974884709112,0.991020784921578,0.897435513798013,Positiv & Signifikant (OK),Rejected: N2O R² ≤ 0.9,0
16,2025-09-12,small,4,5.15868512477285,-0.000586089579199189,0.0034295132826093,0.985039695544632,0.992233102974049,0.982805747122097,Positiv & Signifikant (OK),Accepted: N2O R² > 0.9,1
17,2025-09-12,small,4,9.41221218940788,-0.000837481099829688,0.000798747088374085,0.998906878762827,0.991608948482833,0.997127519487751,Positiv & Signifikant (OK),Accepted: N2O R² > 0.9,1
18,2025-09-12,small,4,4.52774993062003,-0.000659074932988312,7.35962123375591e-05,0.990501684841788,0.985383692985716,0.926776384545911,Positiv & Signifikant (OK),Accepted: low flux (below detection limit),1
19,2025-09-12,small,4,13.2301538765971,-0.00112821802900908,0.000973605495478603,0.999400410672718,0.99924943471611,0.998081534214192,Positiv & Signifikant (OK),Accepted: N2O R² > 0.9,1
20,2025-09-12,small,4,7.69561013271378,-0.00079589937476624,0.000406385606893693,0.992865484923163,0.990393599521127,0.983604132134243,Positiv & Signifikant (OK),Accepted: N2O R² > 0.9,1
21,2025-09-12,small,4,11.0052048357894,-0.000954517293682641,0.000534947586471047,0.999977588348696,0.999814807614927,0.999658295893607,Positiv & Signifikant (OK),Accepted: N2O R² > 0.9,1
22,2025-09-12,small,4,2.98301462901798,-0.000376384185130338,0.000137698666908732,0.974901775158606,0.969967491975927,0.829574840990453,Positiv & Signifikant (OK),Accepted: low flux (below detection limit),1
23,2025-09-12,small,4,5.87001699719168,-0.000438382191795239,0.000499782662477033,0.992364461138411,0.95380478093847,0.997374885153493,Positiv & Signifikant (OK),Accepted: N2O R² > 0.9,1
24,2025-09-12,small,4,3.0698950067704,-0.000368487078109603,0.000351387922680382,0.994444866172655,0.99061410204377,0.983675739328199,Positiv & Signifikant (OK),Accepted: N2O R² > 0.9,1
25,2025-09-12,small,4,7.20539831181804,0.000624344559610415,0.000730198797402269,0.99819496551476,0.29101640397833,0.966534962074735,Positiv & Signifikant (OK),Accepted: N2O R² > 0.9,1
26,2025-09-12,small,3,4.45177831503178,0.000832006178191877,0.000389806068458432,0.967920736347382,0.368397384414149,0.964987500905949,Positiv & Signifikant (OK),Accepted: N2O R² > 0.9,1
27,2025-09-12,small,4,3.63248198433187,-0.000425813613499513,8.99258376332317e-05,0.970021572636393,0.953373443660735,0.509448367677851,Positiv & Signifikant (OK),Accepted: low flux (below detection limit),1
28,2025-09-12,small,4,4.00865362099627,-0.00044130158222793,0.000133832245693592,0.969825731021967,0.913989773250442,0.76231838164049,Positiv & Signifikant (OK),Accepted: low flux (below detection limit),1
29,2025-09-12,small,4,9.78848852142461,-0.000833922528770014,0.00088390572778511,0.996906291107882,0.99622395607329,0.998884033193793,Positiv & Signifikant (OK),Accepted: N2O R² > 0.9,1
30,2025-09-12,small,4,5.98191536134348,-0.000357528663376444,0.000506291203172517,0.994647913374744,0.772740042179809,0.987356066776959,Positiv & Signifikant (OK),Accepted: N2O R² > 0.9,1
31,2025-09-12,small,4,2.78139797000559,-0.000286095632214384,-3.68859054004388e-05,0.942421590814283,0.863515826265007,0.233197797843473,Positiv & Signifikant (OK),Accepted: low flux (below detection limit),1
32,2025-09-12,small,4,5.8078800268508,-0.000771509176676837,0.000242124422735845,0.966456529705363,0.976717543104513,0.925280690303377,Positiv & Signifikant (OK),Accepted: N2O R² > 0.9,1
1,2025-09-16,small,4,4.3733230845548,-0.00136975784006394,0.000130360436876175,0.966551069604426,0.987855635166247,0.541985874546108,Positiv & Signifikant (OK),Accepted: low flux (below detection limit),1
2,2025-09-16,small,3,2.45180331044266,-0.00125088675756163,-1.21049406823809e-05,0.874032347697582,0.991244636913308,0.02763531147166,Positiv & Rauschen,Rejected: CO2 R² ≤ 0.9,0
3,2025-09-16,small,4,2.12366238121517,-5.83616202739588e-05,0.000139053241186367,0.987526413114279,0.0101600877900146,0.571409062437674,Positiv & Signifikant (OK),Accepted: low flux (below detection limit),1
4,2025-09-16,small,4,1.44684735052822,-0.00130584895112422,5.53190286470956e-05,0.931477626300245,0.954520986219901,0.425564740888972,Positiv & Signifikant (OK),Accepted: low flux (below detection limit),1
5,2025-09-16,small,4,3.68849410034877,-0.00098651849461056,0.000145953729085179,0.914106006825117,0.802120652502362,0.78724214479287,Positiv & Signifikant (OK),Accepted: low flux (below detection limit),1
6,2025-09-16,small,3,2.50045477999252,-0.00115196579314451,7.9392944294106e-05,0.998724554453788,0.94029749237899,0.911229331357089,Positiv & Signifikant (OK),Accepted: low flux (below detection limit),1
7,2025-09-16,small,4,5.5609868959029,-0.000135055814927022,0.000248383681319637,0.975677866211585,0.0909928647376587,0.863639865874553,Positiv & Signifikant (OK),Rejected: N2O R² ≤ 0.9,0
8,2025-09-16,small,3,1.52081599540307,-0.00117396203772773,0.000217489474366609,0.983115612764229,0.999999707167323,0.652323022048814,Positiv & Signifikant (OK),Rejected: N2O R² ≤ 0.9,0
9,2025-09-16,small,4,5.86658149893599,-0.000541312674960146,0.000183238471273106,0.997465425922067,0.996025773089175,0.782040941540793,Positiv & Signifikant (OK),Accepted: low flux (below detection limit),1
10,2025-09-16,small,4,2.01045423480965,-0.000336074636055398,8.57079228209385e-06,0.626178572842897,0.605656668611832,0.00701865465068935,Positiv & Rauschen,Rejected: CO2 R² ≤ 0.9,0
11,2025-09-16,small,4,4.59919555466233,-0.000399385588696132,4.47986447742472e-05,0.989175849351601,0.919013287239525,0.283121397494305,Positiv & Signifikant (OK),Accepted: low flux (below detection limit),1
12,2025-09-16,small,4,4.13018982817142,-0.000829868244311335,9.53100023708264e-05,0.99992763362849,0.999728380220687,0.714641583379447,Positiv & Signifikant (OK),Accepted: low flux (below detection limit),1
13,2025-09-16,small,4,6.06815273047819,-0.000730260478248114,0.000276050867351448,0.957603895640558,0.938936430954764,0.797453794065418,Positiv & Signifikant (OK),Rejected: N2O R² ≤ 0.9,0
14,2025-09-16,small,4,2.20272415593068,-0.000405078788511188,0.000116757997563525,0.585813089304955,0.599623940780273,0.807031337590895,Positiv & Rauschen,Rejected: CO2 R² ≤ 0.9,0
15,2025-09-16,small,4,4.96062726469983,-0.000570797668226671,0.000289636346326771,0.957655046865195,0.959618015002443,0.94859685237689,Positiv & Signifikant (OK),Accepted: N2O R² > 0.9,1
16,2025-09-16,small,3,7.08043935392386,-0.000959462173960869,0.00365948720759988,0.994886813980021,0.998816311692024,0.992292363589086,Positiv & Signifikant (OK),Accepted: N2O R² > 0.9,1
17,2025-09-16,small,3,5.7235247236117,-0.000701690469584813,0.000322473668087818,0.995543125632337,0.99997788662911,0.941704425687315,Positiv & Signifikant (OK),Accepted: N2O R² > 0.9,1
18,2025-09-16,small,3,2.15241645617819,-0.000483871249067632,-2.62165852480843e-05,0.95747256834241,0.36276689478454,0.103842244358319,Positiv & Signifikant (OK),Accepted: low flux (below detection limit),1
19,2025-09-16,small,4,7.53738000562473,-0.000659951350825011,0.000404492320501639,0.998184668659413,0.99405614278907,0.983720118705289,Positiv & Signifikant (OK),Accepted: N2O R² > 0.9,1
20,2025-09-16,small,4,5.87360833079006,-0.000950012286922957,0.000139924765150153,0.856071840082166,0.90160885381949,0.440708003365265,Positiv & Rauschen,Rejected: CO2 R² ≤ 0.9,0
21,2025-09-16,small,4,5.54080168865516,-0.000576124464793295,0.00025912546377434,0.835136987927378,0.833297419539914,0.85666979454418,Positiv & Rauschen,Rejected: CO2 R² ≤ 0.9,0
22,2025-09-16,small,4,3.93003215362299,-0.00067062533158921,-8.14740235635913e-05,0.999658999201373,0.989841005233034,0.841874639271484,Positiv & Signifikant (OK),Accepted: low flux (below detection limit),1
23,2025-09-16,small,3,8.33475198969303,-0.00112896258340033,0.000390895798694384,0.986241359365806,0.995660506201517,0.964309159760763,Positiv & Signifikant (OK),Accepted: N2O R² > 0.9,1
24,2025-09-16,small,4,3.33222538404009,-0.000953548952697443,0.000258252084684839,0.960179131372174,0.956762581488677,0.950133447694172,Positiv & Signifikant (OK),Accepted: N2O R² > 0.9,1
25,2025-09-16,small,4,6.20667076192497,-0.000872220887531236,0.000346455888119189,0.866498756234555,0.833072925213207,0.839221346972595,Positiv & Rauschen,Rejected: CO2 R² ≤ 0.9,0
26,2025-09-16,small,3,2.64612248347513,-0.000923653918197229,0.000109670940707328,0.998363633037526,0.851681930282765,0.766846171757613,Positiv & Signifikant (OK),Accepted: low flux (below detection limit),1
27,2025-09-16,small,4,3.52988774681356,-0.00117850434958591,0.000144462322911891,0.458767867028072,0.950059954753468,0.635637294158399,Positiv & Rauschen,Rejected: CO2 R² ≤ 0.9,0
28,2025-09-16,small,3,5.51940219535707,-0.000882696304516075,0.000233857281419196,0.980159423690221,0.969720123263915,0.918821479429146,Positiv & Signifikant (OK),Accepted: N2O R² > 0.9,1
29,2025-09-16,small,4,1.93171553305553,-0.000150789805439257,0.000162711736708333,0.882301793441319,0.90794132894568,0.840698552446983,Positiv & Rauschen,Rejected: CO2 R² ≤ 0.9,0
30,2025-09-16,small,4,3.23880391234301,-0.000549536823441142,-1.01636704664119e-05,0.922109060397368,0.786143261185335,0.0251101009475897,Positiv & Signifikant (OK),Accepted: low flux (below detection limit),1
31,2025-09-16,small,4,11.4936125561887,-0.00181224515019845,0.000201734616921041,0.990260558475134,0.984966387276669,0.976039239706459,Positiv & Signifikant (OK),Accepted: low flux (below detection limit),1
32,2025-09-16,small,4,6.00503401087364,-0.000848327057937366,9.62509237904103e-05,0.96398384980546,0.980880113141246,0.567349722091571,Positiv & Signifikant (OK),Accepted: low flux (below detection limit),1
1,2025-09-24,small,4,1.18444103495427,-0.0012762021510028,-3.94876120076876e-06,0.836344351606319,0.968716010706749,0.0290303180074889,Positiv & Rauschen,Rejected: CO2 R² ≤ 0.9,0
2,2025-09-24,small,3,2.88480988131163,-0.000996617992180567,8.27032592624395e-05,0.970580514542381,0.986065401745819,0.824629996453391,Positiv & Signifikant (OK),Accepted: low flux (below detection limit),1
3,2025-09-24,small,4,7.61445546422583,-0.00217931863554029,0.00034973912055696,0.995479494739669,0.978961751862896,0.956015849962214,Positiv & Signifikant (OK),Accepted: N2O R² > 0.9,1
4,2025-09-24,small,4,3.18982197899561,-0.00206782900634577,0.000117845206309396,0.997806329286381,0.729534417348587,0.982423524261746,Positiv & Signifikant (OK),Accepted: low flux (below detection limit),1
5,2025-09-24,small,4,6.75253900319641,0.00122927633764494,0.000354979043870886,0.944958932559364,0.262116120793014,0.976874905943647,Positiv & Signifikant (OK),Accepted: N2O R² > 0.9,1
6,2025-09-24,small,4,4.28650670428065,0.000310100118729795,4.34564094285105e-05,0.939193633577348,0.129091840737918,0.316523118675561,Positiv & Signifikant (OK),Accepted: low flux (below detection limit),1
7,2025-09-24,small,4,7.48394092806105,-0.00227790541042997,0.0003027661331643,0.970872641228773,0.985945970814893,0.864674379517168,Positiv & Signifikant (OK),Rejected: N2O R² ≤ 0.9,0
8,2025-09-24,small,4,2.76619151089144,-0.0018306608503244,4.16905745799554e-05,0.988323546174607,0.963658704091322,0.195906437123469,Positiv & Signifikant (OK),Accepted: low flux (below detection limit),1
9,2025-09-24,small,4,8.51687452761869,-0.000888294742066709,0.000145530525401489,0.985116323344874,0.976277845073565,0.723474534112098,Positiv & Signifikant (OK),Accepted: low flux (below detection limit),1
10,2025-09-24,small,4,6.58701229493437,-0.000980770899932819,8.26001050345829e-05,0.999936808559601,0.989218310869319,0.904085717061556,Positiv & Signifikant (OK),Accepted: low flux (below detection limit),1
11,2025-09-24,small,4,3.61311943100988,-0.000330601923103181,1.56516536683132e-05,0.911430909029372,0.891026228730721,0.208217840783373,Positiv & Signifikant (OK),Accepted: low flux (below detection limit),1
12,2025-09-24,small,4,4.67644346499484,-0.000869875861240119,3.7432505088359e-05,0.99965421162887,0.99856154437439,0.783965771455636,Positiv & Signifikant (OK),Accepted: low flux (below detection limit),1
13,2025-09-24,small,4,3.92922142440464,-0.000455043755158637,5.66392356734413e-05,0.949260740088242,0.953498868520195,0.457702509381957,Positiv & Signifikant (OK),Accepted: low flux (below detection limit),1
14,2025-09-24,small,4,4.85544194660379,-0.000924934764077665,2.59278105523568e-05,0.971154800681731,0.976729047586463,0.921265264067888,Positiv & Signifikant (OK),Accepted: low flux (below detection limit),1
15,2025-09-24,small,4,8.08479579354994,-0.000978501277880511,0.000307902514198654,0.965630067815322,0.976296224079536,0.934796290580692,Positiv & Signifikant (OK),Accepted: N2O R² > 0.9,1
16,2025-09-24,small,4,4.60364457598791,-0.000583993043080934,0.000914592309654457,0.999556570952786,0.986075039125815,0.974119147927883,Positiv & Signifikant (OK),Accepted: N2O R² > 0.9,1
17,2025-09-24,small,4,10.6245236931584,-0.00111909341506076,0.00035068044854292,0.992758333124832,0.988306174025757,0.942327943489436,Positiv & Signifikant (OK),Accepted: N2O R² > 0.9,1
18,2025-09-24,small,4,4.39742885767137,-0.000877392577778454,-4.46023808843137e-05,0.997340995363182,0.978431098827659,0.564262951775759,Positiv & Signifikant (OK),Accepted: low flux (below detection limit),1
19,2025-09-24,small,4,6.25395026568448,-0.000571190750531224,0.000122442334488893,0.999964484657537,0.998059161642472,0.768294037308024,Positiv & Signifikant (OK),Accepted: low flux (below detection limit),1
20,2025-09-24,small,4,7.08226966354633,-0.000748000026221888,3.40011866607591e-06,0.99501525327592,0.981788633097288,0.00241791149566043,Positiv & Signifikant (OK),Accepted: low flux (below detection limit),1
21,2025-09-24,small,4,9.75715511925603,-0.000895251642993458,0.000211911838443281,0.956855001453545,0.975079990013177,0.970141153023549,Positiv & Signifikant (OK),Accepted: N2O R² > 0.9,1
22,2025-09-24,small,4,5.37668097249549,-0.00077637904809801,6.84551543672183e-05,0.94323693040302,0.942614550775052,0.886441486518281,Positiv & Signifikant (OK),Accepted: low flux (below detection limit),1
23,2025-09-24,small,4,6.99262260976544,-0.000768028245583681,0.000265549574552548,0.995754569793446,0.999512682987641,0.982667600729188,Positiv & Signifikant (OK),Accepted: N2O R² > 0.9,1
24,2025-09-24,small,4,2.636813033127,-0.0005411788336174,7.6650379654068e-05,0.971280693936831,0.980242812613218,0.838140634527316,Positiv & Signifikant (OK),Accepted: low flux (below detection limit),1
25,2025-09-24,small,4,6.74300228776308,-0.000923887690525473,0.000264120276816986,0.998570690828322,0.998883222070298,0.953616122532292,Positiv & Signifikant (OK),Accepted: N2O R² > 0.9,1
26,2025-09-24,small,4,2.94887360278283,-0.000562681621199351,8.73824274258116e-06,0.980458783021637,0.859977986561932,0.00630569020123798,Positiv & Signifikant (OK),Accepted: low flux (below detection limit),1
27,2025-09-24,small,4,5.3380930912791,-0.000781764945457488,0.000237333510646694,0.993005470946045,0.994004959733229,0.962663429509098,Positiv & Signifikant (OK),Accepted: N2O R² > 0.9,1
28,2025-09-24,small,4,4.34360423834982,-0.000682145827767942,0.000117002994503394,0.979222710739767,0.976134999856266,0.711071547257446,Positiv & Signifikant (OK),Accepted: low flux (below detection limit),1
29,2025-09-24,small,4,5.62973084907764,-0.000483254436082586,0.000239919733724123,0.983504865957152,0.980496393970328,0.96465477811766,Positiv & Signifikant (OK),Accepted: N2O R² > 0.9,1
30,2025-09-24,small,4,1.40252252920874,3.50971226214564e-05,4.65160596856755e-05,0.764907470962522,0.0114141659188413,0.453986884669107,Positiv & Rauschen,Rejected: CO2 R² ≤ 0.9,0
31,2025-09-24,small,4,3.91080652761398,-0.000460234771876479,1.58517190554511e-05,0.9948222299869,0.988893799242822,0.0185597441829003,Positiv & Signifikant (OK),Accepted: low flux (below detection limit),1
32,2025-09-24,small,4,8.29202565620246,-0.000933041656529396,2.0024983062313e-06,0.992398765165172,0.994455855636022,0.000956598037000746,Positiv & Signifikant (OK),Accepted: low flux (below detection limit),1
1,2025-09-30,small,4,5.44786743791182,-0.000862857447755355,5.20211438914192e-05,0.987197055165914,0.999282229026136,0.651903766040632,Positiv & Signifikant (OK),Accepted: low flux (below detection limit),1
2,2025-09-30,small,4,4.56233742996413,-0.000554256361651422,-1.56665539365063e-05,0.990986661020228,0.99112631466044,0.132223764014648,Positiv & Signifikant (OK),Accepted: low flux (below detection limit),1
3,2025-09-30,small,4,5.70111211925609,-0.000560248677439279,0.000116318759689539,0.991319298267938,0.989266044224326,0.84915673904117,Positiv & Signifikant (OK),Accepted: low flux (below detection limit),1
4,2025-09-30,small,4,3.31587908029401,-0.000428726295471923,-2.08947579669517e-05,0.979422664163766,0.946184871479852,0.836850354450094,Positiv & Signifikant (OK),Accepted: low flux (below detection limit),1
5,2025-09-30,small,3,8.73051974593191,-0.000853770551610962,0.000142058109996123,0.971581673358844,0.975436468330064,0.787964304519959,Positiv & Signifikant (OK),Accepted: low flux (below detection limit),1
6,2025-09-30,small,4,4.9953056192877,-0.000623125150824447,8.5447588972396e-06,0.987425167775373,0.999467895605313,0.0275099005432724,Positiv & Signifikant (OK),Accepted: low flux (below detection limit),1
7,2025-09-30,small,4,7.26192373042917,-0.000627004734512211,0.000159856154258761,0.968435163022064,0.965104460165499,0.8862019906209,Positiv & Signifikant (OK),Accepted: low flux (below detection limit),1
8,2025-09-30,small,4,3.45931404845503,-0.000650701189178413,8.95648465642047e-07,0.99428302089129,0.991900030141251,4.04070328792349e-05,Positiv & Signifikant (OK),Accepted: low flux (below detection limit),1
9,2025-09-30,small,4,7.86884765667986,-0.000758932692143665,7.48801369538613e-05,0.99969314534285,0.998439397534281,0.982707693649544,Positiv & Signifikant (OK),Accepted: low flux (below detection limit),1
10,2025-09-30,small,4,4.44306749024658,-0.000580231784440613,-1.93695802528012e-06,0.999872290884185,0.999842830239683,0.00201203475849674,Positiv & Signifikant (OK),Accepted: low flux (below detection limit),1
11,2025-09-30,small,4,4.96611332439969,-0.000461926921660286,3.23987186300487e-05,0.942459368974481,0.972615752800302,0.539013408977219,Positiv & Signifikant (OK),Accepted: low flux (below detection limit),1
12,2025-09-30,small,4,6.48271701993328,-0.000792102770628751,-2.95576703251834e-05,0.992686418087512,0.992126166628113,0.0869339044393186,Positiv & Signifikant (OK),Accepted: low flux (below detection limit),1
13,2025-09-30,small,4,10.1711782570995,-0.000904490345743982,-2.77454613712707e-05,0.999836934406692,0.9997034560882,0.149465566119424,Positiv & Signifikant (OK),Accepted: low flux (below detection limit),1
14,2025-09-30,small,4,5.63851390584662,-0.000575554804554246,-4.03741903903126e-05,0.999409449512403,0.996924449186219,0.98095683609117,Positiv & Signifikant (OK),Accepted: low flux (below detection limit),1
15,2025-09-30,small,4,8.53206469609181,-0.000952737591259248,4.25965002219462e-05,0.995635000862793,0.987335623174072,0.152528012974178,Positiv & Signifikant (OK),Accepted: low flux (below detection limit),1
16,2025-09-30,small,4,6.34981431824013,-0.000653718041017664,0.000113670533806551,0.99629790003538,0.996448599032091,0.774510060968055,Positiv & Signifikant (OK),Accepted: low flux (below detection limit),1
17,2025-09-30,small,4,8.66477127937489,-0.000931659602431705,0.00013288438691456,0.998656315276311,0.999770285154957,0.893646892569146,Positiv & Signifikant (OK),Accepted: low flux (below detection limit),1
18,2025-09-30,small,4,4.54860360118678,-0.000721128994951738,6.4564043205924e-05,0.998623168937626,0.999386308973064,0.941978892629473,Positiv & Signifikant (OK),Accepted: low flux (below detection limit),1
19,2025-09-30,small,4,7.21762327785499,-0.000716433187295859,8.08265847997606e-05,0.997728564412734,0.998858329455995,0.558540906480908,Positiv & Signifikant (OK),Accepted: low flux (below detection limit),1
20,2025-09-30,small,4,6.43614522629084,-0.000737805842931231,-7.6956238813582e-05,0.996636739454717,0.983272913664456,0.671066898757757,Positiv & Signifikant (OK),Accepted: low flux (below detection limit),1
21,2025-09-30,small,4,6.05284544165439,-0.000600001023446323,7.40956891772615e-05,0.967639438259696,0.991241262670275,0.370197017800159,Positiv & Signifikant (OK),Accepted: low flux (below detection limit),1
22,2025-09-30,small,4,6.11682607182312,-0.000713055619653026,-2.75083977671743e-05,0.996840958599467,0.990530172124977,0.972958585142518,Positiv & Signifikant (OK),Accepted: low flux (below detection limit),1
23,2025-09-30,small,4,7.76121249535678,-0.000819604130769983,0.000149419512899093,0.985856594468929,0.980034732496718,0.908946665274372,Positiv & Signifikant (OK),Accepted: low flux (below detection limit),1
24,2025-09-30,small,4,3.86162555948213,-0.00059719506791955,-5.48585417330432e-05,0.949346732337096,0.963769425840211,0.505581918095974,Positiv & Signifikant (OK),Accepted: low flux (below detection limit),1
25,2025-09-30,small,4,10.0075740563749,-0.00127391299202304,0.000196620000691584,0.999974391578412,0.982397205171834,0.951004026281943,Positiv & Signifikant (OK),Accepted: low flux (below detection limit),1
26,2025-09-30,small,4,3.68441953980477,-0.000442328002827222,-6.38384041213381e-05,0.986733374378683,0.955016472628228,0.761531926432676,Positiv & Signifikant (OK),Accepted: low flux (below detection limit),1
27,2025-09-30,small,4,7.46635689262664,-0.00159675627611347,0.000133086429511929,0.992667187953282,0.977095310314536,0.827309139498804,Positiv & Signifikant (OK),Accepted: low flux (below detection limit),1
28,2025-09-30,small,4,4.62415168484212,-0.000669985717183959,2.521141197025e-05,0.960472387875531,0.92022044536624,0.101418101974682,Positiv & Signifikant (OK),Accepted: low flux (below detection limit),1
29,2025-09-30,small,4,-0.0588639182180138,-0.000108914939377148,2.87435918142885e-06,0.0533445792089137,0.981859584790997,0.0051847097473591,Negativ & Rauschen,Rejected: CO2 R² ≤ 0.9,0
30,2025-09-30,small,4,-0.51690031737027,-6.13946482386307e-05,1.45420455199162e-05,0.530337835265351,0.956940582813529,0.0766155848734366,Negativ & Rauschen,Rejected: CO2 R² ≤ 0.9,0
31,2025-09-30,small,4,0.153239782228296,-0.000112584899214378,-2.15862939669542e-05,0.527352691922408,0.986539779985383,0.081619799925394,Positiv & Rauschen,Rejected: CO2 R² ≤ 0.9,0
32,2025-09-30,small,4,0.288929321983497,-9.43950041003508e-05,5.26922828038016e-05,0.879105403547953,0.986056332317668,0.612402743350356,Positiv & Rauschen,Rejected: CO2 R² ≤ 0.9,0
1,2025-10-02,small,4,3.71623928220354,-0.000448971042132612,1.674846993098e-05,0.993890566518858,0.988505005156688,0.0586548926270339,Positiv & Signifikant (OK),Accepted: low flux (below detection limit),1
2,2025-10-02,small,4,1.02671714516928,-0.000110891681593179,6.2049793404214e-05,0.901122661950043,0.481909368251959,0.822003296976954,Positiv & Signifikant (OK),Accepted: low flux (below detection limit),1
3,2025-10-02,small,4,2.52339292929415,-0.000352633768496689,0.000150201230024285,0.987245822307594,0.996878544958251,0.98336592424187,Positiv & Signifikant (OK),Accepted: low flux (below detection limit),1
4,2025-10-02,small,4,0.808158120561925,-0.000303012295862187,2.47669724488386e-05,0.834832858071441,0.917243667287138,0.124534127701462,Positiv & Rauschen,Rejected: CO2 R² ≤ 0.9,0
5,2025-10-02,small,4,2.9759511148478,-0.000462651622641518,0.000192823456922211,0.999573060792792,0.996913185075551,0.817514431416828,Positiv & Signifikant (OK),Accepted: low flux (below detection limit),1
6,2025-10-02,small,4,1.13450198318443,-0.000291633931564626,7.44032239468606e-05,0.986502102022823,0.989257333757227,0.650188283899869,Positiv & Signifikant (OK),Accepted: low flux (below detection limit),1
7,2025-10-02,small,4,4.39098136459934,-0.000567420035070809,0.000296384044536999,0.981721656963777,0.997852550317538,0.981252970202261,Positiv & Signifikant (OK),Accepted: N2O R² > 0.9,1
8,2025-10-02,small,4,1.65488462449044,-0.000593018966450999,5.15003040590751e-05,0.987236988001863,0.984720885742865,0.141839075860771,Positiv & Signifikant (OK),Accepted: low flux (below detection limit),1
9,2025-10-02,small,4,3.87112506793436,-0.000502568563781223,4.73769156731562e-05,0.983129070397477,0.970689504417936,0.385557832147664,Positiv & Signifikant (OK),Accepted: low flux (below detection limit),1
10,2025-10-02,small,4,2.10975892340479,-0.000429639512075634,3.57041918026604e-05,0.986607006945614,0.981470613376002,0.280395183664715,Positiv & Signifikant (OK),Accepted: low flux (below detection limit),1
11,2025-10-02,small,4,1.76421760943536,-0.000286692342636527,3.59656019676611e-05,0.953547782974537,0.970186912530615,0.453006688515755,Positiv & Signifikant (OK),Accepted: low flux (below detection limit),1
12,2025-10-02,small,3,1.39406013361473,-0.000386216257710671,2.2613995822081e-05,0.99969353892653,0.997766283179767,0.354605786260148,Positiv & Signifikant (OK),Accepted: low flux (below detection limit),1
13,2025-10-02,small,4,1.45830365548434,-0.000309824709796093,-1.10962884178253e-05,0.201622953712076,0.398136815921012,0.0453037935258984,Positiv & Rauschen,Rejected: CO2 R² ≤ 0.9,0
14,2025-10-02,small,4,2.01193673451572,-0.000578405604877653,2.13111843374354e-05,0.994467818353322,0.99081402145477,0.0299761140877251,Positiv & Signifikant (OK),Accepted: low flux (below detection limit),1
15,2025-10-02,small,3,4.33558921637276,-0.00153626759725548,8.41771006956758e-05,0.996447735453467,0.988075827793628,0.887832850019476,Positiv & Signifikant (OK),Accepted: low flux (below detection limit),1
16,2025-10-02,small,3,2.63039308581748,-0.000517352094079728,0.000103085417484477,0.967614407905621,0.964372432032666,0.47101201343497,Positiv & Signifikant (OK),Accepted: low flux (below detection limit),1
17,2025-10-02,small,4,1.25324505103122,-9.45596662783455e-06,1.3987159831372e-05,0.952549044210172,0.189986419969923,0.382178544403885,Positiv & Signifikant (OK),Accepted: low flux (below detection limit),1
18,2025-10-02,small,4,0.609016040615345,-5.74124156745106e-05,-7.0799716614024e-05,0.929557432932574,0.788757220820005,0.821952088309558,Positiv & Signifikant (OK),Accepted: low flux (below detection limit),1
19,2025-10-02,small,4,3.1048060086424,-0.000482956690771505,0.000113972007367948,0.991790317631302,0.995993743417996,0.841413695927254,Positiv & Signifikant (OK),Accepted: low flux (below detection limit),1
20,2025-10-02,small,4,0.729893008846148,-9.82247957970768e-05,-2.31703650342424e-05,0.938306742665175,0.628142018691946,0.0684464835079616,Positiv & Signifikant (OK),Accepted: low flux (below detection limit),1
21,2025-10-02,small,4,3.75125407565486,-0.000465594638307443,5.61172957752009e-05,0.975328823140797,0.979518657178749,0.369239803603819,Positiv & Signifikant (OK),Accepted: low flux (below detection limit),1
22,2025-10-02,small,4,0.994780720343129,-0.000222877236022154,1.71579800218608e-05,0.973234101385068,0.980888078196641,0.651556115854853,Positiv & Signifikant (OK),Accepted: low flux (below detection limit),1
23,2025-10-02,small,4,4.12036208748605,-0.000637979565566507,0.000172938144359661,0.983308737452779,0.998179065905292,0.943630778801389,Positiv & Signifikant (OK),Accepted: low flux (below detection limit),1
24,2025-10-02,small,3,3.20615492845006,-0.000683763371467551,3.57054150338133e-05,0.99902455132276,0.999939354890689,0.418060116665962,Positiv & Signifikant (OK),Accepted: low flux (below detection limit),1
25,2025-10-02,small,4,4.51215837584974,-0.000644867948940869,0.000187790471226782,0.981665343756787,0.934375857731239,0.740828834181211,Positiv & Signifikant (OK),Accepted: low flux (below detection limit),1
26,2025-10-02,small,4,1.39069719137891,-0.000283208245247132,5.20228949968129e-05,0.934559983491733,0.862032265449635,0.489549818623955,Positiv & Signifikant (OK),Accepted: low flux (below detection limit),1
27,2025-10-02,small,4,3.9045424559487,-0.000835810727388824,0.000167734598831331,0.999647711403994,0.992046489976976,0.962234600876453,Positiv & Signifikant (OK),Accepted: low flux (below detection limit),1
28,2025-10-02,small,4,2.50402983826649,-0.00076963370408757,3.06093855845649e-05,0.989299476999364,0.961506041147076,0.216895127314044,Positiv & Signifikant (OK),Accepted: low flux (below detection limit),1
29,2025-10-02,small,4,5.21631862121007,-0.000572976030467158,0.00029577424710861,0.953792811881642,0.791483695538313,0.818739007041038,Positiv & Signifikant (OK),Rejected: N2O R² ≤ 0.9,0
30,2025-10-02,small,4,3.4985769530178,-0.000650159545722353,2.95383637006332e-05,0.991118241226348,0.992446406931365,0.292154540228961,Positiv & Signifikant (OK),Accepted: low flux (below detection limit),1
31,2025-10-02,small,4,7.88958592541374,-0.00103836170622953,-9.47392024737305e-06,0.999859502022417,0.997957980883329,0.216613844622073,Positiv & Signifikant (OK),Accepted: low flux (below detection limit),1
32,2025-10-02,small,3,0.80393734716618,-4.99060188986478e-05,1.20674619246388e-05,0.869814929152335,0.926617198854957,0.00899397641260115,Positiv & Rauschen,Rejected: CO2 R² ≤ 0.9,0
1,2025-10-08,small,4,2.80005023331046,-0.000758701387989774,7.35357097256946e-05,0.993939311056575,0.991432236281229,0.611104579683876,Positiv & Signifikant (OK),Accepted: low flux (below detection limit),1
2,2025-10-08,small,4,1.32568657921772,-0.000393540755968803,1.15476105093835e-05,0.955113898340702,0.976498174925663,0.165432391432699,Positiv & Signifikant (OK),Accepted: low flux (below detection limit),1
3,2025-10-08,small,4,2.31163339284717,0.000280920682013723,0.000341698952592226,0.995558484546268,0.93855087519602,0.993561129159101,Positiv & Signifikant (OK),Accepted: N2O R² > 0.9,1
4,2025-10-08,small,4,2.19070117895856,-0.00035956116328276,0.000125930585275112,0.998407559914702,0.993580972230417,0.847377542026965,Positiv & Signifikant (OK),Accepted: low flux (below detection limit),1
5,2025-10-08,small,4,2.912172861128,-0.000450105137264671,0.000267076703306837,0.968550367103782,0.976169176576245,0.945207468923647,Positiv & Signifikant (OK),Accepted: N2O R² > 0.9,1
6,2025-10-08,small,4,2.30150374694691,-0.000607362987917381,1.27257722746401e-05,0.969091096749664,0.98746655212701,0.0699340829212101,Positiv & Signifikant (OK),Accepted: low flux (below detection limit),1
7,2025-10-08,small,4,4.51506776631437,-0.000306762633066565,0.000235583200895864,0.987553879114682,0.851245638865005,0.946237301561278,Positiv & Signifikant (OK),Accepted: N2O R² > 0.9,1
8,2025-10-08,small,4,2.55124432135265,-0.000738327942538973,7.79082826943024e-05,0.997586229463019,0.992015993980725,0.492003339856452,Positiv & Signifikant (OK),Accepted: low flux (below detection limit),1
9,2025-10-08,small,4,2.6696294808668,-0.000461887259734224,7.4633885767809e-05,0.995409374147163,0.992790197597643,0.824324843254843,Positiv & Signifikant (OK),Accepted: low flux (below detection limit),1
10,2025-10-08,small,4,0.801105426633273,-0.000285953049868473,2.69716018218052e-05,0.981931188680929,0.987923008609858,0.244868776367332,Positiv & Signifikant (OK),Accepted: low flux (below detection limit),1
11,2025-10-08,small,4,1.27054923970705,-0.00025098220089372,9.41006779361054e-05,0.986736865339109,0.993942517481492,0.956304655080975,Positiv & Signifikant (OK),Accepted: low flux (below detection limit),1
12,2025-10-08,small,4,1.57583680494612,-0.00041962315130346,3.14797385128874e-05,0.999702792796708,0.985882560981614,0.940164655648652,Positiv & Signifikant (OK),Accepted: low flux (below detection limit),1
13,2025-10-08,small,4,1.37166919743859,-0.000205672161203334,0.000113462672756553,0.9819760592327,0.981314268270282,0.94152717027385,Positiv & Signifikant (OK),Accepted: low flux (below detection limit),1
14,2025-10-08,small,4,1.28971564251374,-0.000233105037209583,9.00592842577931e-05,0.991248768357169,0.956364212196876,0.524397471748935,Positiv & Signifikant (OK),Accepted: low flux (below detection limit),1
15,2025-10-08,small,4,1.27813053046046,-0.000436116389975355,0.000102215938299385,0.902290487812983,0.93917141837529,0.694373931038664,Positiv & Signifikant (OK),Accepted: low flux (below detection limit),1
16,2025-10-08,small,4,0.851483154437367,0.000227379030684311,7.83619964658734e-05,0.970207303406493,0.431259623456917,0.992572017431742,Positiv & Signifikant (OK),Accepted: low flux (below detection limit),1
17,2025-10-08,small,4,2.52835333461298,0.000143350891340329,0.000279928170395024,0.999184377710139,0.991842648763974,0.740418075399267,Positiv & Signifikant (OK),Rejected: N2O R² ≤ 0.9,0
18,2025-10-08,small,4,1.87571254194175,-0.000701944337433487,-3.53765278043656e-05,0.997619866543371,0.997750521909942,0.180082007349783,Positiv & Signifikant (OK),Accepted: low flux (below detection limit),1
19,2025-10-08,small,4,2.84693461687789,0.000569342897380285,0.00019651787261584,0.999171138392504,0.99680768128762,0.987072082910828,Positiv & Signifikant (OK),Accepted: low flux (below detection limit),1
20,2025-10-08,small,4,2.78824557814401,-0.000457821876484933,9.33507928465451e-05,0.962377680895758,0.980701840076445,0.917508858681714,Positiv & Signifikant (OK),Accepted: low flux (below detection limit),1
21,2025-10-08,small,4,2.25915038997188,-0.000365838447700643,8.37737060299472e-05,0.999648184353696,0.999184401711381,0.729643233367357,Positiv & Signifikant (OK),Accepted: low flux (below detection limit),1
22,2025-10-08,small,4,2.01858231183864,-0.000467675737779451,9.16072592470243e-05,0.999114509466564,0.999453776912124,0.460564975604223,Positiv & Signifikant (OK),Accepted: low flux (below detection limit),1
23,2025-10-08,small,4,2.3851309723341,-0.000419225998047897,0.000151562214152196,0.985796537309562,0.986156411741984,0.896926828870456,Positiv & Signifikant (OK),Accepted: low flux (below detection limit),1
24,2025-10-08,small,4,1.71480554613415,-0.000344958653273556,0.000113904294364331,0.995931949739379,0.989664590244464,0.953922366632353,Positiv & Signifikant (OK),Accepted: low flux (below detection limit),1
25,2025-10-08,small,4,1.93015519509398,0.00120309321055552,0.000177617079020498,0.996318145635769,0.956327055102438,0.848088907530135,Positiv & Signifikant (OK),Accepted: low flux (below detection limit),1
26,2025-10-08,small,4,1.09663744694728,0.000193421628133336,-1.12375150929474e-05,0.980931753849219,0.00839016095601193,0.0121273490203959,Positiv & Signifikant (OK),Accepted: low flux (below detection limit),1
27,2025-10-08,small,4,1.6672323239251,-0.000324291840886067,8.085900557803e-05,0.950268497230572,0.940494142281503,0.989446085253337,Positiv & Signifikant (OK),Accepted: low flux (below detection limit),1
28,2025-10-08,small,4,1.87095590886646,-0.000244057162233262,0.000134342333267139,0.998262298487992,0.868323094505706,0.833923403992912,Positiv & Signifikant (OK),Accepted: low flux (below detection limit),1
29,2025-10-08,small,4,-0.245564726067904,-0.000234696372881971,-4.57454112251373e-05,0.568822733051957,0.999013088656948,0.62899371295661,Negativ & Rauschen,Rejected: CO2 R² ≤ 0.9,0
30,2025-10-08,small,4,3.33862046169108,-0.000312050335212266,0.000203932024936167,0.999480520135605,0.775622400006243,0.988659657225582,Positiv & Signifikant (OK),Accepted: low flux (below detection limit),1
31,2025-10-08,small,4,4.15134189240093,-0.000875132728894697,0.00021965493621985,0.97536946744498,0.979974743768122,0.949641885160143,Positiv & Signifikant (OK),Accepted: N2O R² > 0.9,1
32,2025-10-08,small,4,2.67880449714429,-0.000511397457222066,0.000119335831995067,0.997662845484336,0.795292483292632,0.945700198762418,Positiv & Signifikant (OK),Accepted: low flux (below detection limit),1
1,2025-10-10,small,3,2.55686886458579,-0.000499644381609893,0.000116870318340203,0.992802941677337,0.981769529473714,0.510078216893985,Positiv & Signifikant (OK),Accepted: low flux (below detection limit),1
2,2025-10-10,small,3,0.888396848191174,-0.000247123079493138,0.000131218666083796,0.999679078363136,0.913944937272238,0.977204958836956,Positiv & Signifikant (OK),Accepted: low flux (below detection limit),1
3,2025-10-10,small,3,2.12436027009059,-0.000356570115518939,0.000293099790329382,0.988285019324968,0.996304695208852,0.994924742161307,Positiv & Signifikant (OK),Accepted: N2O R² > 0.9,1
4,2025-10-10,small,4,1.0373111810424,-0.000315681551780928,0.000124679041828331,0.96757464285743,0.978867274337614,0.819444130665945,Positiv & Signifikant (OK),Accepted: low flux (below detection limit),1
5,2025-10-10,small,3,2.58285468026162,-0.000361539252721058,0.000222105623345284,0.9995786614192,0.991967435722673,0.998233526363907,Positiv & Signifikant (OK),Accepted: N2O R² > 0.9,1
6,2025-10-10,small,4,0.89672986691529,-0.000184762874922199,4.14599089585791e-05,0.962756268896342,0.967241461941965,0.232500925161444,Positiv & Signifikant (OK),Accepted: low flux (below detection limit),1
7,2025-10-10,small,4,4.6760451735179,-0.000532139786449818,0.000148759867293537,0.961758606062341,0.966918529936104,0.933798744106626,Positiv & Signifikant (OK),Accepted: low flux (below detection limit),1
8,2025-10-10,small,3,1.36951599308364,-0.000391563705772864,0.000104152817342029,0.849248324317398,0.907897960693803,0.909799234034826,Positiv & Rauschen,Rejected: CO2 R² ≤ 0.9,0
9,2025-10-10,small,4,4.56324812256948,-0.000688374275355276,0.000217526876714039,0.983563572168776,0.98734442660322,0.914313543405063,Positiv & Signifikant (OK),Accepted: N2O R² > 0.9,1
10,2025-10-10,small,4,0.909653829739917,-0.000295802185928206,2.37171192636487e-05,0.989085656146129,0.984762524510759,0.284646952680462,Positiv & Signifikant (OK),Accepted: low flux (below detection limit),1
11,2025-10-10,small,4,2.11988083125442,-0.000340240885388188,0.000212874491358667,0.866144517679676,0.903917793377133,0.935952975011007,Positiv & Rauschen,Rejected: CO2 R² ≤ 0.9,0
12,2025-10-10,small,4,2.6398387272672,-0.000453293712169057,0.000210396840548712,0.99732539865359,0.995206737615808,0.853288820373478,Positiv & Signifikant (OK),Rejected: N2O R² ≤ 0.9,0
13,2025-10-10,small,4,2.89754132746922,-0.000473899614200728,0.000136681138781926,0.992264229564476,0.991518389518467,0.895112674666182,Positiv & Signifikant (OK),Accepted: low flux (below detection limit),1
14,2025-10-10,small,4,2.54140213717528,-0.000389249137632493,7.50217584219843e-05,0.999737200400896,0.989412925989475,0.95215398943215,Positiv & Signifikant (OK),Accepted: low flux (below detection limit),1
15,2025-10-10,small,4,3.30670224855423,-0.000477669754481246,0.000242628025453905,0.982087022637533,0.980226064504098,0.944740050466187,Positiv & Signifikant (OK),Accepted: N2O R² > 0.9,1
16,2025-10-10,small,4,2.07070378293002,-0.000306510189812313,4.79520438839662e-05,0.976045306278817,0.960921025952284,0.0681741700569702,Positiv & Signifikant (OK),Accepted: low flux (below detection limit),1
17,2025-10-10,small,3,1.60681053119365,-0.000287709626087137,0.000223932201423146,0.977298094316384,0.97641676421301,0.993772875615443,Positiv & Signifikant (OK),Accepted: N2O R² > 0.9,1
18,2025-10-10,small,4,1.34402978190818,-0.000497243033176936,9.63539136336738e-05,0.991604579795063,0.976789244835207,0.523865318550173,Positiv & Signifikant (OK),Accepted: low flux (below detection limit),1
19,2025-10-10,small,4,5.38467927351216,-0.000846829318648747,0.000541872811072096,0.981113801060452,0.988125973779744,0.936545293221691,Positiv & Signifikant (OK),Accepted: N2O R² > 0.9,1
20,2025-10-10,small,4,1.9714249592187,-0.000482024740799136,4.28426358018196e-05,0.998378587899436,0.96805359088049,0.261671606757273,Positiv & Signifikant (OK),Accepted: low flux (below detection limit),1
21,2025-10-10,small,4,2.46184896799229,-0.000324195087761768,7.61248840600234e-05,0.990923887716605,0.991156787040991,0.513693488740441,Positiv & Signifikant (OK),Accepted: low flux (below detection limit),1
22,2025-10-10,small,4,2.43903887294844,-0.000372505160411687,0.000139761505074478,0.996925785420128,0.71240114122858,0.962760927852805,Positiv & Signifikant (OK),Accepted: low flux (below detection limit),1
23,2025-10-10,small,4,3.44888244057166,-0.000488287186722626,0.000187565637187664,0.994699468992473,0.989878485158953,0.732180362570032,Positiv & Signifikant (OK),Accepted: low flux (below detection limit),1
24,2025-10-10,small,4,1.46010406379912,-0.000302259283621473,6.17213562698589e-05,0.88087367811091,0.913987972724449,0.663431472398021,Positiv & Rauschen,Rejected: CO2 R² ≤ 0.9,0
25,2025-10-10,small,4,2.03016256421924,-0.000436242860221276,0.000312857026391676,0.992177180476535,0.791817819741194,0.90474897703646,Positiv & Signifikant (OK),Accepted: N2O R² > 0.9,1
26,2025-10-10,small,4,1.62117445498181,-0.000527958921799785,2.391565443982e-05,0.975851296371179,0.963286269867997,0.0687741972880118,Positiv & Signifikant (OK),Accepted: low flux (below detection limit),1
27,2025-10-10,small,4,0.677529418065627,-0.000160706223919415,2.0880060997493e-05,0.923610599367132,0.978881479603568,0.100916595347793,Positiv & Signifikant (OK),Accepted: low flux (below detection limit),1
28,2025-10-10,small,4,2.05684551098263,-0.000566636859347662,7.58793601569806e-05,0.993852464407511,0.999163192549523,0.536741680754228,Positiv & Signifikant (OK),Accepted: low flux (below detection limit),1
29,2025-10-10,small,4,1.74547254366554,-0.000188756339518099,4.21359110959862e-05,0.925784812889244,0.630702371174554,0.845951917515962,Positiv & Signifikant (OK),Accepted: low flux (below detection limit),1
30,2025-10-10,small,4,1.87459527443868,-0.000342048370532263,3.30333423995842e-05,0.97423731792986,0.981630418294788,0.268647153925833,Positiv & Signifikant (OK),Accepted: low flux (below detection limit),1
31,2025-10-10,small,4,3.90061470821623,-0.000505140424666996,0.000114500560179277,0.960932420437699,0.993301600705618,0.801691573713127,Positiv & Signifikant (OK),Accepted: low flux (below detection limit),1
32,2025-10-10,small,4,2.28391232737869,-0.000363371913893046,-4.98336230022743e-05,0.91935036329947,0.917732618833701,0.510192777781051,Positiv & Signifikant (OK),Accepted: low flux (below detection limit),1
1,2025-10-14,small,4,3.32931641083235,-0.000693546786534078,9.60107194812337e-05,0.989254294793847,0.9961324177435,0.769551814170562,Positiv & Signifikant (OK),Accepted: low flux (below detection limit),1
2,2025-10-14,small,4,2.66606961209524,-0.000587258806395352,1.34826930047637e-05,0.9930993897421,0.990981899465683,0.0135180716683137,Positiv & Signifikant (OK),Accepted: low flux (below detection limit),1
3,2025-10-14,small,4,3.76414477589933,-0.000533118312186056,0.000263510865630253,0.989874888911154,0.876452159586137,0.899527655994717,Positiv & Signifikant (OK),Rejected: N2O R² ≤ 0.9,0
4,2025-10-14,small,4,2.03435415069165,-0.000431537117877889,4.25593990311984e-05,0.999551011829681,0.997182948584409,0.495915125778062,Positiv & Signifikant (OK),Accepted: low flux (below detection limit),1
5,2025-10-14,small,4,3.74489326209393,-0.000470107201181136,6.63557683493111e-05,0.985656243149232,0.990119730941464,0.998163824687685,Positiv & Signifikant (OK),Accepted: low flux (below detection limit),1
6,2025-10-14,small,4,2.6944597208665,-0.000510281547954474,-6.03333848538227e-05,0.995105637430289,0.963478393101783,0.254074903558772,Positiv & Signifikant (OK),Accepted: low flux (below detection limit),1
7,2025-10-14,small,4,5.96888010816348,-0.000486955938749809,0.000190214241029704,0.990476790392269,0.935590901347903,0.978981476433645,Positiv & Signifikant (OK),Accepted: low flux (below detection limit),1
8,2025-10-14,small,4,2.26553391592821,-0.000664664422379428,4.5525840690858e-05,0.997423959616189,0.953123326623488,0.216573253298739,Positiv & Signifikant (OK),Accepted: low flux (below detection limit),1
9,2025-10-14,small,4,2.11564241342902,-0.000207709028198303,-4.8146680783104e-06,0.973176026569512,0.992970373442445,0.015379919543232,Positiv & Signifikant (OK),Accepted: low flux (below detection limit),1
10,2025-10-14,small,4,1.64368006132509,-0.000241414388523216,-4.1087135569452e-05,0.921554415157626,0.797864558022803,0.551835428737138,Positiv & Signifikant (OK),Accepted: low flux (below detection limit),1
11,2025-10-14,small,4,3.4702606327438,-0.000659705934316871,0.000159583205518404,0.97763563916312,0.984526753172196,0.85552407282668,Positiv & Signifikant (OK),Accepted: low flux (below detection limit),1
12,2025-10-14,small,4,2.75253560640183,-0.000655132883707065,8.47402928608909e-05,0.987799989611907,0.994331083947055,0.938939528383924,Positiv & Signifikant (OK),Accepted: low flux (below detection limit),1
13,2025-10-14,small,4,3.12228943000994,-0.000317476223754792,7.77045186794936e-05,0.999099346704481,0.998563843565386,0.293052861417397,Positiv & Signifikant (OK),Accepted: low flux (below detection limit),1
14,2025-10-14,small,4,1.66625532358185,-0.000310537387925672,2.30701377903811e-05,0.979088048462229,0.962091700419328,0.0712750764291689,Positiv & Signifikant (OK),Accepted: low flux (below detection limit),1
15,2025-10-14,small,4,3.30301310592598,-0.000574196246168218,2.18346306894797e-05,0.99161647113159,0.976393481145907,0.0926766959224628,Positiv & Signifikant (OK),Accepted: low flux (below detection limit),1
16,2025-10-14,small,4,3.40006778839218,-0.00034279968128857,3.06741454399445e-05,0.998034550473504,0.794783918057988,0.242973243207874,Positiv & Signifikant (OK),Accepted: low flux (below detection limit),1
17,2025-10-14,small,4,3.67608242940632,-0.00052239731567895,0.000106498451647224,0.993929581092587,0.987060003245574,0.866585305696498,Positiv & Signifikant (OK),Accepted: low flux (below detection limit),1
18,2025-10-14,small,4,1.24600553444983,-0.000221127772579867,9.62801850090865e-06,0.995555418535559,0.987584577627919,0.128154051582083,Positiv & Signifikant (OK),Accepted: low flux (below detection limit),1
19,2025-10-14,small,4,3.41592053671285,-0.000436495926778171,4.22777227854217e-05,0.998169381449994,0.990544342315945,0.462625335939115,Positiv & Signifikant (OK),Accepted: low flux (below detection limit),1
20,2025-10-14,small,4,3.38676850010521,-0.000570954220872241,-2.20151198709714e-05,0.98975180871703,0.977969206798283,0.155784751297228,Positiv & Signifikant (OK),Accepted: low flux (below detection limit),1
21,2025-10-14,small,4,3.16838474924777,-0.000391332011864065,8.47877282579069e-05,0.996104339154682,0.998178804300125,0.661798240449065,Positiv & Signifikant (OK),Accepted: low flux (below detection limit),1
22,2025-10-14,small,4,2.71301711208261,-0.000397051949784951,4.19158043329351e-05,0.98428819262534,0.894759546757423,0.216424954862789,Positiv & Signifikant (OK),Accepted: low flux (below detection limit),1
23,2025-10-14,small,4,3.86349806328853,-0.00037534237933615,6.04318144660277e-05,0.99952458865514,0.983037924993758,0.532238082196369,Positiv & Signifikant (OK),Accepted: low flux (below detection limit),1
24,2025-10-14,small,4,2.22841875093673,-0.000363976712618927,6.95683905497085e-05,0.999075953622976,0.998968638473441,0.817166233367546,Positiv & Signifikant (OK),Accepted: low flux (below detection limit),1
25,2025-10-14,small,4,4.55838077868932,-0.000844326079487913,0.000379034069967506,0.982937369523371,0.921003102984528,0.931935726505011,Positiv & Signifikant (OK),Accepted: N2O R² > 0.9,1
26,2025-10-14,small,4,1.59045856606946,-0.000406105090265603,8.474432550035e-07,0.98752534775879,0.878092833995594,0.00023930532118357,Positiv & Signifikant (OK),Accepted: low flux (below detection limit),1
27,2025-10-14,small,4,3.36485712041165,-0.000510197465679506,6.79079276204216e-05,0.998696976379014,0.998671742834767,0.458508164470273,Positiv & Signifikant (OK),Accepted: low flux (below detection limit),1
28,2025-10-14,small,3,2.43322655929532,-0.000207637801235402,2.72782683608396e-05,0.961143089744131,0.969207243260286,0.0610950013693884,Positiv & Signifikant (OK),Accepted: low flux (below detection limit),1
29,2025-10-14,small,4,2.03036077926654,-0.000192055633448195,3.9120199496412e-05,0.940693185251544,0.538023344366762,0.322201407610795,Positiv & Signifikant (OK),Accepted: low flux (below detection limit),1
30,2025-10-14,small,4,3.00324146565404,-0.000617433989480204,4.96590745072917e-05,0.950176047407348,0.998046616613649,0.363089502375209,Positiv & Signifikant (OK),Accepted: low flux (below detection limit),1
31,2025-10-14,small,4,3.76571586085074,-0.00056729174058215,-4.18238432002097e-05,0.998452566298312,0.939198073054781,0.709124456653481,Positiv & Signifikant (OK),Accepted: low flux (below detection limit),1
32,2025-10-14,small,4,2.76973532291736,-0.00039696633300553,-6.49770973058609e-05,0.998583791229745,0.9879854385221,0.312247868253968,Positiv & Signifikant (OK),Accepted: low flux (below detection limit),1
1,2025-10-21,small,4,2.05790314672917,-0.000318944269274025,4.27331601083947e-05,0.98824802536214,0.9595635590501,0.506252443221264,Positiv & Signifikant (OK),Accepted: low flux (below detection limit),1
2,2025-10-21,small,4,2.19734509308066,-0.000544371853721579,-2.47960457727405e-05,0.993254477800465,0.974287561127231,0.799217283876677,Positiv & Signifikant (OK),Accepted: low flux (below detection limit),1
3,2025-10-21,small,4,2.89818195499239,-0.000497081391107168,9.66747041521744e-05,0.982890270528012,0.882616356929792,0.926577463319195,Positiv & Signifikant (OK),Accepted: low flux (below detection limit),1
4,2025-10-21,small,4,2.66424060339886,-0.000546296904628972,8.86953725180284e-05,0.955169851070224,0.953937174340195,0.913862829781015,Positiv & Signifikant (OK),Accepted: low flux (below detection limit),1
5,2025-10-21,small,3,2.494934354187,-0.000332555986382044,7.94426194499646e-05,0.923664438171708,0.950024465248842,0.739351133496846,Positiv & Signifikant (OK),Accepted: low flux (below detection limit),1
6,2025-10-21,small,4,3.69461780906337,-0.000707024924935858,4.7398970630338e-06,0.978845799223994,0.984182939647087,0.0031304201992436,Positiv & Signifikant (OK),Accepted: low flux (below detection limit),1
7,2025-10-21,small,3,3.26780249450443,-0.000591477240738227,-1.75226892943538e-05,0.969613225362049,0.99777659616446,0.802347732285555,Positiv & Signifikant (OK),Accepted: low flux (below detection limit),1
8,2025-10-21,small,4,1.65941875399258,-0.000635009104875794,-9.33535040284571e-06,0.967324906049244,0.734460831340122,0.0952543326709545,Positiv & Signifikant (OK),Accepted: low flux (below detection limit),1
9,2025-10-21,small,4,4.97182864561533,-0.000722123945757209,0.000109251032238813,0.99390109992064,0.987936102117593,0.865751566322674,Positiv & Signifikant (OK),Accepted: low flux (below detection limit),1
10,2025-10-21,small,4,1.75358937694206,-0.000385349575412571,4.00843840343496e-05,0.962451637308583,0.957597381399452,0.409052812330428,Positiv & Signifikant (OK),Accepted: low flux (below detection limit),1
11,2025-10-21,small,4,1.61426866602207,-0.000177810591558137,0.000102830170561181,0.985012390990964,0.518738862853223,0.571270721308933,Positiv & Signifikant (OK),Accepted: low flux (below detection limit),1
12,2025-10-21,small,4,3.05008145367986,-0.000502095721821782,2.87999428864633e-05,0.978195207651929,0.9876023526607,0.25200387732481,Positiv & Signifikant (OK),Accepted: low flux (below detection limit),1
13,2025-10-21,small,4,3.07738485459385,-0.00039674343791471,3.70666946279316e-05,0.952122696153153,0.95949610409276,0.123641126606248,Positiv & Signifikant (OK),Accepted: low flux (below detection limit),1
14,2025-10-21,small,4,3.26756913873315,-0.000635596059294411,3.60737752812529e-05,0.964234294298401,0.970050641299426,0.0982199771038989,Positiv & Signifikant (OK),Accepted: low flux (below detection limit),1
15,2025-10-21,small,4,5.07239570876675,-0.00172703685507656,8.61435125653462e-05,0.95615109443459,0.856511933647466,0.687199215249422,Positiv & Signifikant (OK),Accepted: low flux (below detection limit),1
16,2025-10-21,small,4,1.11135823112983,-6.7806183521071e-05,8.39069858797087e-05,0.957588507301322,0.031387779055951,0.296422157205066,Positiv & Signifikant (OK),Accepted: low flux (below detection limit),1
17,2025-10-21,small,4,4.77414996749723,-0.000682161403970661,0.000137798869246846,0.999525295908946,0.998790646323775,0.777077486733361,Positiv & Signifikant (OK),Accepted: low flux (below detection limit),1
18,2025-10-21,small,4,2.34554879167977,-0.000375992833599557,-7.58058840208948e-07,0.989448939678316,0.9799182621519,0.000193600670054771,Positiv & Signifikant (OK),Accepted: low flux (below detection limit),1
19,2025-10-21,small,4,2.99699250768128,-0.000465682670107905,-9.66794874330684e-05,0.998264935104035,0.968429610973733,0.606704536918286,Positiv & Signifikant (OK),Accepted: low flux (below detection limit),1
20,2025-10-21,small,4,3.42003157568267,-0.000398384923803508,-2.50594185932096e-05,0.999966874477309,0.955199877125944,0.236087153601782,Positiv & Signifikant (OK),Accepted: low flux (below detection limit),1
21,2025-10-21,small,3,6.3182543165521,-0.000917085880046094,3.8619362298857e-05,0.998542859099255,0.998351718264263,0.0328928862559194,Positiv & Signifikant (OK),Accepted: low flux (below detection limit),1
22,2025-10-21,small,4,1.61993011675889,-0.000277401937760119,-6.08596956023685e-05,0.688040606516933,0.235901347051971,0.416979916626825,Positiv & Rauschen,Rejected: CO2 R² ≤ 0.9,0
23,2025-10-21,small,4,6.00656357863383,-0.00100368541051188,0.000273410863315892,0.9957335645058,0.989620190787797,0.947192038627326,Positiv & Signifikant (OK),Accepted: N2O R² > 0.9,1
24,2025-10-21,small,4,2.24401175872438,-0.000381848280578039,6.7265190779928e-05,0.879066722799581,0.848172389855985,0.234489626633264,Positiv & Rauschen,Rejected: CO2 R² ≤ 0.9,0
25,2025-10-21,small,4,3.97735210528002,-0.000605452639896929,0.000112659378649597,0.993496623755863,0.900448518257953,0.851273381470553,Positiv & Signifikant (OK),Accepted: low flux (below detection limit),1
26,2025-10-21,small,4,3.51272280266141,-0.000880776601192827,2.08439712819085e-06,0.909659723198605,0.950523932426481,0.000816087816562922,Positiv & Signifikant (OK),Accepted: low flux (below detection limit),1
27,2025-10-21,small,4,3.84013914637381,-0.000515921267686364,2.71380503738836e-05,0.935434340152705,0.947030533978965,0.240257423459133,Positiv & Signifikant (OK),Accepted: low flux (below detection limit),1
28,2025-10-21,small,4,2.81547261383386,-0.000495678020885559,0.000128784480233403,0.9963815320986,0.772167771494018,0.978774751181295,Positiv & Signifikant (OK),Accepted: low flux (below detection limit),1
29,2025-10-21,small,4,0.468756208525287,-0.00010349960218963,1.85591366203968e-05,0.275036249827664,0.139258621244074,0.0321942267901337,Positiv & Rauschen,Rejected: CO2 R² ≤ 0.9,0
30,2025-10-21,small,4,2.79007336783563,-0.000541766462388431,-2.74649365230081e-05,0.997034620591741,0.97631732275945,0.118234849389442,Positiv & Signifikant (OK),Accepted: low flux (below detection limit),1
31,2025-10-21,small,4,8.02201401130937,-0.0017541931375224,6.76133288383996e-05,0.987319190922071,0.985955128631061,0.910922852857777,Positiv & Signifikant (OK),Accepted: low flux (below detection limit),1
32,2025-10-21,small,3,3.35532620683738,-0.000606231831282395,-4.51236255378679e-05,0.934523088827661,0.884994978285808,0.591850495015022,Positiv & Signifikant (OK),Accepted: low flux (below detection limit),1
1,2025-10-28,small,4,1.68365366607954,-0.000387868224343393,3.04356511530852e-06,0.964062421916738,0.94010240924321,0.00392845537435186,Positiv & Signifikant (OK),Accepted: low flux (below detection limit),1
2,2025-10-28,small,4,0.328429631169662,-5.05651805055603e-05,5.731500349023e-05,0.990676905993488,0.164101852937955,0.725315296904134,Positiv & Signifikant (OK),Accepted: low flux (below detection limit),1
3,2025-10-28,small,4,1.71670779839301,-0.000274989882004725,-1.30190054305811e-05,0.997119959404851,0.978083778823004,0.0394493405725414,Positiv & Signifikant (OK),Accepted: low flux (below detection limit),1
4,2025-10-28,small,4,1.53607684073456,-0.000508386923586757,-1.4171919559646e-05,0.954774819174171,0.959565249837834,0.0957750088968069,Positiv & Signifikant (OK),Accepted: low flux (below detection limit),1
5,2025-10-28,small,4,1.54076345484905,-0.000148392503772966,3.84965130330364e-05,0.93370605313627,0.842017844935371,0.26674081526488,Positiv & Signifikant (OK),Accepted: low flux (below detection limit),1
6,2025-10-28,small,3,1.57357757757617,-0.000195479573444982,1.89473882154721e-05,0.960914844309865,0.99987861423002,0.0314659761895237,Positiv & Signifikant (OK),Accepted: low flux (below detection limit),1
7,2025-10-28,small,4,0.950978325487818,-0.000110641270361754,5.64410829546888e-05,0.865637046412774,0.913840038062041,0.230389832890372,Positiv & Rauschen,Rejected: CO2 R² ≤ 0.9,0
8,2025-10-28,small,4,1.80056158585841,-0.000562682350420443,-9.11629101610175e-05,0.980252268179064,0.816136874256156,0.654765766199484,Positiv & Signifikant (OK),Accepted: low flux (below detection limit),1
9,2025-10-28,small,4,1.65014321006534,-0.000241447579771467,3.57844258958668e-05,0.903116935417143,0.697001333442824,0.281646015739311,Positiv & Signifikant (OK),Accepted: low flux (below detection limit),1
10,2025-10-28,small,3,0.921657061440666,-0.000499951136969925,-6.63253564377845e-05,0.957544114423074,0.983293058777396,0.553559072991682,Positiv & Signifikant (OK),Accepted: low flux (below detection limit),1
11,2025-10-28,small,4,0.278649765166088,3.36934432530368e-05,3.65979774665579e-06,0.495707738723083,0.861271342005457,0.0530737524645728,Positiv & Rauschen,Rejected: CO2 R² ≤ 0.9,0
12,2025-10-28,small,4,1.57737011467863,-0.000650170372089737,1.48649236036096e-05,0.983406234342317,0.975591630229242,0.326390672953314,Positiv & Signifikant (OK),Accepted: low flux (below detection limit),1
13,2025-10-28,small,4,2.25546765498694,-0.000249955013134821,1.82699251496763e-05,0.803707161667714,0.681253330519563,0.0930220608297261,Positiv & Rauschen,Rejected: CO2 R² ≤ 0.9,0
14,2025-10-28,small,3,3.02384070730688,-0.000594672959125365,-7.63218981560854e-05,0.990418699440425,0.980905393150041,0.362361934034861,Positiv & Signifikant (OK),Accepted: low flux (below detection limit),1
15,2025-10-28,small,3,1.50991672040014,-0.000469732071023867,-8.0470569073088e-05,0.999194146734969,0.870129292161217,0.311135588868733,Positiv & Signifikant (OK),Accepted: low flux (below detection limit),1
16,2025-10-28,small,4,1.40255230840238,-0.000300866616730479,9.23356181410414e-05,0.997633408353555,0.987482669996458,0.960465343481212,Positiv & Signifikant (OK),Accepted: low flux (below detection limit),1
17,2025-10-28,small,4,1.70493972090698,-0.00047781492620773,6.78921766227207e-05,0.990314652733744,0.985555887292793,0.458463110991946,Positiv & Signifikant (OK),Accepted: low flux (below detection limit),1
18,2025-10-28,small,4,0.711341361494545,-0.000235670766879437,-3.93031603215471e-05,0.998165832442217,0.979659916180071,0.416042219674651,Positiv & Signifikant (OK),Accepted: low flux (below detection limit),1
19,2025-10-28,small,4,1.61082806406098,-0.000226104700590525,9.05352386814122e-06,0.880521759551889,0.792917434950237,0.0112918112384551,Positiv & Rauschen,Rejected: CO2 R² ≤ 0.9,0
20,2025-10-28,small,4,1.58390690393329,-0.000294825674493101,-1.0762228194184e-05,0.996508296984269,0.887931345910569,0.0959385479481213,Positiv & Signifikant (OK),Accepted: low flux (below detection limit),1
21,2025-10-28,small,4,1.13505277072924,-0.000295472417523008,-3.13972513180421e-05,0.80825836929513,0.991900039370809,0.210885026849539,Positiv & Rauschen,Rejected: CO2 R² ≤ 0.9,0
22,2025-10-28,small,4,2.05803459871811,-0.000164111798798413,-4.43642539676534e-05,0.96031842150269,0.123884298191116,0.67072254394951,Positiv & Signifikant (OK),Accepted: low flux (below detection limit),1
23,2025-10-28,small,4,2.52309832532217,-0.000338429005969222,-8.42164156091668e-05,0.956158090636182,0.934772422580864,0.571117429852217,Positiv & Signifikant (OK),Accepted: low flux (below detection limit),1
24,2025-10-28,small,4,2.45745073802121,-0.000426397922778207,1.4570462348864e-05,0.992871290076578,0.974420252393598,0.0520274132685898,Positiv & Signifikant (OK),Accepted: low flux (below detection limit),1
25,2025-10-28,small,3,2.68850400780124,-0.000692196526096814,5.60538809711309e-05,0.998112292599928,0.925869729039583,0.709619125732269,Positiv & Signifikant (OK),Accepted: low flux (below detection limit),1
26,2025-10-28,small,3,2.02507525964681,-0.00130522053152009,-4.43287030498785e-05,0.999530297085051,0.989393575475858,0.401578179226757,Positiv & Signifikant (OK),Accepted: low flux (below detection limit),1
27,2025-10-28,small,4,1.41432282434773,-0.000482997194673597,3.18394155519677e-05,0.946961000193306,0.966265828203386,0.193728656339614,Positiv & Signifikant (OK),Accepted: low flux (below detection limit),1
28,2025-10-28,small,4,2.03212592611773,-0.000658654863824894,-2.61862658717976e-05,0.95615259131878,0.973283893414699,0.14321508847867,Positiv & Signifikant (OK),Accepted: low flux (below detection limit),1
29,2025-10-28,small,4,1.08307299273049,-0.000231675615628239,5.50453807786697e-06,0.789244172083114,0.789397811015161,0.0421838043538598,Positiv & Rauschen,Rejected: CO2 R² ≤ 0.9,0
30,2025-10-28,small,4,2.39113806375877,-0.000334796821109086,1.92547738194481e-05,0.995539464097686,0.999123633609405,0.498251955611134,Positiv & Signifikant (OK),Accepted: low flux (below detection limit),1
31,2025-10-28,small,4,1.06553859843831,-0.000211082716352628,-5.70290321153417e-05,0.847230523319312,0.696444263296423,0.433150043956444,Positiv & Rauschen,Rejected: CO2 R² ≤ 0.9,0
32,2025-10-28,small,4,2.41183142396937,-0.000569908353230785,-1.91336443197987e-05,0.988502509131455,0.988323439556085,0.162649181889233,Positiv & Signifikant (OK),Accepted: low flux (below detection limit),1
1,2025-11-04,small,4,4.71311960986526,-0.000519958558095274,-3.96411133637527e-05,0.998397139488607,0.997361796804927,0.581159474825796,Positiv & Signifikant (OK),Accepted: low flux (below detection limit),1
2,2025-11-04,small,4,2.60725860782882,-0.000525413691040901,3.88661932200519e-05,0.999705745133266,0.954325331485683,0.376416131387662,Positiv & Signifikant (OK),Accepted: low flux (below detection limit),1
3,2025-11-04,small,4,4.00958523361698,-0.000534255697149407,1.99247000257632e-05,0.997360565402588,0.998759181236187,0.248864012322521,Positiv & Signifikant (OK),Accepted: low flux (below detection limit),1
4,2025-11-04,small,4,3.78431286378937,-0.000471995761225543,-3.53202934043433e-05,0.989880584057981,0.987140401898432,0.299451013533357,Positiv & Signifikant (OK),Accepted: low flux (below detection limit),1
5,2025-11-04,small,4,5.73025440459174,-0.000572137681572672,2.49464831870682e-05,0.999496296998828,0.999702446231636,0.264717973201067,Positiv & Signifikant (OK),Accepted: low flux (below detection limit),1
6,2025-11-04,small,4,4.7105584353569,-0.000519936529270512,-3.89001568214721e-05,0.99842361254949,0.997358724571818,0.514107161304726,Positiv & Signifikant (OK),Accepted: low flux (below detection limit),1
7,2025-11-04,small,4,7.87507820597329,-0.000689761281787606,0.000115499861814915,0.996413097771949,0.998112846899198,0.999242435273421,Positiv & Signifikant (OK),Accepted: low flux (below detection limit),1
8,2025-11-04,small,4,1.4120910109095,-0.000187399045795783,-4.82342955211448e-06,0.908815955570089,0.913725662693229,0.00492941242170821,Positiv & Signifikant (OK),Accepted: low flux (below detection limit),1
9,2025-11-04,small,4,4.54125605853543,-0.000604406117460093,-3.99118743233624e-06,0.998622565425954,0.970499381657381,0.00670354043603137,Positiv & Signifikant (OK),Accepted: low flux (below detection limit),1
10,2025-11-04,small,4,2.7085552766419,-0.000463122410096441,6.57229136302275e-07,0.997229120909318,0.999899327177682,6.12696522594298e-05,Positiv & Signifikant (OK),Accepted: low flux (below detection limit),1
11,2025-11-04,small,4,2.36399380883728,-0.000388000731361176,2.58468961571558e-05,0.995178347199149,0.995149273364538,0.846156629434245,Positiv & Signifikant (OK),Accepted: low flux (below detection limit),1
12,2025-11-04,small,4,2.81177726498541,-0.000398173634318944,3.51279304622465e-05,0.938663802127206,0.980756373855869,0.810928811143637,Positiv & Signifikant (OK),Accepted: low flux (below detection limit),1
13,2025-11-04,small,4,5.38087767510761,-0.000455405527337977,-8.78589653099083e-05,0.99945625735737,0.95170329124875,0.73425742814785,Positiv & Signifikant (OK),Accepted: low flux (below detection limit),1
14,2025-11-04,small,4,3.86250331262697,-0.000429351861960225,4.65352937234287e-05,0.997726110203222,0.998246843466777,0.843207406321054,Positiv & Signifikant (OK),Accepted: low flux (below detection limit),1
15,2025-11-04,small,4,4.32843689898136,-0.000604334551443859,5.30363563478585e-05,0.999328765102073,0.978309717626002,0.281610838265846,Positiv & Signifikant (OK),Accepted: low flux (below detection limit),1
16,2025-11-04,small,4,4.05136851046322,-0.000519723982112548,-2.30252185996169e-05,0.999474401542318,0.997475050259708,0.105615922858993,Positiv & Signifikant (OK),Accepted: low flux (below detection limit),1
17,2025-11-04,small,4,4.68425738557841,-0.000596311402238114,5.80632967348189e-05,0.999148196523892,0.997646127414636,0.886253546638615,Positiv & Signifikant (OK),Accepted: low flux (below detection limit),1
18,2025-11-04,small,4,2.60958276930524,-0.000499987302857773,-4.55337874211519e-05,0.987819628620086,0.988132398935651,0.533657173010741,Positiv & Signifikant (OK),Accepted: low flux (below detection limit),1
19,2025-11-04,small,4,5.31789327536717,-0.000460426726487274,3.48806073693063e-07,0.977842666986316,0.973319307209517,0.00013946945198789,Positiv & Signifikant (OK),Accepted: low flux (below detection limit),1
20,2025-11-04,small,4,3.49896694855525,-0.00040472266756036,4.41023928638935e-05,0.996243289555769,0.974549086606249,0.756024659830363,Positiv & Signifikant (OK),Accepted: low flux (below detection limit),1
21,2025-11-04,small,4,5.43607746245973,-0.000501836997656643,4.44681111209234e-05,0.999824584128503,0.999541340779335,0.310949518146436,Positiv & Signifikant (OK),Accepted: low flux (below detection limit),1
22,2025-11-04,small,4,3.15098125385006,-0.000236647784856247,-8.50009203509641e-05,0.997777413262193,0.670932906586354,0.864543881930028,Positiv & Signifikant (OK),Accepted: low flux (below detection limit),1
23,2025-11-04,small,4,6.02034717396045,-0.000638440960794458,1.74838377120892e-05,0.99906349714389,0.991123208604602,0.189643700647087,Positiv & Signifikant (OK),Accepted: low flux (below detection limit),1
24,2025-11-04,small,4,3.5709654142737,-0.00048417672674842,7.02756326989921e-05,0.999265176300829,0.999693070632529,0.972691461705819,Positiv & Signifikant (OK),Accepted: low flux (below detection limit),1
25,2025-11-04,small,4,4.2765088911185,-0.000625882586019187,0.000117674271343271,0.995714300957514,0.959195234460549,0.709171555282915,Positiv & Signifikant (OK),Accepted: low flux (below detection limit),1
26,2025-11-04,small,4,2.7783773359595,-0.000636154156362385,2.74592388586005e-05,0.997727068041222,0.961532459273237,0.209873085882918,Positiv & Signifikant (OK),Accepted: low flux (below detection limit),1
27,2025-11-04,small,3,4.68011992870347,-0.000495850778500346,7.7436598436151e-06,0.997330586332517,0.99996580585425,0.012196727217114,Positiv & Signifikant (OK),Accepted: low flux (below detection limit),1
28,2025-11-04,small,4,4.05413159101905,-0.000556273573586196,-8.66401803367746e-06,0.995623091067617,0.975066096863403,0.0384084393927706,Positiv & Signifikant (OK),Accepted: low flux (below detection limit),1
29,2025-11-04,small,4,4.2327075857592,-0.000356199985200417,8.9355555596089e-05,0.989073696649627,0.903326844795399,0.862061191768867,Positiv & Signifikant (OK),Accepted: low flux (below detection limit),1
30,2025-11-04,small,4,3.2519922832223,-0.000433497462618078,-5.681190433702e-05,0.992651787642569,0.996034871097951,0.816104689544436,Positiv & Signifikant (OK),Accepted: low flux (below detection limit),1
31,2025-11-04,small,4,4.01827953025424,-0.000447075824134113,4.80317782784013e-05,0.999686208313157,0.996562084701267,0.622504975696109,Positiv & Signifikant (OK),Accepted: low flux (below detection limit),1
32,2025-11-04,small,4,2.13812605146589,-0.000300567578512574,4.46855810563467e-05,0.93537625608069,0.954200435734817,0.573041503670354,Positiv & Signifikant (OK),Accepted: low flux (below detection limit),1
1,2025-11-11,small,4,1.51223352808104,-0.00068266691403701,-2.2981683754104e-05,0.999647820065152,0.998621991983973,0.0989770904527222,Positiv & Signifikant (OK),Accepted: low flux (below detection limit),1
2,2025-11-11,small,4,2.24862816479944,-0.000597107866564911,2.07301510710034e-05,0.986006003183737,0.998041915076302,0.0496884951669535,Positiv & Signifikant (OK),Accepted: low flux (below detection limit),1
3,2025-11-11,small,4,4.65335049796376,-0.000501799405579433,-8.09200174097843e-07,0.999642220737521,0.991488502551767,9.88733140081557e-05,Positiv & Signifikant (OK),Accepted: low flux (below detection limit),1
4,2025-11-11,small,4,1.53055533213811,-0.000656359064182751,3.96219394072156e-05,0.990612973793195,0.984916901404779,0.607436258319824,Positiv & Signifikant (OK),Accepted: low flux (below detection limit),1
5,2025-11-11,small,4,2.98992911344157,-0.000526588178733481,-1.40051630116818e-06,0.968247839464239,0.996487847560737,0.000226056754821863,Positiv & Signifikant (OK),Accepted: low flux (below detection limit),1
6,2025-11-11,small,4,2.58986220154893,-0.000425878485888135,-7.10671719181705e-05,0.995458142954671,0.997047916375639,0.506350839879191,Positiv & Signifikant (OK),Accepted: low flux (below detection limit),1
7,2025-11-11,small,4,6.0297842461459,-0.000700022539213228,6.30601655147778e-05,0.997105078213964,0.996067006660793,0.809204249094056,Positiv & Signifikant (OK),Accepted: low flux (below detection limit),1
8,2025-11-11,small,4,1.96180098726316,-0.000337315327029817,6.69142253499237e-06,0.986101781828717,0.700850524159859,0.00360627390146776,Positiv & Signifikant (OK),Accepted: low flux (below detection limit),1
9,2025-11-11,small,4,5.82841148339621,-0.000532374558276139,-5.67642739055351e-05,0.999740982223626,0.988881153216063,0.896692189493997,Positiv & Signifikant (OK),Accepted: low flux (below detection limit),1
10,2025-11-11,small,4,2.88389712337559,-0.00040732569052661,3.34109419858608e-05,0.999490888163576,0.996144570823389,0.186809295303761,Positiv & Signifikant (OK),Accepted: low flux (below detection limit),1
11,2025-11-11,small,3,2.7147018553121,-0.00052247079176033,0.000234093487227678,0.998309756381673,0.992326243924036,0.980393421310572,Positiv & Signifikant (OK),Accepted: N2O R² > 0.9,1
12,2025-11-11,small,4,3.88459611484519,-0.000503839075979538,-7.78041699257155e-05,0.993440867426102,0.985936764376993,0.846238756090638,Positiv & Signifikant (OK),Accepted: low flux (below detection limit),1
13,2025-11-11,small,4,5.25827322634237,-0.000423184834588356,2.67580720016032e-05,0.999953327094863,0.915830291074207,0.133450218677256,Positiv & Signifikant (OK),Accepted: low flux (below detection limit),1
14,2025-11-11,small,4,2.68855660175494,-0.000301905737947625,-6.6964595509102e-05,0.989627832271776,0.981359047013559,0.506209219119426,Positiv & Signifikant (OK),Accepted: low flux (below detection limit),1
15,2025-11-11,small,4,3.60835770911822,-0.00050859859322317,-1.40146993393917e-06,0.952800266648133,0.962822919325161,0.000903629266970018,Positiv & Signifikant (OK),Accepted: low flux (below detection limit),1
16,2025-11-11,small,4,3.65382246284564,-0.000397881227512512,3.10561739241442e-05,0.997300939960995,0.966858208784639,0.902271266981523,Positiv & Signifikant (OK),Accepted: low flux (below detection limit),1
17,2025-11-11,small,3,1.34546697192137,-0.000886109370672607,-5.17294081383391e-05,0.95449138026301,0.993545070792472,0.858259507579517,Positiv & Signifikant (OK),Accepted: low flux (below detection limit),1
18,2025-11-11,small,4,1.48021119896118,-0.000608897487794615,1.05867811840865e-05,0.984873878312027,0.991394499847151,0.167245324843013,Positiv & Signifikant (OK),Accepted: low flux (below detection limit),1
19,2025-11-11,small,3,3.83315894677008,-0.000489062409990386,2.08691322632536e-05,0.929510215961506,0.968796811422368,0.680735633354558,Positiv & Signifikant (OK),Accepted: low flux (below detection limit),1
20,2025-11-11,small,4,4.58353594054761,-0.000578247151075457,-0.000114777486258606,0.999914169542247,0.995527953162279,0.623280544094939,Positiv & Signifikant (OK),Accepted: low flux (below detection limit),1
21,2025-11-11,small,4,4.64786438713521,-0.000541608769756043,7.26287325893411e-05,0.982855054321004,0.991058903227432,0.900311656007107,Positiv & Signifikant (OK),Accepted: low flux (below detection limit),1
22,2025-11-11,small,4,2.88512295571098,-0.000378332847330298,-3.2647116375291e-05,0.997135929043256,0.931078923645279,0.915182915080512,Positiv & Signifikant (OK),Accepted: low flux (below detection limit),1
23,2025-11-11,small,4,4.25748201242586,-0.000453032960903285,-3.19415833681532e-05,0.996027757357864,0.965474229136122,0.187367218508341,Positiv & Signifikant (OK),Accepted: low flux (below detection limit),1
24,2025-11-11,small,4,4.76237898227395,-0.000560673288243887,-2.16605566253903e-05,0.998922632984304,0.979847617670021,0.0591151279002577,Positiv & Signifikant (OK),Accepted: low flux (below detection limit),1
25,2025-11-11,small,4,4.98557945231914,-0.000764315644474993,0.000236325428387398,0.999647506097193,0.986466134682824,0.941286816268764,Positiv & Signifikant (OK),Accepted: N2O R² > 0.9,1
26,2025-11-11,small,4,2.9509411646427,-0.000502921713825869,7.09278764693405e-06,0.994642988834914,0.991608991772921,0.0567752863927187,Positiv & Signifikant (OK),Accepted: low flux (below detection limit),1
27,2025-11-11,small,4,4.42650743331909,-0.000493550042135583,-3.70597141955502e-05,0.986691198587704,0.978719668510441,0.627021584450397,Positiv & Signifikant (OK),Accepted: low flux (below detection limit),1
28,2025-11-11,small,4,3.41250926320804,-0.000355549637105338,-2.82973125119107e-05,0.998415834350448,0.983817596546806,0.116870745329538,Positiv & Signifikant (OK),Accepted: low flux (below detection limit),1
29,2025-11-11,small,4,4.7527523287903,-0.000560767096344534,-2.22100879647892e-05,0.998997093678452,0.979959817982441,0.0594024618602621,Positiv & Signifikant (OK),Accepted: low flux (below detection limit),1
30,2025-11-11,small,4,3.73762203366814,-0.000450423139638595,3.68310776884614e-05,0.999383754647877,0.987142937407318,0.135409126178065,Positiv & Signifikant (OK),Accepted: low flux (below detection limit),1
31,2025-11-11,small,4,4.48726457469466,-0.000436954248783796,-6.60236838388202e-06,0.998378140599686,0.990034256403431,0.0234766698681826,Positiv & Signifikant (OK),Accepted: low flux (below detection limit),1
32,2025-11-11,small,4,4.4913938680392,-0.000484184291797937,-1.96727202564257e-05,0.999309119762228,0.978995729903268,0.144737814630686,Positiv & Signifikant (OK),Accepted: low flux (below detection limit),1
1,2025-11-12,small,3,0.829788808126321,-0.000409540609198188,1.88965320098979e-06,0.998301832929173,0.990177903128238,0.0123886718385086,Positiv & Signifikant (OK),Accepted: low flux (below detection limit),1
2,2025-11-12,small,3,1.53869663160307,-0.000484704554468989,1.36719337212283e-05,0.988160611580872,0.999446553348598,0.0322079762386128,Positiv & Signifikant (OK),Accepted: low flux (below detection limit),1
3,2025-11-12,small,4,1.89595711061258,-0.000412143060722364,3.30022331392895e-05,0.999524670677459,0.978127971909895,0.532837526209702,Positiv & Signifikant (OK),Accepted: low flux (below detection limit),1
4,2025-11-12,small,4,1.47700706640036,-0.000868891703758098,2.66323657582139e-05,0.972695480699574,0.971843925316803,0.313178432274054,Positiv & Signifikant (OK),Accepted: low flux (below detection limit),1
5,2025-11-12,small,4,2.48020259452159,-0.000495914882463094,3.69109796525579e-05,0.987742218868738,0.997728547529058,0.211132982056131,Positiv & Signifikant (OK),Accepted: low flux (below detection limit),1
6,2025-11-12,small,3,1.04547777327759,-0.000336542978456732,-4.47585603426219e-06,0.996289861930333,0.999453601225582,0.00230941009317916,Positiv & Signifikant (OK),Accepted: low flux (below detection limit),1
7,2025-11-12,small,4,2.90530927868768,-0.000580103839056347,4.73205331408598e-06,0.987036543750475,0.98906821772234,0.00939128416440995,Positiv & Signifikant (OK),Accepted: low flux (below detection limit),1
8,2025-11-12,small,4,1.38866017268714,-0.000674842275089859,5.79942194108294e-05,0.995011226300421,0.999217795552669,0.694363066381654,Positiv & Signifikant (OK),Accepted: low flux (below detection limit),1
9,2025-11-12,small,4,2.94331358233166,-0.000311502840835603,8.53446224788691e-05,0.978916936333237,0.987715453590552,0.519790968730132,Positiv & Signifikant (OK),Accepted: low flux (below detection limit),1
10,2025-11-12,small,4,1.64493443487749,-0.000402960174421224,4.73233852253134e-05,0.988934581908358,0.988886922964286,0.264621094856762,Positiv & Signifikant (OK),Accepted: low flux (below detection limit),1
11,2025-11-12,small,4,3.05176930838324,-0.000488337152360314,0.000215682603645749,0.984059263594419,0.996002324775608,0.666620634948085,Positiv & Signifikant (OK),Rejected: N2O R² ≤ 0.9,0
12,2025-11-12,small,4,1.53315725209734,-0.000338988207423668,8.74935748950608e-05,0.999448274861855,0.996871510965896,0.747661781169404,Positiv & Signifikant (OK),Accepted: low flux (below detection limit),1
13,2025-11-12,small,4,1.86802830060657,-0.000158014847411356,-5.51021428677795e-07,0.981956637023078,0.502632956536278,5.29651870894164e-05,Positiv & Signifikant (OK),Accepted: low flux (below detection limit),1
14,2025-11-12,small,3,1.42353185488223,-0.000368999585457764,5.86958260479552e-05,0.98619692361923,0.999988418409082,0.999239102325101,Positiv & Signifikant (OK),Accepted: low flux (below detection limit),1
15,2025-11-12,small,4,2.22392268536121,-0.000948325731549289,0.000120475973413463,0.994398187613184,0.975515474868434,0.838154904361232,Positiv & Signifikant (OK),Accepted: low flux (below detection limit),1
16,2025-11-12,small,4,0.856232655121157,-0.000196855187555252,-6.96577103603514e-06,0.972745512802001,0.724166950314441,0.00420052297913149,Positiv & Signifikant (OK),Accepted: low flux (below detection limit),1
17,2025-11-12,small,4,2.5487586793529,-0.000377441187600351,-1.41151516658717e-05,0.992802730528804,0.960128100348351,0.0531948902569244,Positiv & Signifikant (OK),Accepted: low flux (below detection limit),1
18,2025-11-12,small,4,1.19642297976297,-0.000242693202139203,5.64237908653713e-05,0.965802989575381,0.988846526049038,0.479949158501604,Positiv & Signifikant (OK),Accepted: low flux (below detection limit),1
19,2025-11-12,small,4,3.0468773871245,-0.000396647196956303,7.51881981233666e-05,0.987792418329444,0.991269811557437,0.832592772757292,Positiv & Signifikant (OK),Accepted: low flux (below detection limit),1
20,2025-11-12,small,4,1.69865308541608,-0.000544791724235243,-3.86666972763991e-06,0.992204023292263,0.991642259786051,0.00121991319417227,Positiv & Signifikant (OK),Accepted: low flux (below detection limit),1
21,2025-11-12,small,4,2.39871591542449,-0.000643735921230535,3.12325094690577e-05,0.969237878828059,0.974268297657038,0.618081381959366,Positiv & Signifikant (OK),Accepted: low flux (below detection limit),1
22,2025-11-12,small,4,1.18911913934382,-0.000549035523008969,3.77063091124768e-05,0.993508544170987,0.953051854125087,0.357576712658229,Positiv & Signifikant (OK),Accepted: low flux (below detection limit),1
23,2025-11-12,small,4,1.36136608827449,-0.000334413515775975,4.6495743173375e-06,0.974369547046526,0.985516020192598,0.0122386435665493,Positiv & Signifikant (OK),Accepted: low flux (below detection limit),1
24,2025-11-12,small,4,0.956974708643508,-0.000154211875433672,-8.99650768649712e-07,0.999155830772948,0.98023978580996,0.000394398319848449,Positiv & Signifikant (OK),Accepted: low flux (below detection limit),1
25,2025-11-12,small,4,3.58979520378283,-0.000448998552649365,0.000127404811347252,0.992165381812828,0.976825684782684,0.5686316260881,Positiv & Signifikant (OK),Accepted: low flux (below detection limit),1
26,2025-11-12,small,4,1.75770814356862,-0.000444746771103895,-1.93765345017695e-05,0.98894593646568,0.953012305820971,0.0205821748687509,Positiv & Signifikant (OK),Accepted: low flux (below detection limit),1
27,2025-11-12,small,4,3.40876090656101,-0.000605929341912466,6.49587721677573e-05,0.99863846174119,0.9889506340177,0.523138139364078,Positiv & Signifikant (OK),Accepted: low flux (below detection limit),1
28,2025-11-12,small,4,1.72509638949592,-0.000334641820088875,-3.66028878110651e-05,0.996603877607392,0.999964389593541,0.0659488092840257,Positiv & Signifikant (OK),Accepted: low flux (below detection limit),1
29,2025-11-12,small,4,3.51496177734434,-0.000463423826110639,2.04261142296269e-05,0.993926841989838,0.989232726681613,0.0224776818590607,Positiv & Signifikant (OK),Accepted: low flux (below detection limit),1
30,2025-11-12,small,3,1.06804364178307,-0.000226383278016379,0.000121477082212415,0.969898918110894,0.97399137138482,0.69105164344438,Positiv & Signifikant (OK),Accepted: low flux (below detection limit),1
31,2025-11-12,small,4,3.20208780022226,-0.000395827976570458,8.2296570919237e-05,0.999415249641419,0.997993958675769,0.977192920847164,Positiv & Signifikant (OK),Accepted: low flux (below detection limit),1
32,2025-11-12,small,4,1.93082406930282,-0.000299538418484022,1.90423756040089e-05,0.999923353794125,0.99853883017982,0.263598417917062,Positiv & Signifikant (OK),Accepted: low flux (below detection limit),1
1,2025-11-14,small,4,2.82176190614863,-0.000311796368077343,2.35507537387358e-05,0.862455893255451,0.864345200746364,0.245990599799431,Positiv & Rauschen,Rejected: CO2 R² ≤ 0.9,0
2,2025-11-14,small,4,2.01542618755437,-0.00113816514244147,-2.37917739072938e-05,0.999475480530792,0.118786977914214,0.0687929654423452,Positiv & Signifikant (OK),Accepted: low flux (below detection limit),1
3,2025-11-14,small,4,2.71627028663947,-0.000298118428767367,2.37611723913494e-05,0.999008692825589,0.964099684313481,0.0957337319336489,Positiv & Signifikant (OK),Accepted: low flux (below detection limit),1
4,2025-11-14,small,4,1.62089574376595,-0.000164064754860351,0.000103649645326391,0.996331419031984,0.937272900530117,0.93237332694347,Positiv & Signifikant (OK),Accepted: low flux (below detection limit),1
5,2025-11-14,small,4,2.97725852026631,-0.000502065429682699,2.31591798922452e-05,0.990029777525892,0.993060962277118,0.122010142764956,Positiv & Signifikant (OK),Accepted: low flux (below detection limit),1
6,2025-11-14,small,4,1.6085569041459,9.62009317068252e-05,-1.02703561970523e-05,0.998821736147035,0.925337448308216,0.373724156877276,Positiv & Signifikant (OK),Accepted: low flux (below detection limit),1
7,2025-11-14,small,4,3.54849469973141,-0.000526847299850069,5.78992075601428e-05,0.991213955863799,0.993507464421262,0.718109000674301,Positiv & Signifikant (OK),Accepted: low flux (below detection limit),1
8,2025-11-14,small,4,1.21911698201339,-7.23528384860002e-05,5.24169388907627e-05,0.987075183582037,0.591400413029252,0.39125889936737,Positiv & Signifikant (OK),Accepted: low flux (below detection limit),1
9,2025-11-14,small,4,2.23296634311541,-0.000192553768308133,5.59384073090465e-05,0.999812216042542,0.112650917731061,0.205802880849203,Positiv & Signifikant (OK),Accepted: low flux (below detection limit),1
10,2025-11-14,small,4,0.952840203615173,-0.000574116784501374,1.22294578493783e-05,0.977623964627752,0.942492132621337,0.0200028020376259,Positiv & Signifikant (OK),Accepted: low flux (below detection limit),1
11,2025-11-14,small,4,2.38047451516233,-4.25652421882334e-05,0.000104117535177108,0.998968825645887,0.423958737055066,0.497266547996933,Positiv & Signifikant (OK),Accepted: low flux (below detection limit),1
12,2025-11-14,small,3,1.12862035356366,0.00151075759015218,9.44007207253336e-05,0.919133441437414,0.564762810992781,0.248569529872273,Positiv & Signifikant (OK),Accepted: low flux (below detection limit),1
13,2025-11-14,small,4,0.34326603499014,0.000451502203442557,5.8244607673403e-05,0.442295498173402,0.254852943579122,0.671589410362043,Positiv & Rauschen,Rejected: CO2 R² ≤ 0.9,0
14,2025-11-14,small,3,1.82304263300034,-0.000393200594950256,-2.19549109257192e-05,0.996767711193029,0.999155959670023,0.28143184317162,Positiv & Signifikant (OK),Accepted: low flux (below detection limit),1
15,2025-11-14,small,4,2.28335660345922,-0.000259020396867597,-2.58203838936083e-05,0.998733049313252,0.993338288365344,0.0945337969329725,Positiv & Signifikant (OK),Accepted: low flux (below detection limit),1
16,2025-11-14,small,4,2.76503486047564,-0.000487518092404785,-1.30333870397014e-06,0.99662119515908,0.92158996599014,0.000669537834775731,Positiv & Signifikant (OK),Accepted: low flux (below detection limit),1
17,2025-11-14,small,3,1.30158738920606,-0.000393994137308873,-9.61359061185963e-05,0.991774532811444,0.996049966578014,0.421015537052787,Positiv & Signifikant (OK),Accepted: low flux (below detection limit),1
18,2025-11-14,small,4,1.31578644334084,-0.000180138676587509,-7.40000343989243e-05,0.996340022228844,0.995184587285956,0.607935461861148,Positiv & Signifikant (OK),Accepted: low flux (below detection limit),1
19,2025-11-14,small,4,2.80965413815394,-0.000304174073515617,-4.5682062976291e-05,0.999256967819154,0.995270993330177,0.37292800263482,Positiv & Signifikant (OK),Accepted: low flux (below detection limit),1
20,2025-11-14,small,4,2.29587892334917,-0.000187595441951282,2.39532808744794e-05,0.999870375699935,0.0407799459636129,0.131415148267488,Positiv & Signifikant (OK),Accepted: low flux (below detection limit),1
21,2025-11-14,small,4,2.56065354824364,-0.00052621228128521,3.39631415903528e-05,0.993563829760692,0.998379975558351,0.166456902911593,Positiv & Signifikant (OK),Accepted: low flux (below detection limit),1
22,2025-11-14,small,4,0.427260825025854,0.000599587734567284,3.58135355321431e-05,0.692583485001383,0.783192232719118,0.249943236017811,Positiv & Rauschen,Rejected: CO2 R² ≤ 0.9,0
23,2025-11-14,small,4,2.85314598336912,-0.000475702471456318,-2.3196665168673e-06,0.994551609141663,0.998469706728117,0.0381894224666559,Positiv & Signifikant (OK),Accepted: low flux (below detection limit),1
24,2025-11-14,small,4,1.61778618524409,-0.000197653958244645,5.38619596800867e-06,0.998001633057801,0.964251497061263,0.056534684952226,Positiv & Signifikant (OK),Accepted: low flux (below detection limit),1
25,2025-11-14,small,4,3.84876174950801,-0.00116921566917609,0.000173953774450732,0.984391492389013,0.815630503685895,0.882414400608338,Positiv & Signifikant (OK),Accepted: low flux (below detection limit),1
26,2025-11-14,small,4,2.06417990119309,-0.000529032872498146,-3.1960541829376e-05,0.999445199974196,0.301628497180921,0.73959176422282,Positiv & Signifikant (OK),Accepted: low flux (below detection limit),1
27,2025-11-14,small,4,2.27418366592959,-5.32774453883505e-05,3.18544137640441e-07,0.996611217778182,0.369185853330994,4.8865556653298e-05,Positiv & Signifikant (OK),Accepted: low flux (below detection limit),1
28,2025-11-14,small,4,1.07885638666018,-0.000136066465771668,-1.7583805077076e-05,0.990763416431215,0.0634242593806763,0.014705134366221,Positiv & Signifikant (OK),Accepted: low flux (below detection limit),1
29,2025-11-14,small,4,3.17802268107456,-0.000200469530396368,5.68202660687692e-05,0.970950839337324,0.139171172841107,0.741452059916376,Positiv & Signifikant (OK),Accepted: low flux (below detection limit),1
30,2025-11-14,small,4,1.00213661231254,-0.000259041516809234,-4.82093814506777e-05,0.98095686993957,0.760109429492896,0.489632403200985,Positiv & Signifikant (OK),Accepted: low flux (below detection limit),1
31,2025-11-14,small,4,2.02649108559326,-0.000108664105259578,5.18142979046004e-05,0.997812619661323,0.853878623840492,0.472394311687531,Positiv & Signifikant (OK),Accepted: low flux (below detection limit),1
32,2025-11-14,small,4,1.30699810744121,-0.000350934273683976,-8.72233701836086e-05,0.998213997174998,0.890023882144583,0.90774346688522,Positiv & Signifikant (OK),Accepted: low flux (below detection limit),1
1,2025-11-18,small,3,1.47603665690552,-0.000339377085093941,-1.10873145576889e-05,0.999599712986975,0.996665831061175,0.00692490926825196,Positiv & Signifikant (OK),Accepted: low flux (below detection limit),1
2,2025-11-18,small,4,0.681241517128327,-0.000218464551500652,-5.33553828329196e-05,0.989079158215733,0.999717246618226,0.228267359678995,Positiv & Signifikant (OK),Accepted: low flux (below detection limit),1
3,2025-11-18,small,4,1.5232847410122,-0.000295478179147251,2.66161377925256e-05,0.994906433772841,0.954427421670396,0.455604031088236,Positiv & Signifikant (OK),Accepted: low flux (below detection limit),1
4,2025-11-18,small,4,1.24013939248741,-0.000623724138833387,-1.55202889301685e-05,0.993773788584279,0.993972492721071,0.258474488865129,Positiv & Signifikant (OK),Accepted: low flux (below detection limit),1
5,2025-11-18,small,4,2.58572571067911,-0.000441858959561754,-4.00818796437611e-05,0.999754686173505,0.999488256249288,0.239304718640377,Positiv & Signifikant (OK),Accepted: low flux (below detection limit),1
6,2025-11-18,small,4,0.704763219929046,-0.000158077788060917,2.35315430662136e-05,0.989212779114073,0.986103569691212,0.432042175976486,Positiv & Signifikant (OK),Accepted: low flux (below detection limit),1
7,2025-11-18,small,3,2.06484637990198,-0.000313556261762056,6.70671422552875e-06,0.998964892734719,0.999310296558837,0.131318258084094,Positiv & Signifikant (OK),Accepted: low flux (below detection limit),1
8,2025-11-18,small,4,0.718665151754625,-0.00024701648921051,5.98420314654521e-06,0.990216350664901,0.967967997083385,0.0345362022596496,Positiv & Signifikant (OK),Accepted: low flux (below detection limit),1
9,2025-11-18,small,4,2.14344728909985,-0.000284278008883946,3.26785730267793e-06,0.995711835779012,0.888100949450665,0.000844661227666679,Positiv & Signifikant (OK),Accepted: low flux (below detection limit),1
10,2025-11-18,small,4,0.695091548869348,-0.000232116619545167,8.43742489575539e-06,0.997855595783007,0.994968695575773,0.0180626165625268,Positiv & Signifikant (OK),Accepted: low flux (below detection limit),1
11,2025-11-18,small,4,1.82319292729309,-0.000282359796839464,0.000107131440806466,0.994889037787089,0.986095994420753,0.97796246580251,Positiv & Signifikant (OK),Accepted: low flux (below detection limit),1
12,2025-11-18,small,3,0.811672848622815,-0.000404269788126538,1.31346334501616e-05,0.999993728100402,0.99998672189646,0.910219580231015,Positiv & Signifikant (OK),Accepted: low flux (below detection limit),1
13,2025-11-18,small,4,1.81874065568875,-0.000173693903345835,-1.09609747729655e-05,0.996803003416244,0.57476628267533,0.0528627704311698,Positiv & Signifikant (OK),Accepted: low flux (below detection limit),1
14,2025-11-18,small,4,1.36641731866412,-0.000453217712769816,-7.17964905071344e-05,0.999072474130713,0.956935754979261,0.853623575701646,Positiv & Signifikant (OK),Accepted: low flux (below detection limit),1
15,2025-11-18,small,4,1.65244102719536,-0.00137570501805849,5.8459417598731e-05,0.952477748875608,0.731305251935361,0.888025152268556,Positiv & Signifikant (OK),Accepted: low flux (below detection limit),1
16,2025-11-18,small,4,0.835503385787391,-8.21069839669469e-05,1.50175955159251e-05,0.986967809449589,0.655234232859649,0.0254986151212326,Positiv & Signifikant (OK),Accepted: low flux (below detection limit),1
17,2025-11-18,small,4,1.80187588797182,-0.000340821995884714,5.69541685630286e-05,0.967251421759208,0.983061115701123,0.192497156202065,Positiv & Signifikant (OK),Accepted: low flux (below detection limit),1
18,2025-11-18,small,4,0.302467189548523,-9.14497036584196e-05,-2.71256170419072e-05,0.968124789843258,0.991886446166465,0.469793115369623,Positiv & Signifikant (OK),Accepted: low flux (below detection limit),1
19,2025-11-18,small,4,1.92647090713934,-0.000318690888636195,2.22632914994526e-05,0.998772381534826,0.996043361606082,0.115928395040469,Positiv & Signifikant (OK),Accepted: low flux (below detection limit),1
20,2025-11-18,small,4,1.12583652372311,-0.000243178583068104,3.65038561350424e-05,0.958911416976953,0.788082487103151,0.253646734751026,Positiv & Signifikant (OK),Accepted: low flux (below detection limit),1
21,2025-11-18,small,4,1.63494060719766,-0.000217806963478839,3.60517489958539e-05,0.986340915735327,0.991071129467168,0.462008935872525,Positiv & Signifikant (OK),Accepted: low flux (below detection limit),1
22,2025-11-18,small,4,0.81851260845918,-7.40507533724338e-05,7.06066731660496e-05,0.957712508921024,0.203242454599585,0.316061908918583,Positiv & Signifikant (OK),Accepted: low flux (below detection limit),1
23,2025-11-18,small,4,1.80800803252262,-0.000323818949785902,4.83242472043816e-05,0.961739018165781,0.939873793164576,0.661958410477947,Positiv & Signifikant (OK),Accepted: low flux (below detection limit),1
24,2025-11-18,small,4,1.42578427886526,-0.000378909028782822,6.06413711574828e-05,0.972772224174966,0.975767552993319,0.71991928522861,Positiv & Signifikant (OK),Accepted: low flux (below detection limit),1
25,2025-11-18,small,4,3.15357473296545,-0.000665571449283014,8.40776736266596e-05,0.994618901628045,0.950204513704955,0.717605075251641,Positiv & Signifikant (OK),Accepted: low flux (below detection limit),1
26,2025-11-18,small,3,1.53289419389206,-0.000592353691540096,1.05567474992737e-05,0.999313229485432,0.774397233485322,0.00878696689119438,Positiv & Signifikant (OK),Accepted: low flux (below detection limit),1
27,2025-11-18,small,4,2.91110353365125,-0.000984470848333987,3.99551904712724e-05,0.997681147282109,0.991535972434582,0.526905085091997,Positiv & Signifikant (OK),Accepted: low flux (below detection limit),1
28,2025-11-18,small,4,1.64188836583083,-0.000450512308846934,-2.9132761897309e-05,0.989785709857195,0.979997088496585,0.559733895512913,Positiv & Signifikant (OK),Accepted: low flux (below detection limit),1
29,2025-11-18,small,4,1.82123195650107,-0.000238072599695133,0.000122965558217803,0.996662816602561,0.826553843788303,0.717561467062767,Positiv & Signifikant (OK),Accepted: low flux (below detection limit),1
30,2025-11-18,small,4,1.46576900551861,-0.000379131452930559,7.4039070012863e-06,0.981311048287956,0.968054817844982,0.00692075539841273,Positiv & Signifikant (OK),Accepted: low flux (below detection limit),1
31,2025-11-18,small,4,4.13079036803064,-0.000802920262809541,1.15590456131301e-05,0.99927306096144,0.998964805617397,0.18745614086351,Positiv & Signifikant (OK),Accepted: low flux (below detection limit),1
32,2025-11-18,small,4,1.81805757277367,-0.000540287345950277,-2.84634336016918e-05,0.992988791570866,0.996209910389356,0.273953207546866,Positiv & Signifikant (OK),Accepted: low flux (below detection limit),1
1,2025-11-21,small,4,2.32381842721563,-0.000459788063217947,-9.79347895678734e-06,0.983788610218538,0.977758216091019,0.0720760198080925,Positiv & Signifikant (OK),Accepted: low flux (below detection limit),1
2,2025-11-21,small,4,1.10774579393054,-0.000492120473760719,-5.36118866991744e-06,0.999385911789507,0.982178543574655,0.0119446514577412,Positiv & Signifikant (OK),Accepted: low flux (below detection limit),1
3,2025-11-21,small,4,2.39535830313863,-0.000331229350475044,0.000115037366461319,0.970605213597986,0.989848253991315,0.815216854338975,Positiv & Signifikant (OK),Accepted: low flux (below detection limit),1
4,2025-11-21,small,4,1.78567379704389,-0.000627106378100386,4.97595422371884e-05,0.991317500723635,0.991776742313559,0.308967358566458,Positiv & Signifikant (OK),Accepted: low flux (below detection limit),1
5,2025-11-21,small,4,1.98624791744863,-0.00041762095183257,5.31671531517038e-05,0.94953288210496,0.981437885881061,0.448789808880456,Positiv & Signifikant (OK),Accepted: low flux (below detection limit),1
6,2025-11-21,small,4,1.63996280659355,-0.000576391383253124,3.01263943404466e-06,0.994469792378772,0.99556513818806,0.0166014962098133,Positiv & Signifikant (OK),Accepted: low flux (below detection limit),1
7,2025-11-21,small,4,1.64410915946863,0.000512599391343587,-1.14713138949849e-05,0.969314489882588,0.362517025610621,0.041096132332274,Positiv & Signifikant (OK),Accepted: low flux (below detection limit),1
8,2025-11-21,small,4,0.834258696046095,-0.00084119231924957,-8.20253666062043e-06,0.975538994129607,0.75831843944981,0.0116130483925517,Positiv & Signifikant (OK),Accepted: low flux (below detection limit),1
9,2025-11-21,small,4,4.05121872017116,-0.00087711135111541,6.36781004008128e-05,0.948595859462148,0.950864181643155,0.703105619731385,Positiv & Signifikant (OK),Accepted: low flux (below detection limit),1
10,2025-11-21,small,4,1.30599269907646,-0.000509191751907156,4.2296155126987e-05,0.998105882745307,0.996016541726731,0.14509601863441,Positiv & Signifikant (OK),Accepted: low flux (below detection limit),1
11,2025-11-21,small,4,2.75771506773308,-0.000543052017023575,8.36123966725788e-05,0.918371460241697,0.947493709510486,0.753436913772628,Positiv & Signifikant (OK),Accepted: low flux (below detection limit),1
12,2025-11-21,small,4,0.77753405892047,-0.000533539008410768,8.21542143544334e-06,0.991400193946379,0.995306131287316,0.115391340428171,Positiv & Signifikant (OK),Accepted: low flux (below detection limit),1
13,2025-11-21,small,4,1.44355008010704,-0.000298768112971245,4.03923734778292e-05,0.930910650308789,0.80251436235808,0.427470054587238,Positiv & Signifikant (OK),Accepted: low flux (below detection limit),1
14,2025-11-21,small,3,0.599441198538891,-0.000224648413179841,-3.20917213655262e-05,0.956543824151961,0.9624014974606,0.172554055917199,Positiv & Signifikant (OK),Accepted: low flux (below detection limit),1
15,2025-11-21,small,4,3.54832855169399,-0.00211577978565204,6.86933400295111e-06,0.996103920810269,0.970144214208892,0.0105794493889534,Positiv & Signifikant (OK),Accepted: low flux (below detection limit),1
16,2025-11-21,small,4,0.737532203329011,0.000207895692981856,1.92868082008412e-05,0.949340610777093,0.993724578318314,0.640418467050725,Positiv & Signifikant (OK),Accepted: low flux (below detection limit),1
17,2025-11-21,small,3,1.55471391293331,-5.71540167008e-06,2.4147296562542e-05,0.999256983635428,0.0981072915062369,0.875546068409032,Positiv & Signifikant (OK),Accepted: low flux (below detection limit),1
18,2025-11-21,small,4,0.71588685493136,-0.000186056862927203,-3.77495080075213e-05,0.980659489154968,0.991175153405746,0.455729492473822,Positiv & Signifikant (OK),Accepted: low flux (below detection limit),1
19,2025-11-21,small,4,3.15687563329684,8.211008766649e-05,7.10298256354238e-05,0.932828569465096,0.570065441732701,0.584491175629195,Positiv & Signifikant (OK),Accepted: low flux (below detection limit),1
20,2025-11-21,small,4,0.666854502854323,-0.000414796981882863,-3.84086500552635e-06,0.978509725471855,0.881858246778562,0.00558508971923814,Positiv & Signifikant (OK),Accepted: low flux (below detection limit),1
21,2025-11-21,small,4,3.8441374673411,-0.000583284757285565,1.44594280937665e-05,0.998803839261045,0.997857874436077,0.0578987254732236,Positiv & Signifikant (OK),Accepted: low flux (below detection limit),1
22,2025-11-21,small,4,1.09611049700752,-0.000234581735737115,4.77611837882612e-05,0.985120351554872,0.976224652547225,0.768514375697833,Positiv & Signifikant (OK),Accepted: low flux (below detection limit),1
23,2025-11-21,small,4,1.2957914969706,-0.000173278501932528,4.8725182043447e-05,0.995774750459778,0.986237041773622,0.538633839813987,Positiv & Signifikant (OK),Accepted: low flux (below detection limit),1
24,2025-11-21,small,4,0.918327388355524,-0.00022317049844879,-4.86760886816133e-06,0.974745954831798,0.96385994172543,0.006657274745354,Positiv & Signifikant (OK),Accepted: low flux (below detection limit),1
25,2025-11-21,small,4,4.91601206592131,0.00531204506498195,0.000106694376676629,0.997624181716812,0.996587049005549,0.985981670303107,Positiv & Signifikant (OK),Accepted: low flux (below detection limit),1
26,2025-11-21,small,4,1.64207578087196,-0.000668941070035531,7.46849497201646e-05,0.996624186115405,0.922798172341956,0.886634695199033,Positiv & Signifikant (OK),Accepted: low flux (below detection limit),1
27,2025-11-21,small,4,4.12663197742503,-0.00097415355066391,6.21681859676074e-05,0.998067776119483,0.995989564403938,0.329567443718942,Positiv & Signifikant (OK),Accepted: low flux (below detection limit),1
28,2025-11-21,small,4,1.66581325406715,-0.000595435512309786,-3.06402528342034e-05,0.992389967679204,0.948727603574398,0.133931150233273,Positiv & Signifikant (OK),Accepted: low flux (below detection limit),1
29,2025-11-21,small,4,1.08697641809506,-0.000141750954318911,1.49009502670772e-05,0.999549490738629,0.461346390675756,0.218640117510221,Positiv & Signifikant (OK),Accepted: low flux (below detection limit),1
30,2025-11-21,small,3,0.991606117887973,-1.96705995122694e-05,-6.10813934773934e-05,0.922497497701226,0.0812773552347677,0.97049505994487,Positiv & Signifikant (OK),Accepted: low flux (below detection limit),1
31,2025-11-21,small,4,1.64438286546281,-0.000184478329275451,5.35891921767772e-05,0.934489138001095,0.840245471768099,0.609971352220584,Positiv & Signifikant (OK),Accepted: low flux (below detection limit),1
32,2025-11-21,small,3,1.21330521760093,-0.000224635439036155,0.00010148261420366,0.999787932517395,0.995663007784474,0.773531753230253,Positiv & Signifikant (OK),Accepted: low flux (below detection limit),1
1,2025-11-27,small,4,1.38045928085048,-0.00031816015620396,4.35970733691071e-05,0.999347226085909,0.981042164269857,0.38316654188688,Positiv & Signifikant (OK),Accepted: low flux (below detection limit),1
2,2025-11-27,small,4,0.738356317475823,-0.000315632355340994,1.63698811461059e-05,0.993594669256764,0.994349661418161,0.0493215447347019,Positiv & Signifikant (OK),Accepted: low flux (below detection limit),1
3,2025-11-27,small,3,0.651947031107205,-0.000227838020639996,0.00010905224003573,0.968941394975896,0.979253522701698,0.385362746883092,Positiv & Signifikant (OK),Accepted: low flux (below detection limit),1
4,2025-11-27,small,4,0.817641073419138,-0.000239074099476486,-5.73817916825018e-06,0.994494438133236,0.998416342528331,0.00777249428604187,Positiv & Signifikant (OK),Accepted: low flux (below detection limit),1
5,2025-11-27,small,4,0.722087883736627,-0.000233894457011041,0.000115750321357253,0.998294856403385,0.98794344773373,0.763807948066173,Positiv & Signifikant (OK),Accepted: low flux (below detection limit),1
6,2025-11-27,small,4,0.664522874662519,-0.000280387789365696,-5.56799835850746e-05,0.988770770981652,0.996742443257419,0.981100328339733,Positiv & Signifikant (OK),Accepted: low flux (below detection limit),1
7,2025-11-27,small,4,1.57590685671489,-0.000295922583873637,-1.40056508762632e-06,0.993146424593894,0.991480482796759,0.000774022199442984,Positiv & Signifikant (OK),Accepted: low flux (below detection limit),1
8,2025-11-27,small,4,0.645375828771941,-0.000288046664276769,-0.000102089381621454,0.998774933308649,0.949888773115177,0.866208752974133,Positiv & Signifikant (OK),Accepted: low flux (below detection limit),1
9,2025-11-27,small,4,1.5970343545984,-0.000330578030744311,6.30150376109946e-05,0.995622929148996,0.984505718447153,0.485975036001213,Positiv & Signifikant (OK),Accepted: low flux (below detection limit),1
10,2025-11-27,small,4,0.691377354865309,-0.000197698028283054,2.61416877065775e-05,0.98975446820747,0.995752915775976,0.285065114260822,Positiv & Signifikant (OK),Accepted: low flux (below detection limit),1
11,2025-11-27,small,4,1.03751356924222,-0.000292233263394413,6.47877286915182e-07,0.998314361664818,0.991988492649368,6.67897769594623e-05,Positiv & Signifikant (OK),Accepted: low flux (below detection limit),1
12,2025-11-27,small,4,0.517356510247734,-0.000244864427180144,-2.07999523120605e-05,0.990437895263811,0.995763116806459,0.0576807929300303,Positiv & Signifikant (OK),Accepted: low flux (below detection limit),1
13,2025-11-27,small,4,0.917947090715039,-0.000290003880253839,7.42641691834354e-05,0.994928253128004,0.988501128678215,0.394211594961963,Positiv & Signifikant (OK),Accepted: low flux (below detection limit),1
14,2025-11-27,small,4,0.76843418814421,-0.000266901842619877,-1.84123163714224e-05,0.992594217654901,0.947748702687015,0.742883759905482,Positiv & Signifikant (OK),Accepted: low flux (below detection limit),1
15,2025-11-27,small,4,1.03995640978279,-0.000486622570235287,6.04701410817551e-05,0.984105193198277,0.986185536860688,0.585024555928216,Positiv & Signifikant (OK),Accepted: low flux (below detection limit),1
16,2025-11-27,small,4,0.894506427092445,-0.000107589946100648,-1.3916800908593e-05,0.994007705017603,0.686395380468577,0.470594200429907,Positiv & Signifikant (OK),Accepted: low flux (below detection limit),1
17,2025-11-27,small,4,1.27466775244924,-0.000210093172485565,3.97208764296074e-05,0.998577774173256,0.98164714696998,0.646195494658386,Positiv & Signifikant (OK),Accepted: low flux (below detection limit),1
18,2025-11-27,small,4,0.910623641015962,-0.000416242129186474,-1.93680484094868e-05,0.998166805457557,0.994307993077676,0.0411060304679266,Positiv & Signifikant (OK),Accepted: low flux (below detection limit),1
19,2025-11-27,small,4,1.02392442067491,-0.000139757892141241,2.65084602703049e-05,0.996182358789858,0.967647106514004,0.267230494936431,Positiv & Signifikant (OK),Accepted: low flux (below detection limit),1
20,2025-11-27,small,4,1.25561139113119,-0.000213146917329171,3.92944585206488e-05,0.995624638228022,0.99767093776136,0.576186585664505,Positiv & Signifikant (OK),Accepted: low flux (below detection limit),1
21,2025-11-27,small,4,0.904844734920079,-0.000292636992960839,3.05779449614982e-05,0.987721965164205,0.993674165202928,0.259357331854624,Positiv & Signifikant (OK),Accepted: low flux (below detection limit),1
22,2025-11-27,small,4,1.39969029994965,-0.000276440730443043,-2.77643963844368e-05,0.998172213976337,0.975342806641892,0.701103673058755,Positiv & Signifikant (OK),Accepted: low flux (below detection limit),1
23,2025-11-27,small,4,1.19090335127612,-0.000553370978402527,-2.97096570282038e-05,0.984174389558034,0.977907610889511,0.0947580987118226,Positiv & Signifikant (OK),Accepted: low flux (below detection limit),1
24,2025-11-27,small,4,0.61587986377791,-7.48582311239724e-05,7.07287901695579e-05,0.996177402038542,0.829305610163236,0.591741249769327,Positiv & Signifikant (OK),Accepted: low flux (below detection limit),1
25,2025-11-27,small,4,1.15117306000963,-0.000270340919231949,-5.61445487277806e-06,0.99856149235555,0.997204619746906,0.0323106263325359,Positiv & Signifikant (OK),Accepted: low flux (below detection limit),1
26,2025-11-27,small,4,1.12122327260133,-0.000362446364560534,8.03575811784889e-05,0.998893971861162,0.987255804037658,0.598051309546775,Positiv & Signifikant (OK),Accepted: low flux (below detection limit),1
27,2025-11-27,small,4,0.82732932772154,-0.000283147995467273,1.18598943297805e-05,0.995996997027533,0.998133491058372,0.0473527132793147,Positiv & Signifikant (OK),Accepted: low flux (below detection limit),1
28,2025-11-27,small,4,0.897723673765224,-0.000227778422843717,-2.45850440916514e-06,0.998700695858206,0.994050407311368,0.000785142957362944,Positiv & Signifikant (OK),Accepted: low flux (below detection limit),1
29,2025-11-27,small,4,0.564917957902788,-0.000204774452523023,2.25098256534941e-05,0.998550583961641,0.984035668767272,0.432134795955405,Positiv & Signifikant (OK),Accepted: low flux (below detection limit),1
30,2025-11-27,small,4,1.35483811929422,-0.000247525208327327,4.21741281629436e-05,0.994003624760463,0.976203086364908,0.344003414048583,Positiv & Signifikant (OK),Accepted: low flux (below detection limit),1
31,2025-11-27,small,4,0.890723631652682,-0.000323839789802045,-4.96647868952859e-05,0.995329008255769,0.927797619566678,0.958719735041074,Positiv & Signifikant (OK),Accepted: low flux (below detection limit),1
32,2025-11-27,small,4,0.802007648763052,-0.000272867334491887,-1.45361270700498e-05,0.997269206086821,0.985506265197726,0.0779417604684222,Positiv & Signifikant (OK),Accepted: low flux (below detection limit),1
1,2025-12-08,small,4,2.19844147856498,-0.000301802785051813,6.97960304430145e-05,0.988096699809243,0.934804631046964,0.598851684423933,Positiv & Signifikant (OK),Accepted: low flux (below detection limit),1
2,2025-12-08,small,4,0.379293167253619,-0.000112872215362671,-1.31788316607231e-05,0.991852128102351,0.695271306120312,0.040799595136729,Positiv & Signifikant (OK),Accepted: low flux (below detection limit),1
3,2025-12-08,small,3,1.33043068664818,9.27801765298352e-05,-3.05483854942658e-05,0.904989458321641,0.131456763675831,0.298575890784935,Positiv & Signifikant (OK),Accepted: low flux (below detection limit),1
4,2025-12-08,small,4,1.57766423986549,-0.000350214801213066,6.45169293192758e-05,0.999694443127062,0.991141781831586,0.768975126584078,Positiv & Signifikant (OK),Accepted: low flux (below detection limit),1
5,2025-12-08,small,3,1.44822816567583,-0.000316039258852323,9.11357348533563e-05,0.963699553817762,0.99951831977008,0.99923740936195,Positiv & Signifikant (OK),Accepted: low flux (below detection limit),1
6,2025-12-08,small,4,1.17995113758802,-0.000141425662458764,-9.71438498848366e-06,0.985288284834403,0.95395264898945,0.0598089396207123,Positiv & Signifikant (OK),Accepted: low flux (below detection limit),1
7,2025-12-08,small,3,2.7834797680592,0.000462837512094224,6.94418176733072e-06,0.993145131385589,0.285415864040451,0.0258839395188603,Positiv & Signifikant (OK),Accepted: low flux (below detection limit),1
8,2025-12-08,small,3,1.22248205074965,-0.000828387304028492,8.12757421469379e-05,0.99807846121754,0.677577376817568,0.964486171887196,Positiv & Signifikant (OK),Accepted: low flux (below detection limit),1
9,2025-12-08,small,3,1.85345547253694,-1.04534301356687e-05,-3.60999449263098e-05,0.998014184511011,0.0298169027674524,0.433936993105267,Positiv & Signifikant (OK),Accepted: low flux (below detection limit),1
10,2025-12-08,small,4,0.751041664709551,-0.000309058581863438,-5.70472334645086e-06,0.977724328047114,0.993745612456822,0.00358009380250017,Positiv & Signifikant (OK),Accepted: low flux (below detection limit),1
11,2025-12-08,small,4,1.39442691706707,-0.000737266875367379,0.00012197000824154,0.988373141950561,0.997618499018568,0.679953546733903,Positiv & Signifikant (OK),Accepted: low flux (below detection limit),1
12,2025-12-08,small,4,1.06633141841446,-0.00029249995378922,-7.22731424218437e-05,0.989743911174092,0.969417893957513,0.510432950415929,Positiv & Signifikant (OK),Accepted: low flux (below detection limit),1
13,2025-12-08,small,4,1.71308539298477,-0.000259670996398377,-7.86802340443513e-06,0.993509619665582,0.829117069738312,0.0310183178274669,Positiv & Signifikant (OK),Accepted: low flux (below detection limit),1
14,2025-12-08,small,3,1.21202178968166,-0.000110176675772389,-3.05291485539642e-05,0.971145569465014,0.478058975543928,0.916761519120822,Positiv & Signifikant (OK),Accepted: low flux (below detection limit),1
15,2025-12-08,small,4,2.34201333788287,-0.00028395032025394,4.0848853114802e-05,0.997697502240643,0.952072029327817,0.398847032526323,Positiv & Signifikant (OK),Accepted: low flux (below detection limit),1
16,2025-12-08,small,3,1.3205988108468,-0.00023136351142633,-2.87052304492754e-05,0.995686370270492,0.999952230384154,0.0639196682809815,Positiv & Signifikant (OK),Accepted: low flux (below detection limit),1
17,2025-12-08,small,4,1.69786660287551,-0.000405429392380335,4.79282560072365e-05,0.952025406384595,0.989006971901834,0.293969546949384,Positiv & Signifikant (OK),Accepted: low flux (below detection limit),1
18,2025-12-08,small,4,0.91775469965399,-0.00043029702490078,-2.47456910495306e-06,0.998962932209067,0.935517451059937,0.00126715084215015,Positiv & Signifikant (OK),Accepted: low flux (below detection limit),1
19,2025-12-08,small,4,2.19988024824351,-0.000231073091226999,-1.56268284584704e-05,0.992262656714775,0.829734303377313,0.0994340927323934,Positiv & Signifikant (OK),Accepted: low flux (below detection limit),1
20,2025-12-08,small,4,1.5440354138481,-0.00019071086860005,4.47992839237508e-05,0.999472634033766,0.979709328107511,0.583724240956113,Positiv & Signifikant (OK),Accepted: low flux (below detection limit),1
21,2025-12-08,small,4,1.17982597131456,-0.000160552469029826,4.62265509056844e-05,0.996730627603872,0.970774319560025,0.283808440038819,Positiv & Signifikant (OK),Accepted: low flux (below detection limit),1
22,2025-12-08,small,4,1.93060132834747,-0.000888745794799174,4.23829674597397e-05,0.996288865675265,0.696319399105037,0.191099144162667,Positiv & Signifikant (OK),Accepted: low flux (below detection limit),1
23,2025-12-08,small,4,1.28112443278603,0.000160160149335598,-6.30231106194556e-05,0.98086696925783,0.337367793812649,0.243115069511028,Positiv & Signifikant (OK),Accepted: low flux (below detection limit),1
24,2025-12-08,small,4,0.872255541966619,-0.00023171028793113,1.59903479328026e-05,0.950069020112261,0.985777343763611,0.0519033478959934,Positiv & Signifikant (OK),Accepted: low flux (below detection limit),1
25,2025-12-08,small,4,2.19785139049838,-0.000567014489758292,4.01211403544533e-05,0.995801456756464,0.814340328776043,0.684506249879738,Positiv & Signifikant (OK),Accepted: low flux (below detection limit),1
26,2025-12-08,small,4,1.20231588125942,-0.00040634326908757,-7.85641067412256e-05,0.99993856827827,0.633290645724268,0.962686538659639,Positiv & Signifikant (OK),Accepted: low flux (below detection limit),1
27,2025-12-08,small,4,2.13472885684714,-0.000370377834782855,-7.01431815090578e-05,0.998143636431794,0.999657135522727,0.905110722368101,Positiv & Signifikant (OK),Accepted: low flux (below detection limit),1
28,2025-12-08,small,4,1.46898308677604,-0.000794716219302564,7.74532639381249e-05,0.999213523229757,0.730948726522863,0.914056713127008,Positiv & Signifikant (OK),Accepted: low flux (below detection limit),1
29,2025-12-08,small,3,0.413695720660212,-0.000175749989631033,2.08051191198661e-05,0.99718153361885,0.98455105810129,0.266692835712002,Positiv & Signifikant (OK),Accepted: low flux (below detection limit),1
30,2025-12-08,small,4,1.49178489649146,-0.000386244630929234,5.92998436679278e-05,0.994612177249531,0.767177522929064,0.829229786641622,Positiv & Signifikant (OK),Accepted: low flux (below detection limit),1
31,2025-12-08,small,4,1.08725324825868,-2.64116906122746e-05,-4.16965042086688e-05,0.988018932179708,0.0256983403322573,0.144364935420577,Positiv & Signifikant (OK),Accepted: low flux (below detection limit),1
32,2025-12-08,small,4,1.06585005604824,-0.000695722386782121,-2.96619003998979e-05,0.994443639682881,0.63107194272507,0.218519306729318,Positiv & Signifikant (OK),Accepted: low flux (below detection limit),1
1,2026-01-27,small,4,-0.105202183117901,-0.000505831835345402,-1.64169103298357e-06,0.545547372509521,0.927813427931775,0.0012401147974869,Negativ & Rauschen,Rejected: CO2 R² ≤ 0.9,0
2,2026-01-27,small,4,0.111615392625508,-0.000121878935236346,-8.99206442470399e-06,0.765619249716177,0.664201837968672,0.459970441824151,Positiv & Rauschen,Rejected: CO2 R² ≤ 0.9,0
3,2026-01-27,small,4,0.618200795947652,-0.000570467290209574,3.03293203958089e-05,0.97663537362875,0.95911206222602,0.386469030522669,Positiv & Signifikant (OK),Accepted: low flux (below detection limit),1
4,2026-01-27,small,4,0.377319230534033,-0.000337223750381494,-4.81291205882262e-05,0.908582821511752,0.876507208900522,0.236922297709366,Positiv & Signifikant (OK),Accepted: low flux (below detection limit),1
5,2026-01-27,small,4,-0.19616000007652,-1.65734174804036e-05,5.20784709965208e-05,0.898903849051794,0.562252351633703,0.692495164986557,Negativ & Rauschen,Rejected: CO2 R² ≤ 0.9,0
6,2026-01-27,small,4,0.376546403067547,-8.46224097272761e-05,8.74831508791946e-05,0.978355689384527,0.665940387274554,0.941333478237633,Positiv & Signifikant (OK),Accepted: low flux (below detection limit),1
7,2026-01-27,small,4,0.476436538819826,-1.26386724500519e-05,-3.45982333153184e-05,0.972979181273193,0.172397043911735,0.148347131014453,Positiv & Signifikant (OK),Accepted: low flux (below detection limit),1
8,2026-01-27,small,4,0.383910198856972,-0.000129280521528317,1.56374925754469e-07,0.984224232162559,0.888811371172502,4.42279983649133e-05,Positiv & Signifikant (OK),Accepted: low flux (below detection limit),1
9,2026-01-27,small,4,0.450538592369958,-0.000461043438509995,7.70187242051974e-05,0.983641868369948,0.932956803978295,0.923589998563925,Positiv & Signifikant (OK),Accepted: low flux (below detection limit),1
10,2026-01-27,small,4,0.226277864657068,-0.000159502694842333,2.77781171387708e-05,0.873054441452238,0.989228634957439,0.340367375116073,Positiv & Rauschen,Rejected: CO2 R² ≤ 0.9,0
11,2026-01-27,small,4,0.144800929130663,-0.000417666295071704,4.85717402689528e-05,0.877772480471115,0.965803954088477,0.459395931165543,Positiv & Rauschen,Rejected: CO2 R² ≤ 0.9,0
12,2026-01-27,small,4,0.248003270128175,-0.000189190928120323,1.6481201417e-05,0.999596024477891,0.94883741408612,0.315161144671492,Positiv & Signifikant (OK),Accepted: low flux (below detection limit),1
13,2026-01-27,small,4,0.279458906975704,-0.000207428878324153,-1.39957692079236e-05,0.956196720620957,0.983530965537306,0.205881966000341,Positiv & Signifikant (OK),Accepted: low flux (below detection limit),1
14,2026-01-27,small,4,0.099132120567877,3.53695646238406e-05,-2.22020547808753e-05,0.954864947122386,0.680106773535674,0.133468349080997,Positiv & Signifikant (OK),Accepted: low flux (below detection limit),1
15,2026-01-27,small,3,0.934020550217999,-0.000123954659102174,-2.65109067512638e-05,0.999978380006305,0.952488800278101,0.0587872116402223,Positiv & Signifikant (OK),Accepted: low flux (below detection limit),1
16,2026-01-27,small,3,-0.0325164647600977,-5.82278381251817e-05,-1.46477766740815e-05,0.0543471809648251,0.594619612122241,0.049463783507575,Negativ & Rauschen,Rejected: CO2 R² ≤ 0.9,0
17,2026-01-27,small,4,0.953538812494121,-0.000293390020701377,0.000111259481710649,0.954708293442398,0.981217902396558,0.948836327586301,Positiv & Signifikant (OK),Accepted: low flux (below detection limit),1
18,2026-01-27,small,4,0.0955227316953182,-0.000102854983801461,-5.82752296414704e-05,0.834448731312192,0.997093903131319,0.851199409421433,Positiv & Rauschen,Rejected: CO2 R² ≤ 0.9,0
19,2026-01-27,small,4,1.2243542730921,-0.000290110145538678,5.67591794065766e-05,0.996595558604612,0.977250161953699,0.752245981004604,Positiv & Signifikant (OK),Accepted: low flux (below detection limit),1
20,2026-01-27,small,4,0.0979914795375878,-0.000187151423885068,8.60372162368431e-05,0.947657730300805,0.841623029647267,0.919576353951186,Positiv & Signifikant (OK),Accepted: low flux (below detection limit),1
21,2026-01-27,small,4,0.474402073738915,-0.00012227718480376,2.74020423395589e-06,0.968417341743145,0.769695196185688,0.00714821610071986,Positiv & Signifikant (OK),Accepted: low flux (below detection limit),1
22,2026-01-27,small,4,0.608456219510524,-0.000119766903815132,1.37074058880916e-05,0.99670076334854,0.184125845308751,0.156250339383254,Positiv & Signifikant (OK),Accepted: low flux (below detection limit),1
23,2026-01-27,small,4,0.255439235904737,-7.93311854914533e-05,3.50641229959026e-05,0.980196784588231,0.877480217890432,0.160353374472345,Positiv & Signifikant (OK),Accepted: low flux (below detection limit),1
24,2026-01-27,small,4,0.379516358327594,-3.28895595852275e-05,6.50492845086135e-05,0.974759761535656,0.283136235774401,0.518498168228059,Positiv & Signifikant (OK),Accepted: low flux (below detection limit),1
25,2026-01-27,small,4,0.619478584948681,-0.000570335950070536,2.93288550528621e-05,0.9737680422461,0.958977142961015,0.353218260895193,Positiv & Signifikant (OK),Accepted: low flux (below detection limit),1
26,2026-01-27,small,4,0.22021387441434,-8.06256843540256e-05,-1.04344670919249e-06,0.9777722448938,0.282879415044414,0.00209105692090684,Positiv & Signifikant (OK),Accepted: low flux (below detection limit),1
27,2026-01-27,small,4,0.344791929545201,-0.000500990310760112,2.89781046009907e-05,0.958207188092584,0.922589700381493,0.108468351184287,Positiv & Signifikant (OK),Accepted: low flux (below detection limit),1
28,2026-01-27,small,4,0.417699254871177,-0.00036848845754797,4.79366731453832e-05,0.977691908920004,0.990179498304347,0.809677070596102,Positiv & Signifikant (OK),Accepted: low flux (below detection limit),1
29,2026-01-27,small,3,0.643552999645765,-0.000199202986799427,2.87567853225294e-05,0.999968628878886,0.999836725743561,0.256008251634877,Positiv & Signifikant (OK),Accepted: low flux (below detection limit),1
30,2026-01-27,small,4,0.464089429917015,-0.000236186926709549,1.83434688877011e-05,0.990702054713974,0.865835058281721,0.0533660674015298,Positiv & Signifikant (OK),Accepted: low flux (below detection limit),1
31,2026-01-27,small,4,0.609758662779622,-0.000119756935345618,1.56569069966801e-05,0.99675525025047,0.184107595483366,0.186408557729654,Positiv & Signifikant (OK),Accepted: low flux (below detection limit),1
32,2026-01-27,small,4,0.550297617523567,-8.5437975967539e-05,6.83229472246689e-05,0.98989479364448,0.90678153353317,0.743029463008597,Positiv & Signifikant (OK),Accepted: low flux (below detection limit),1
1,2026-02-03,small,2,1.29799290660893,-0.000646085715821443,-0.000114578927078498,1,1,1,less than 3 bags,Rejected: less than 3 bags,0
2,2026-02-03,small,4,0.601855782122234,0.00028052256552222,-3.30611378963017e-05,0.94412940987869,0.838007474395691,0.223713687929694,Positiv & Signifikant (OK),Accepted: low flux (below detection limit),1
3,2026-02-03,small,3,0.813886654946102,-0.000740768397524954,-5.56913462952894e-05,0.966981797957538,0.805290114399227,0.47715438304744,Positiv & Signifikant (OK),Accepted: low flux (below detection limit),1
4,2026-02-03,small,4,0.743564134375554,-0.00108056259336817,7.326082905843e-05,0.954504769146025,0.975481749053419,0.711689472566959,Positiv & Signifikant (OK),Accepted: low flux (below detection limit),1
5,2026-02-03,small,4,4.01349627465226,-0.000913053070955727,0.000210690789224777,0.993018953251883,0.998557371930903,0.796150143221459,Positiv & Signifikant (OK),Rejected: N2O R² ≤ 0.9,0
6,2026-02-03,small,4,1.36581581484716,-0.00149714532108215,-0.000108930035853407,0.921858208743866,0.192273166917242,0.957578947023926,Positiv & Signifikant (OK),Accepted: low flux (below detection limit),1
7,2026-02-03,small,4,0.540433107990136,-0.000295315318307926,1.8267531377933e-05,0.897194431653329,0.26026659364179,0.0839745016849612,Positiv & Rauschen,Rejected: CO2 R² ≤ 0.9,0
8,2026-02-03,small,3,-0.00328801463103485,-0.000266954276559568,-1.28161420973256e-05,0.0203812252669887,0.993553947837789,0.0993191981032821,Negativ & Rauschen,Rejected: CO2 R² ≤ 0.9,0
9,2026-02-03,small,4,1.51868977120703,0.000279257736932603,2.25913009268669e-05,0.935480979857847,0.00513213865699204,0.309156859954575,Positiv & Signifikant (OK),Accepted: low flux (below detection limit),1
10,2026-02-03,small,4,0.247891706079788,-6.58242576970115e-05,2.29419789556874e-05,0.757765595798584,0.25885432594419,0.346384817116457,Positiv & Rauschen,Rejected: CO2 R² ≤ 0.9,0
11,2026-02-03,small,4,0.981972614994111,-0.00146982969581653,4.97216939111842e-05,0.992426299427666,0.984789380692476,0.381906015976552,Positiv & Signifikant (OK),Accepted: low flux (below detection limit),1
12,2026-02-03,small,4,0.13825790338067,-0.000376028432877485,-2.22185703820376e-05,0.579866849415791,0.644325089248115,0.295188066942093,Positiv & Rauschen,Rejected: CO2 R² ≤ 0.9,0
13,2026-02-03,small,4,0.484330365331059,-0.000382128724241617,4.02625166332056e-05,0.291504380590627,0.803190602349677,0.210914002470798,Positiv & Rauschen,Rejected: CO2 R² ≤ 0.9,0
14,2026-02-03,small,4,-0.396435483210091,-0.000536162940087501,-0.00020449446650138,0.530666856069081,0.926269752190252,0.63889691450571,Negativ & Rauschen,Rejected: CO2 R² ≤ 0.9,0
15,2026-02-03,small,4,2.16851057608162,-0.000382544939645187,8.84560973220642e-05,0.725227685805533,0.59507243994677,0.372671780802607,Positiv & Rauschen,Rejected: CO2 R² ≤ 0.9,0
16,2026-02-03,small,4,0.321613266298549,-6.3093889940367e-05,4.49740896162676e-05,0.803154690222609,0.182218046334356,0.388805914941985,Positiv & Rauschen,Rejected: CO2 R² ≤ 0.9,0
17,2026-02-03,small,3,1.24585589355836,-0.000779652237022828,-8.41785819292117e-06,0.967408887790979,0.999026025249391,0.086140581222877,Positiv & Signifikant (OK),Accepted: low flux (below detection limit),1
18,2026-02-03,small,4,0.85700971811371,-0.000259022726380565,1.6718833423523e-06,0.981055968169826,0.994650535920721,0.000823609468042847,Positiv & Signifikant (OK),Accepted: low flux (below detection limit),1
19,2026-02-03,small,4,3.179451070158,-0.00156716283025985,0.000206318449973641,0.968332516236487,0.990153090276541,0.944312395999448,Positiv & Signifikant (OK),Accepted: low flux (below detection limit),1
20,2026-02-03,small,4,1.24960265413041,-0.000348537674859764,0.000122692006815953,0.985814397683379,0.973258314417241,0.809505670544024,Positiv & Signifikant (OK),Accepted: low flux (below detection limit),1
21,2026-02-03,small,4,3.5816406206348,-0.000787579400870927,0.000309477265580799,0.924352775334389,0.923513939949121,0.840764711858205,Positiv & Signifikant (OK),Rejected: N2O R² ≤ 0.9,0
22,2026-02-03,small,3,0.483985463532844,-0.000354823318669227,-1.47154038125255e-05,0.917047369235559,0.991669200810044,0.529124888976661,Positiv & Signifikant (OK),Accepted: low flux (below detection limit),1
23,2026-02-03,small,4,2.50965739460958,-0.000135469273734005,9.64974583999041e-05,0.97906231597332,0.364309017328914,0.596635896631976,Positiv & Signifikant (OK),Accepted: low flux (below detection limit),1
24,2026-02-03,small,4,0.848371537234194,-0.000260121902862932,-7.93091886081816e-06,0.929350169860679,0.864324435950408,0.205817165205259,Positiv & Signifikant (OK),Accepted: low flux (below detection limit),1
25,2026-02-03,small,4,1.29348835773675,-0.00027152828092902,5.26399879062773e-05,0.973746277163037,0.588329408934759,0.611877549140946,Positiv & Signifikant (OK),Accepted: low flux (below detection limit),1
26,2026-02-03,small,4,1.09081657220281,-0.000468965362874002,1.19076764143599e-05,0.989250423155675,0.985829728422552,0.503902118626744,Positiv & Signifikant (OK),Accepted: low flux (below detection limit),1
27,2026-02-03,small,4,1.81363880339789,-0.00185168955863305,6.93290481870158e-05,0.967808241122969,0.987570838734361,0.646086005064522,Positiv & Signifikant (OK),Accepted: low flux (below detection limit),1
28,2026-02-03,small,4,0.0805811345534403,0.000118656676446772,-1.28200295913337e-05,0.435576905183636,0.580131336153026,0.102631111544288,Positiv & Rauschen,Rejected: CO2 R² ≤ 0.9,0
29,2026-02-03,small,3,1.0272788645687,-0.000400314968354002,0.000105174788951636,0.991344077783688,0.91437523317969,0.999397312052022,Positiv & Signifikant (OK),Accepted: low flux (below detection limit),1
30,2026-02-03,small,3,0.423775951159953,-0.000244357700572502,6.92842123806411e-05,0.984157026369206,0.979406906852502,0.911247962119197,Positiv & Signifikant (OK),Accepted: low flux (below detection limit),1
31,2026-02-03,small,4,4.20705437936526,-0.000754879202902149,7.18333041718721e-05,0.951788779694635,0.817408128457171,0.485328706088886,Positiv & Signifikant (OK),Accepted: low flux (below detection limit),1
32,2026-02-03,small,4,0.491823946064518,-7.77709676398033e-05,-7.2652910350613e-05,0.903139511487516,0.76442414576505,0.971375143196109,Positiv & Signifikant (OK),Accepted: low flux (below detection limit),1
1,2026-02-10,small,4,1.26653951516562,-0.000389726309989371,-1.47745724217195e-05,0.954884257106977,0.931595662899719,0.590049035224247,Positiv & Signifikant (OK),Accepted: low flux (below detection limit),1
2,2026-02-10,small,4,-0.0955328053192584,-0.00267472617889998,-5.3437623710377e-05,0.00287775534525159,0.766616283376387,0.642581517138961,Negativ & Rauschen,Rejected: CO2 R² ≤ 0.9,0
3,2026-02-10,small,4,1.23793601064401,0.00135659972523407,1.34563456754647e-05,0.89188409194581,0.936701725885224,0.0522896354222958,Positiv & Rauschen,Rejected: CO2 R² ≤ 0.9,0
4,2026-02-10,small,3,0.969787356627946,-0.000497540199321664,-2.2220860685066e-05,0.98914416321758,0.992748063659818,0.124247941132017,Positiv & Signifikant (OK),Accepted: low flux (below detection limit),1
5,2026-02-10,small,4,0.681535341163019,-0.000170253156250753,-3.00368358011753e-05,0.913072670599361,0.927658593413798,0.495472573722039,Positiv & Signifikant (OK),Accepted: low flux (below detection limit),1
6,2026-02-10,small,3,0.286457918794543,-2.1265366207977e-05,-5.33650265550642e-05,0.98777847522637,0.282210296308096,0.163376861540088,Positiv & Signifikant (OK),Accepted: low flux (below detection limit),1
7,2026-02-10,small,3,0.929944936341819,-5.86543617699502e-05,-3.21370113657351e-05,0.994800055506319,0.366314996539283,0.261838801718855,Positiv & Signifikant (OK),Accepted: low flux (below detection limit),1
8,2026-02-10,small,4,0.593963637596174,-0.000113471350204459,3.26967563630576e-06,0.890386911354692,0.226684512935104,0.0167609504280027,Positiv & Rauschen,Rejected: CO2 R² ≤ 0.9,0
9,2026-02-10,small,4,0.344588471244291,-5.97916562063712e-05,1.91175803027288e-05,0.937508268714494,0.3217475042169,0.0763306857265767,Positiv & Signifikant (OK),Accepted: low flux (below detection limit),1
10,2026-02-10,small,3,0.0114413014896363,-0.00117099591142618,1.3710025018168e-06,0.139519275000369,0.980198935918352,0.0921050851338128,Positiv & Rauschen,Rejected: CO2 R² ≤ 0.9,0
11,2026-02-10,small,4,1.64766665515201,0.000696750342010362,4.92887685802998e-05,0.961137092601196,0.872804334860519,0.404960073233727,Positiv & Signifikant (OK),Accepted: low flux (below detection limit),1
12,2026-02-10,small,3,0.857925586968755,-0.00012740184686049,2.80288732992465e-05,0.999645083566965,0.999342555055947,0.559421626005681,Positiv & Signifikant (OK),Accepted: low flux (below detection limit),1
13,2026-02-10,small,3,2.04083354038624,-0.00027660654293192,2.29099813606933e-05,0.993527535792004,0.937174957227935,0.954829817280922,Positiv & Signifikant (OK),Accepted: low flux (below detection limit),1
14,2026-02-10,small,3,0.610427699791273,-5.21889001980768e-05,-4.81456601269955e-06,0.956347732362109,0.758055906949143,0.00649433110996335,Positiv & Signifikant (OK),Accepted: low flux (below detection limit),1
15,2026-02-10,small,4,1.8337443683682,-0.000342756152128788,1.79434673215249e-05,0.991528699894307,0.99230030180875,0.140821067435926,Positiv & Signifikant (OK),Accepted: low flux (below detection limit),1
16,2026-02-10,small,4,0.943472434240426,-0.000222781385993519,3.23013980518045e-05,0.99105393739795,0.930473410808844,0.871680247635386,Positiv & Signifikant (OK),Accepted: low flux (below detection limit),1
17,2026-02-10,small,4,0.885275210245291,-3.07245996364283e-05,4.73562995616379e-05,0.984996016341114,0.0439470761043674,0.280593175560838,Positiv & Signifikant (OK),Accepted: low flux (below detection limit),1
18,2026-02-10,small,4,0.149751802982337,-0.000204861540213205,-9.98331829645867e-06,0.990474644274836,0.740060138712191,0.0292648434517428,Positiv & Signifikant (OK),Accepted: low flux (below detection limit),1
19,2026-02-10,small,4,1.96121083699618,0.000646646935707421,4.611363544164e-05,0.970438755760165,0.955329290468558,0.534507427052205,Positiv & Signifikant (OK),Accepted: low flux (below detection limit),1
20,2026-02-10,small,4,0.271274724595013,-0.00047960764307193,4.19101477806677e-05,0.410020019204663,0.695668715664574,0.663377877539943,Positiv & Rauschen,Rejected: CO2 R² ≤ 0.9,0
21,2026-02-10,small,4,0.572647736545507,0.000187394673631437,4.53000052530549e-05,0.640328436592551,0.974583703092256,0.613884533291258,Positiv & Rauschen,Rejected: CO2 R² ≤ 0.9,0
22,2026-02-10,small,3,1.03584741201919,-0.000229390981024317,0.000201839018571804,0.981013699283885,0.929071474387544,0.983607582431736,Positiv & Signifikant (OK),Accepted: low flux (below detection limit),1
23,2026-02-10,small,4,1.28915635402201,-0.000103956525645756,-4.78003851823862e-06,0.952345727388551,0.500431647417282,0.00326433949402018,Positiv & Signifikant (OK),Accepted: low flux (below detection limit),1
24,2026-02-10,small,4,0.395888259990722,-0.000145619094632474,3.67886065288278e-05,0.984531941590866,0.992552497758789,0.511702320232663,Positiv & Signifikant (OK),Accepted: low flux (below detection limit),1
25,2026-02-10,small,3,1.61655747312174,-0.000233761484607117,-6.80478199720635e-05,0.999199047165558,0.646376968912861,0.99982787532434,Positiv & Signifikant (OK),Accepted: low flux (below detection limit),1
26,2026-02-10,small,4,0.244498503839255,-8.28910320187434e-05,-5.65331637703925e-06,0.80646617900286,0.424906740000943,0.00439501315736777,Positiv & Rauschen,Rejected: CO2 R² ≤ 0.9,0
27,2026-02-10,small,4,0.627559656850813,0.00125731794544518,1.28904297978042e-05,0.800508589175118,0.968741091162208,0.357850515581241,Positiv & Rauschen,Rejected: CO2 R² ≤ 0.9,0
28,2026-02-10,small,3,0.637698502343453,-0.000229078990325394,-9.05912456375143e-05,0.926968724452694,0.996279184937733,0.585755293007228,Positiv & Signifikant (OK),Accepted: low flux (below detection limit),1
29,2026-02-10,small,4,0.115808504697507,0.000325859535414526,-2.12617614094593e-05,0.62997701361006,0.771664800984064,0.208589492824649,Positiv & Rauschen,Rejected: CO2 R² ≤ 0.9,0
30,2026-02-10,small,4,1.03451903627412,-0.000204802286508188,1.58358492863186e-05,0.998710800551827,0.992244350944564,0.283440041711879,Positiv & Signifikant (OK),Accepted: low flux (below detection limit),1
31,2026-02-10,small,4,0.842167850216392,-6.33818214530688e-05,-6.22098318236849e-06,0.959240399060523,0.802048409457426,0.0120680044280689,Positiv & Signifikant (OK),Accepted: low flux (below detection limit),1
32,2026-02-10,small,4,0.330701743436743,-0.000114647364555159,1.07440514140603e-05,0.978736941185616,0.856593737828686,0.0140158542921219,Positiv & Signifikant (OK),Accepted: low flux (below detection limit),1
1,2026-02-17,small,3,-0.147305565027161,1.27366148056695e-06,0.000100810156824925,0.562613715859172,0.0462474344936825,0.744308266219235,Negativ & Rauschen,Rejected: CO2 R² ≤ 0.9,0
2,2026-02-17,small,3,-0.0209829198440707,-8.38307970577303e-05,4.41107896041243e-05,0.150267068712469,0.829736787829218,0.506482095076701,Negativ & Rauschen,Rejected: CO2 R² ≤ 0.9,0
3,2026-02-17,small,4,0.0244872944069643,-0.000387729821565834,3.23795810001953e-05,0.0316984782265084,0.991923801411612,0.609518108175162,Positiv & Rauschen,Rejected: CO2 R² ≤ 0.9,0
4,2026-02-17,small,4,0.0617232946059033,-4.89804585182265e-05,2.2791056231985e-05,0.626649748843778,0.605264062080608,0.0506760623208952,Positiv & Rauschen,Rejected: CO2 R² ≤ 0.9,0
5,2026-02-17,small,4,-0.0752127925486131,2.10153956849002e-05,1.1701870801727e-05,0.164702439639696,0.507637047780082,0.192238082681893,Negativ & Rauschen,Rejected: CO2 R² ≤ 0.9,0
6,2026-02-17,small,4,0.916964052541201,-0.000160799881514691,-7.27327148481267e-06,0.99858788542442,0.98134912844033,0.00947730176078197,Positiv & Signifikant (OK),Accepted: low flux (below detection limit),1
7,2026-02-17,small,3,0.618693218718102,-4.09708344565897e-05,4.47230755063279e-05,0.731748196345909,0.700519926316469,0.875426779175347,Positiv & Rauschen,Rejected: CO2 R² ≤ 0.9,0
8,2026-02-17,small,4,0.175934880298064,6.93049398413906e-05,-4.80817354613577e-05,0.835979821085378,0.305618800141479,0.452310779792754,Positiv & Rauschen,Rejected: CO2 R² ≤ 0.9,0
9,2026-02-17,small,4,1.50793045946937,-0.000296392522796403,-1.48918302360289e-05,0.981043520809946,0.97985986920261,0.0780025416865213,Positiv & Signifikant (OK),Accepted: low flux (below detection limit),1
10,2026-02-17,small,4,0.774198427919858,-0.00019457696623382,-5.89543758090442e-06,0.966498597750131,0.803003652002238,0.048600137624005,Positiv & Signifikant (OK),Accepted: low flux (below detection limit),1
11,2026-02-17,small,4,0.830224835500668,-0.0004111709725724,2.69062994416903e-05,0.925961850198705,0.998538368307414,0.478027223854362,Positiv & Signifikant (OK),Accepted: low flux (below detection limit),1
12,2026-02-17,small,4,0.445798671841378,-6.26814560898338e-05,-7.69621835727904e-05,0.847828990945779,0.765217284336094,0.913774040418008,Positiv & Rauschen,Rejected: CO2 R² ≤ 0.9,0
13,2026-02-17,small,3,0.825501803983431,3.85601643133692e-05,2.60802574880528e-05,0.90242852672308,0.100698842207057,0.177882071115293,Positiv & Signifikant (OK),Accepted: low flux (below detection limit),1
14,2026-02-17,small,4,0.196689299742644,-3.55546013195674e-05,6.50954688615951e-05,0.971265708555858,0.449287815724735,0.333721601713735,Positiv & Signifikant (OK),Accepted: low flux (below detection limit),1
15,2026-02-17,small,4,0.221274471110023,-0.000112855154551345,-2.94755675320728e-05,0.963522189983898,0.770712341700036,0.876579474901951,Positiv & Signifikant (OK),Accepted: low flux (below detection limit),1
16,2026-02-17,small,3,0.96307721284228,-0.000360245384245542,1.44477190004349e-05,0.993019412973146,0.934308051674976,0.0388953551537791,Positiv & Signifikant (OK),Accepted: low flux (below detection limit),1
17,2026-02-17,small,4,1.18614533135728,-0.00022287931999144,2.83603509810641e-05,0.993767198297469,0.98316239667637,0.393820934689145,Positiv & Signifikant (OK),Accepted: low flux (below detection limit),1
18,2026-02-17,small,4,0.004568226419656,9.14173276962129e-06,-1.01418444831262e-05,0.0035986932269356,0.567127827869732,0.0289721963700864,Positiv & Rauschen,Rejected: CO2 R² ≤ 0.9,0
19,2026-02-17,small,4,0.0015566732090364,-0.000301051398389275,3.73643829087737e-05,0.00014385622491297,0.97733507870586,0.600485448050849,Positiv & Rauschen,Rejected: CO2 R² ≤ 0.9,0
20,2026-02-17,small,4,0.731213814073522,-0.000177401647468839,8.04907890536351e-05,0.93466630231983,0.892340395642829,0.962387760113785,Positiv & Signifikant (OK),Accepted: low flux (below detection limit),1
21,2026-02-17,small,4,0.117725725821485,4.70868684100883e-05,3.60315756202419e-05,0.652825877821148,0.761791024262011,0.410098168290197,Positiv & Rauschen,Rejected: CO2 R² ≤ 0.9,0
22,2026-02-17,small,4,-0.290243993089372,-5.57066962306402e-05,-4.81233419893065e-05,0.972304232701099,0.878168073738108,0.638375820596879,Negativ & Signifikant (Alarm),Accepted: low flux (below detection limit),1
23,2026-02-17,small,4,0.746945202101547,-0.000221064775865742,-7.67872410275216e-07,0.972282194660216,0.887054846802477,0.000164829256086052,Positiv & Signifikant (OK),Accepted: low flux (below detection limit),1
24,2026-02-17,small,4,0.220651980918059,-0.000112889631518953,-3.1486511140697e-05,0.961398442488725,0.771471174952017,0.844166460993809,Positiv & Signifikant (OK),Accepted: low flux (below detection limit),1
25,2026-02-17,small,4,0.335036189683167,-9.94071080696326e-05,-1.80211115973577e-05,0.922083116596524,0.639735490222949,0.195881545923728,Positiv & Signifikant (OK),Accepted: low flux (below detection limit),1
26,2026-02-17,small,3,0.847341208707749,-7.54248117455781e-05,-0.000110708040814104,0.999361990572762,0.355170226668278,0.73904469375355,Positiv & Signifikant (OK),Accepted: low flux (below detection limit),1
27,2026-02-17,small,4,0.714957852067025,-0.000720803496051767,-3.72976257139493e-05,0.987628976683219,0.919872896164826,0.586772010129862,Positiv & Signifikant (OK),Accepted: low flux (below detection limit),1
28,2026-02-17,small,4,0.0450948471278163,1.90299740696882e-05,8.02746542661422e-07,0.129120381887944,0.137731764926706,0.00642182200451035,Positiv & Rauschen,Rejected: CO2 R² ≤ 0.9,0
29,2026-02-17,small,4,0.665763206996603,-7.39547865370297e-05,-2.5298027661292e-05,0.99219957866142,0.916036872000062,0.853011438813361,Positiv & Signifikant (OK),Accepted: low flux (below detection limit),1
30,2026-02-17,small,4,0.405501866501229,-1.73396490577474e-05,3.63184153294778e-06,0.949100415801967,0.347529302470556,0.00667980775466046,Positiv & Signifikant (OK),Accepted: low flux (below detection limit),1
31,2026-02-17,small,3,0.755806298804058,1.87459097115497e-05,1.48779558429215e-05,0.926126664519345,0.0412600568373152,0.0700493287984683,Positiv & Signifikant (OK),Accepted: low flux (below detection limit),1
32,2026-02-17,small,3,0.427430434635946,8.94416500551967e-06,-3.06165808073855e-05,0.932458919130716,0.034973431619119,0.21964751510551,Positiv & Signifikant (OK),Accepted: low flux (below detection limit),1
1,2026-02-24,small,4,0.568269975884358,-8.66223537901024e-05,5.24320836125345e-05,0.865255426349181,0.60373745998979,0.589906048518765,Positiv & Rauschen,Rejected: CO2 R² ≤ 0.9,0
2,2026-02-24,small,4,0.56282668932305,-1.62012476832271e-05,4.16563953976444e-05,0.980899774380279,0.0133867845465713,0.476645747898213,Positiv & Signifikant (OK),Accepted: low flux (below detection limit),1
3,2026-02-24,small,4,1.19419427815498,-0.000178212997083947,3.56299624533055e-05,0.990448269277151,0.965075526871957,0.992224359762496,Positiv & Signifikant (OK),Accepted: low flux (below detection limit),1
4,2026-02-24,small,4,0.76927403855962,-6.63484510221565e-05,6.5214435818065e-05,0.558184203197542,0.297186613878058,0.474633330072102,Positiv & Rauschen,Rejected: CO2 R² ≤ 0.9,0
5,2026-02-24,small,3,1.24110235498434,5.6366562118269e-05,-6.92698546092655e-05,0.999289726371523,0.987439173227786,0.707162879312818,Positiv & Signifikant (OK),Accepted: low flux (below detection limit),1
6,2026-02-24,small,4,2.34929869853773,-0.000348293440186081,-6.00429432079097e-05,0.937234325078837,0.963654815521856,0.999784138760945,Positiv & Signifikant (OK),Accepted: low flux (below detection limit),1
7,2026-02-24,small,3,2.82847507809849,-0.000325099149689545,-0.000116448031947246,0.996621487674926,0.997470762630426,0.820442332891019,Positiv & Signifikant (OK),Accepted: low flux (below detection limit),1
8,2026-02-24,small,4,1.02129687544518,-0.000224080997820564,-2.31730607421456e-06,0.932122655953179,0.740333208775893,0.00110769449726453,Positiv & Signifikant (OK),Accepted: low flux (below detection limit),1
9,2026-02-24,small,4,2.19250604383767,-0.00032720308386701,8.36368408958097e-05,0.961902059583018,0.968668042922408,0.713314138266628,Positiv & Signifikant (OK),Accepted: low flux (below detection limit),1
10,2026-02-24,small,4,0.573664780479622,-8.6517718502443e-05,5.43354824110735e-05,0.868597969541702,0.603659217387966,0.562630480824318,Positiv & Rauschen,Rejected: CO2 R² ≤ 0.9,0
11,2026-02-24,small,4,0.670679844889152,-5.46744393527144e-05,4.15941878799258e-05,0.716014182106544,0.310765424306721,0.608830478631909,Positiv & Rauschen,Rejected: CO2 R² ≤ 0.9,0
12,2026-02-24,small,4,1.9340088401663,-0.00035813005797772,-8.22578944243126e-05,0.98768862924306,0.996622446247165,0.94051208951404,Positiv & Signifikant (OK),Accepted: low flux (below detection limit),1
13,2026-02-24,small,4,2.59051192756321,-0.00143525396107526,4.64387350747584e-05,0.994061439107712,0.985080401147938,0.479563109618745,Positiv & Signifikant (OK),Accepted: low flux (below detection limit),1
14,2026-02-24,small,3,2.66648218800758,-0.000614969857411029,-1.88813501910531e-05,0.999976237691565,0.997657794787872,0.049635577247007,Positiv & Signifikant (OK),Accepted: low flux (below detection limit),1
15,2026-02-24,small,4,0.15327184084108,1.55164058070222e-05,3.89270474441028e-05,0.167550436209102,0.0180578562475949,0.123450067184974,Positiv & Rauschen,Rejected: CO2 R² ≤ 0.9,0
16,2026-02-24,small,4,1.83918233020916,-0.00029707693770536,-4.61333956246815e-06,0.976983417886091,0.965829051275081,0.200329202962967,Positiv & Signifikant (OK),Accepted: low flux (below detection limit),1
17,2026-02-24,small,4,3.38701966241386,-0.000747734309411608,-7.2372140476929e-06,0.974532981917108,0.958229563454574,0.0137352921500847,Positiv & Signifikant (OK),Accepted: low flux (below detection limit),1
18,2026-02-24,small,4,0.900244898658962,-0.000244307482902905,-6.87947288179668e-05,0.912868420166328,0.95227599612654,0.573474797248085,Positiv & Signifikant (OK),Accepted: low flux (below detection limit),1
19,2026-02-24,small,3,3.64547882257098,-0.000400135132098055,0.000124901942061818,0.968799384182112,0.974953997983202,0.482381897602912,Positiv & Signifikant (OK),Accepted: low flux (below detection limit),1
20,2026-02-24,small,4,2.11684869109306,-0.000290399564917573,3.87652178726819e-05,0.999097423138901,0.974863148851855,0.230905605181799,Positiv & Signifikant (OK),Accepted: low flux (below detection limit),1
21,2026-02-24,small,4,4.526144627755,-0.000500061959597652,-0.000110164721461912,0.998910318966348,0.999657636540463,0.958615008421288,Positiv & Signifikant (OK),Accepted: low flux (below detection limit),1
22,2026-02-24,small,3,0.20632820044626,-0.000169815605991013,-9.06162287859058e-05,0.169861782592236,0.760011144579566,0.574003556261419,Positiv & Rauschen,Rejected: CO2 R² ≤ 0.9,0
23,2026-02-24,small,4,4.50844828294905,-0.000870190506087475,0.000101268433649057,0.990354205424976,0.980690696220882,0.585912454891705,Positiv & Signifikant (OK),Accepted: low flux (below detection limit),1
24,2026-02-24,small,4,3.11781606262256,-0.000619810688681487,3.81988037559944e-05,0.995666772061123,0.999093887684341,0.208318178307884,Positiv & Signifikant (OK),Accepted: low flux (below detection limit),1
25,2026-02-24,small,4,2.1584858733811,-0.000385404483371559,8.51327744335072e-06,0.995627750948761,0.934389516866881,0.109919925031107,Positiv & Signifikant (OK),Accepted: low flux (below detection limit),1
26,2026-02-24,small,3,1.31876323674759,-0.000528356795932447,-5.53403788096972e-05,0.99692949831618,0.932523416291614,0.98231029142025,Positiv & Signifikant (OK),Accepted: low flux (below detection limit),1
27,2026-02-24,small,4,3.22503326995549,-0.000416958842700719,-1.27332592354241e-05,0.88709107319887,0.908368475958454,0.128854757674146,Positiv & Rauschen,Rejected: CO2 R² ≤ 0.9,0
28,2026-02-24,small,4,1.52758273280825,-0.000166277417631653,-5.95277333389736e-05,0.915055473360867,0.77805403407749,0.717473270558032,Positiv & Signifikant (OK),Accepted: low flux (below detection limit),1
29,2026-02-24,small,4,1.92339609376623,-0.00115428711034597,2.94998717732292e-05,0.947593559304322,0.680070733656623,0.155653481244795,Positiv & Signifikant (OK),Accepted: low flux (below detection limit),1
30,2026-02-24,small,4,3.41811758716079,-0.000825519579242833,-6.83148929618251e-05,0.99844439153777,0.859497496196044,0.478680103891023,Positiv & Signifikant (OK),Accepted: low flux (below detection limit),1
31,2026-02-24,small,4,2.8725243718431,-0.000792412136627272,-6.42158942583731e-06,0.981565536215042,0.909674656874236,0.0303984748031783,Positiv & Signifikant (OK),Accepted: low flux (below detection limit),1
32,2026-02-24,small,3,2.24917254077455,-0.000323537035591198,-0.000156752222647848,0.992753743094544,0.138669395162264,0.818441439852559,Positiv & Signifikant (OK),Accepted: low flux (below detection limit),1
1,2026-03-03,small,3,0.346286143535951,-0.000172632284639541,1.62782241697424e-05,0.119754348287838,0.864909020056156,0.101513580602684,Positiv & Rauschen,Rejected: CO2 R² ≤ 0.9,0
2,2026-03-03,small,4,4.22072287640676,-0.000505603938489691,-0.000112604223301667,0.998142538835643,0.965779852148834,0.712342254887186,Positiv & Signifikant (OK),Accepted: low flux (below detection limit),1
3,2026-03-03,small,4,5.35217276540693,-0.000227495571782077,-3.42946767241986e-05,0.994423229188897,0.772089972686017,0.714190251573724,Positiv & Signifikant (OK),Accepted: low flux (below detection limit),1
4,2026-03-03,small,4,4.0278970790277,-0.000324261196514741,4.99984493437729e-05,0.99769182440915,0.995095835655531,0.670011768241213,Positiv & Signifikant (OK),Accepted: low flux (below detection limit),1
5,2026-03-03,small,4,6.74706899892447,-0.000711669821885688,-0.000122505668891569,0.995428560483462,0.991547516176993,0.648354655295299,Positiv & Signifikant (OK),Accepted: low flux (below detection limit),1
6,2026-03-03,small,4,3.54108002103861,-0.000752107403560254,-4.75469396665536e-05,0.999312960715595,0.997995300327857,0.497816618270898,Positiv & Signifikant (OK),Accepted: low flux (below detection limit),1
7,2026-03-03,small,4,5.65413990043496,0.000959098449222505,-5.77375289994812e-05,0.96847278161969,0.335828641081546,0.916953480611034,Positiv & Signifikant (OK),Accepted: low flux (below detection limit),1
8,2026-03-03,small,3,2.3582140515477,-0.00113973307508478,3.57210896196324e-05,0.997854001228764,0.735813755625668,0.999783671417078,Positiv & Signifikant (OK),Accepted: low flux (below detection limit),1
9,2026-03-03,small,3,3.06033095528294,-0.00043188865826876,-5.92198937997496e-05,0.936242975914976,0.986077875836603,0.644501578710506,Positiv & Signifikant (OK),Accepted: low flux (below detection limit),1
10,2026-03-03,small,4,4.31333431306151,-0.000511238443785785,2.00436125589923e-05,0.997304072114349,0.995515760196618,0.0954757532204452,Positiv & Signifikant (OK),Accepted: low flux (below detection limit),1
11,2026-03-03,small,4,3.22409121209653,-8.18461562846281e-05,3.34215260837977e-05,0.997803252753764,0.583011776367873,0.320039822633406,Positiv & Signifikant (OK),Accepted: low flux (below detection limit),1
12,2026-03-03,small,3,2.59736969587701,-0.000312893143216286,-3.57049982392187e-05,0.970042131213225,0.99481711379676,0.229493165023153,Positiv & Signifikant (OK),Accepted: low flux (below detection limit),1
13,2026-03-03,small,4,3.93901412754357,-0.00065492279771326,-4.92836618983853e-05,0.982913767022194,0.994534718081421,0.270739045700569,Positiv & Signifikant (OK),Accepted: low flux (below detection limit),1
14,2026-03-03,small,4,3.16277359964596,-0.00074624739106691,-8.26063020342851e-05,0.992597985968193,0.89628854508177,0.811017569423421,Positiv & Signifikant (OK),Accepted: low flux (below detection limit),1
15,2026-03-03,small,4,5.17874901333274,-0.000418168968628472,-0.000147895826152735,0.999438723035079,0.969224377827435,0.767349286065937,Positiv & Signifikant (OK),Accepted: low flux (below detection limit),1
16,2026-03-03,small,4,3.89434929422418,-0.000299212916636658,6.77785000897308e-05,0.997872336024626,0.378325396981025,0.561491284588869,Positiv & Signifikant (OK),Accepted: low flux (below detection limit),1
17,2026-03-03,small,4,3.51318163670303,-0.000427069644543721,-3.83513051425607e-05,0.996571566220326,0.988118117423148,0.787863325119671,Positiv & Signifikant (OK),Accepted: low flux (below detection limit),1
18,2026-03-03,small,4,1.15537331181858,2.37449647404489e-05,-7.59029238997701e-05,0.98000863724243,0.00658881902811955,0.578380039931304,Positiv & Signifikant (OK),Accepted: low flux (below detection limit),1
19,2026-03-03,small,4,4.68241491332088,-0.000111596840815965,-8.61934431761199e-05,0.997664766140722,0.813893941802848,0.619169679910219,Positiv & Signifikant (OK),Accepted: low flux (below detection limit),1
20,2026-03-03,small,4,0.314075804965603,-0.000127008296506953,-2.27601260840299e-06,0.45619111646747,0.138598570428393,0.000585786658562984,Positiv & Rauschen,Rejected: CO2 R² ≤ 0.9,0
21,2026-03-03,small,4,4.28221776889923,-0.00074680665489244,-6.58136587798782e-05,0.994508873366019,0.997213471149891,0.444753320682026,Positiv & Signifikant (OK),Accepted: low flux (below detection limit),1
22,2026-03-03,small,4,2.13303886108822,-0.00119182058838766,-1.52940747669335e-05,0.957303254544222,0.66974388491932,0.105901130882762,Positiv & Signifikant (OK),Accepted: low flux (below detection limit),1
23,2026-03-03,small,4,4.64635781473415,-0.000515335543064077,-8.65600509124889e-05,0.999424592486876,0.685341547624784,0.802755995168117,Positiv & Signifikant (OK),Accepted: low flux (below detection limit),1
24,2026-03-03,small,4,3.17937854157477,-0.000476798322131286,5.2482908065269e-05,0.99718241910219,0.965266590490255,0.846182378098368,Positiv & Signifikant (OK),Accepted: low flux (below detection limit),1
25,2026-03-03,small,4,1.96564245470356,-0.000420096726227664,-2.80738900281541e-05,0.980206949023913,0.948094947187163,0.104486229816865,Positiv & Signifikant (OK),Accepted: low flux (below detection limit),1
26,2026-03-03,small,4,2.1189783705679,-0.000315122507916825,-5.66338166757417e-06,0.973397427046113,0.820996905546607,0.00704019446497798,Positiv & Signifikant (OK),Accepted: low flux (below detection limit),1
27,2026-03-03,small,4,3.5114112503636,-9.29233350160682e-05,-5.93760729012798e-05,0.997908802743962,0.507730367680996,0.370626133374362,Positiv & Signifikant (OK),Accepted: low flux (below detection limit),1
28,2026-03-03,small,4,2.54689783871956,-0.000379061144979617,-3.15404080139154e-05,0.951409041611911,0.876873220600367,0.279850479374605,Positiv & Signifikant (OK),Accepted: low flux (below detection limit),1
29,2026-03-03,small,4,4.98619473919088,-0.000970900174642686,-2.08288006903391e-05,0.997155237960365,0.996745526234078,0.395467739397266,Positiv & Signifikant (OK),Accepted: low flux (below detection limit),1
30,2026-03-03,small,4,5.30544092654907,-0.000632417469842238,-9.10487151144484e-05,0.999495174044369,0.983551041482896,0.959910351705177,Positiv & Signifikant (OK),Accepted: low flux (below detection limit),1
31,2026-03-03,small,4,5.66536504585041,-0.000854021357215595,-3.64270589710016e-05,0.996341517690411,0.972024154209027,0.463048285614307,Positiv & Signifikant (OK),Accepted: low flux (below detection limit),1
32,2026-03-03,small,4,4.34159691018356,-0.00213960536722357,-7.20925674418765e-06,0.995005475689433,0.727863401795981,0.0103456875444179,Positiv & Signifikant (OK),Accepted: low flux (below detection limit),1
1,2026-03-10,small,4,8.1152452388798,-0.00143642273637327,-6.13281730072342e-05,0.992516941566455,0.976129263737295,0.720424468640025,Positiv & Signifikant (OK),Accepted: low flux (below detection limit),1
2,2026-03-10,small,4,5.45756607778546,-0.00073597478128203,-1.06958082449866e-05,0.999598474495451,0.996918932457308,0.0258157826674543,Positiv & Signifikant (OK),Accepted: low flux (below detection limit),1
3,2026-03-10,small,4,10.289836371733,-0.00117911068049579,1.83831708763607e-05,0.999264706793915,0.999849091074378,0.201424476875415,Positiv & Signifikant (OK),Accepted: low flux (below detection limit),1
4,2026-03-10,small,4,6.50975470387653,-0.000867912183030021,-2.17264022926643e-05,0.99922064375059,0.999720703487618,0.141363452061486,Positiv & Signifikant (OK),Accepted: low flux (below detection limit),1
5,2026-03-10,small,4,10.4363788896493,-0.00106153206117988,-2.34741455197671e-05,0.999789426035812,0.99502741722445,0.1219214999331,Positiv & Signifikant (OK),Accepted: low flux (below detection limit),1
6,2026-03-10,small,4,6.36769774017688,-0.000711070225072246,-6.47369363027686e-05,0.999105721817468,0.998980730431876,0.511452617671304,Positiv & Signifikant (OK),Accepted: low flux (below detection limit),1
7,2026-03-10,small,4,9.78336263341978,-0.00129871147101209,-7.19644925524705e-05,0.958042028565633,0.997159256572927,0.484270771939888,Positiv & Signifikant (OK),Accepted: low flux (below detection limit),1
8,2026-03-10,small,4,5.71883082706741,-0.000796656599028792,4.55290778539945e-05,0.999727965939536,0.994132920285319,0.880210726566388,Positiv & Signifikant (OK),Accepted: low flux (below detection limit),1
9,2026-03-10,small,4,8.71550126380188,-0.00112150457009371,-6.69406235997805e-05,0.997803796988579,0.99965724830852,0.824107206298505,Positiv & Signifikant (OK),Accepted: low flux (below detection limit),1
10,2026-03-10,small,4,4.58310279099438,-0.000718774804838288,0.000104674493174497,0.999915908887625,0.999449916290512,0.800548841248946,Positiv & Signifikant (OK),Accepted: low flux (below detection limit),1
11,2026-03-10,small,4,9.20051705179802,-0.000958320240407069,-3.48970893783068e-05,0.998881842577922,0.999244389103885,0.8847438361257,Positiv & Signifikant (OK),Accepted: low flux (below detection limit),1
12,2026-03-10,small,4,6.43057007850405,-0.000215730130214067,-5.15474862515505e-05,0.998219650630524,0.142180900338675,0.987731745471582,Positiv & Signifikant (OK),Accepted: low flux (below detection limit),1
13,2026-03-10,small,4,9.67925470857393,-0.00105231624075832,-1.34467296477004e-05,0.999215106162574,0.992304497711507,0.0692994519331241,Positiv & Signifikant (OK),Accepted: low flux (below detection limit),1
14,2026-03-10,small,4,6.49205033750318,-0.000930425145448939,-3.97198574503289e-05,0.998937253212962,0.999376136215225,0.741013390079593,Positiv & Signifikant (OK),Accepted: low flux (below detection limit),1
15,2026-03-10,small,4,9.37208773832094,-0.00175047440632977,4.03860980513746e-05,0.999730875474145,0.928424365459857,0.549910024918858,Positiv & Signifikant (OK),Accepted: low flux (below detection limit),1
16,2026-03-10,small,4,5.69832780161019,-0.000903928280115484,-9.76954111622716e-05,0.996675959913677,0.998755275739993,0.660979209507271,Positiv & Signifikant (OK),Accepted: low flux (below detection limit),1
17,2026-03-10,small,4,7.85399721811119,-0.0011175707585341,-4.34752017973589e-05,0.999979432343726,0.999091078902068,0.68917947525711,Positiv & Signifikant (OK),Accepted: low flux (below detection limit),1
18,2026-03-10,small,4,4.17637824852564,-0.00062449235300295,-0.000121142166608745,0.998394817072545,0.999559157037269,0.892794573150501,Positiv & Signifikant (OK),Accepted: low flux (below detection limit),1
19,2026-03-10,small,4,9.85301733439097,-0.00104138509575917,-6.68174025793235e-06,0.995032851093054,0.99968361622703,0.00541870091788711,Positiv & Signifikant (OK),Accepted: low flux (below detection limit),1
20,2026-03-10,small,4,5.17640405095473,-0.000863179107257743,-0.000113798851834561,0.995521993231561,0.994740706247536,0.88698339808042,Positiv & Signifikant (OK),Accepted: low flux (below detection limit),1
21,2026-03-10,small,4,9.61887644004186,-0.00108313443824822,-8.58095002194022e-05,0.999394622230718,0.999297543821486,0.81163322450091,Positiv & Signifikant (OK),Accepted: low flux (below detection limit),1
22,2026-03-10,small,4,5.93558056598233,-0.000371496494967287,6.54192417183898e-06,0.988557359237081,0.811953314399063,0.0119118566285186,Positiv & Signifikant (OK),Accepted: low flux (below detection limit),1
23,2026-03-10,small,4,9.89601469675137,-0.00102784295199279,4.01025517411578e-06,0.992975908956725,0.997292986886596,0.0188934576189577,Positiv & Signifikant (OK),Accepted: low flux (below detection limit),1
24,2026-03-10,small,4,5.69501309379145,-0.00092494913849056,-4.15743415757366e-05,0.992064161552239,0.997755558356885,0.555010939316896,Positiv & Signifikant (OK),Accepted: low flux (below detection limit),1
25,2026-03-10,small,4,8.46761016321297,-0.00110406949439631,-1.0396617912295e-05,0.999204403336226,0.997074291466242,0.075598004791484,Positiv & Signifikant (OK),Accepted: low flux (below detection limit),1
26,2026-03-10,small,4,5.40957608266229,-0.000832152664434978,-2.30489162076595e-05,0.998940481730735,0.963665942822304,0.0460751794351935,Positiv & Signifikant (OK),Accepted: low flux (below detection limit),1
27,2026-03-10,small,4,9.46905047494632,-0.0013120439528247,-4.1931068685499e-05,0.999511251587787,0.994178360774722,0.223502237111376,Positiv & Signifikant (OK),Accepted: low flux (below detection limit),1
28,2026-03-10,small,4,6.19406861109296,-0.00080386221842352,1.19394036407203e-06,0.999747178702818,0.997277527324256,0.000551127620916896,Positiv & Signifikant (OK),Accepted: low flux (below detection limit),1
29,2026-03-10,small,4,9.20685442020945,-0.000900444812909184,3.41566462500049e-05,0.999283051624278,0.976857286240876,0.3567948671896,Positiv & Signifikant (OK),Accepted: low flux (below detection limit),1
30,2026-03-10,small,4,8.03287276326438,-0.00101006193530075,-4.94137230607557e-05,0.996213811522333,0.992252005613051,0.761898459397051,Positiv & Signifikant (OK),Accepted: low flux (below detection limit),1
31,2026-03-10,small,4,10.0590323196566,-0.000811470138840373,-9.35970856418934e-05,0.999230330226118,0.994745189780691,0.463738085395746,Positiv & Signifikant (OK),Accepted: low flux (below detection limit),1
32,2026-03-10,small,4,7.21702489128882,-0.00117628891244801,-0.000114433857285204,0.997513351569277,0.995188674972723,0.958249898135587,Positiv & Signifikant (OK),Accepted: low flux (below detection limit),1
1,2026-03-16,small,4,4.32046440417114,-0.000675250026194786,1.41335440394353e-05,0.997988864430537,0.995235710445216,0.0134868803916541,Positiv & Signifikant (OK),Accepted: low flux (below detection limit),1
2,2026-03-16,small,4,2.56137558635411,-0.00056009786027041,3.95580960391153e-06,0.993449454078755,0.984792368112233,0.00443094433286606,Positiv & Signifikant (OK),Accepted: low flux (below detection limit),1
3,2026-03-16,small,4,5.34238478010663,-0.000949993992119419,2.16650018965809e-05,0.988274511019767,0.966355148401129,0.091510917780009,Positiv & Signifikant (OK),Accepted: low flux (below detection limit),1
4,2026-03-16,small,4,5.83917910975422,-0.00170663782658713,-2.71445992849615e-05,0.99980699788324,0.999320714220414,0.393818880240829,Positiv & Signifikant (OK),Accepted: low flux (below detection limit),1
5,2026-03-16,small,4,8.2998510923668,-0.000977285137394276,-1.73231698214643e-05,0.995778037580391,0.995556994512942,0.473006261954508,Positiv & Signifikant (OK),Accepted: low flux (below detection limit),1
6,2026-03-16,small,4,5.93537056681622,-0.000952937440557733,1.99910993849185e-05,0.99004424238488,0.981699681197578,0.0608909379503479,Positiv & Signifikant (OK),Accepted: low flux (below detection limit),1
7,2026-03-16,small,4,5.26968242778628,-0.000353875547264155,6.64192698138384e-06,0.953314527671126,0.27725636008235,0.00867075380773889,Positiv & Signifikant (OK),Accepted: low flux (below detection limit),1
8,2026-03-16,small,4,4.52947893850071,-0.00353375572007412,-6.91713455227225e-05,0.992990506059511,0.762536029388671,0.460090396154364,Positiv & Signifikant (OK),Accepted: low flux (below detection limit),1
9,2026-03-16,small,4,3.51882124253626,-0.000402137853597765,2.69863678523809e-05,0.980057251902302,0.960225491450218,0.483245212582463,Positiv & Signifikant (OK),Accepted: low flux (below detection limit),1
10,2026-03-16,small,4,3.10742907590631,-0.000630314490076471,5.20713515567311e-06,0.99866429131165,0.99717788542864,0.0162841904122796,Positiv & Signifikant (OK),Accepted: low flux (below detection limit),1
11,2026-03-16,small,4,6.02631183883539,-0.000744673389464135,-6.91238790408657e-05,0.996797462225398,0.991524162945549,0.776407903447707,Positiv & Signifikant (OK),Accepted: low flux (below detection limit),1
12,2026-03-16,small,4,4.53283440169603,-0.00139952806880489,-2.62737506820495e-05,0.994818310294306,0.983840769753412,0.207127765795996,Positiv & Signifikant (OK),Accepted: low flux (below detection limit),1
13,2026-03-16,small,4,8.51935896789495,-0.00103440776974408,-3.6690206253037e-05,0.995822597054326,0.995386439373716,0.267239565900791,Positiv & Signifikant (OK),Accepted: low flux (below detection limit),1
14,2026-03-16,small,4,3.86744928643056,-0.000808691889301633,2.51494232223678e-05,0.990979477280761,0.981596270528752,0.177638614166754,Positiv & Signifikant (OK),Accepted: low flux (below detection limit),1
15,2026-03-16,small,4,8.25458450002626,-0.00181830875783184,8.52831632919664e-06,0.993225160303763,0.985909293013162,0.0173682734316249,Positiv & Signifikant (OK),Accepted: low flux (below detection limit),1
16,2026-03-16,small,3,3.07574031258077,-0.000566826847127326,0.00010793647599392,0.992724911599389,0.978561618784161,0.632929768879818,Positiv & Signifikant (OK),Accepted: low flux (below detection limit),1
17,2026-03-16,small,4,6.1990582971961,-0.00109765117970437,-1.35911279431309e-05,0.996647902178251,0.992739634351788,0.108645751424602,Positiv & Signifikant (OK),Accepted: low flux (below detection limit),1
18,2026-03-16,small,4,1.83469983126737,-0.000549888663865046,8.13656535617595e-06,0.99979906101875,0.999057892268766,0.0350575185410413,Positiv & Signifikant (OK),Accepted: low flux (below detection limit),1
19,2026-03-16,small,4,4.02382957291146,-0.00044831911208823,1.30439006587828e-05,0.935958675097265,0.931658540648013,0.0254721322766466,Positiv & Signifikant (OK),Accepted: low flux (below detection limit),1
20,2026-03-16,small,4,2.16665056892856,-0.000704098122092067,-4.6424870567649e-05,0.986049717622587,0.993024523832215,0.654498946769262,Positiv & Signifikant (OK),Accepted: low flux (below detection limit),1
21,2026-03-16,small,4,2.85283769960441,-0.000404985213162292,-4.33476458135122e-05,0.996019561799333,0.994022117081182,0.177509677183565,Positiv & Signifikant (OK),Accepted: low flux (below detection limit),1
22,2026-03-16,small,4,4.76489579156807,-0.00103549953866405,-1.2762803969579e-05,0.999062464444446,0.991951527996696,0.0420334077258716,Positiv & Signifikant (OK),Accepted: low flux (below detection limit),1
23,2026-03-16,small,4,7.7015303654275,-0.000932540379302933,3.38759633882e-05,0.992533340704938,0.989854237967606,0.329056696948858,Positiv & Signifikant (OK),Accepted: low flux (below detection limit),1
24,2026-03-16,small,4,3.7413885587359,-0.000591193258597186,-3.45114809355519e-05,0.99056487046357,0.993112229130887,0.0747374445096006,Positiv & Signifikant (OK),Accepted: low flux (below detection limit),1
25,2026-03-16,small,4,4.07027811128393,-0.000630854626536661,6.47434808356968e-06,0.99521975066695,0.984558898702031,0.0290710768893621,Positiv & Signifikant (OK),Accepted: low flux (below detection limit),1
26,2026-03-16,small,4,3.43555877592178,-0.000744340675608843,7.86730418079216e-06,0.999230929722868,0.995939646429368,0.275032652272727,Positiv & Signifikant (OK),Accepted: low flux (below detection limit),1
27,2026-03-16,small,4,6.19842459008989,-0.00157946947749762,-6.89850439543017e-05,0.999002351920285,0.995065286292426,0.753307439689043,Positiv & Signifikant (OK),Accepted: low flux (below detection limit),1
28,2026-03-16,small,4,3.57758108301549,-0.00092502434223352,-3.61722314492767e-05,0.991696122183066,0.985363717808037,0.799230100108894,Positiv & Signifikant (OK),Accepted: low flux (below detection limit),1
29,2026-03-16,small,4,2.79902927155744,-0.000344805966265792,1.17613190500651e-05,0.988345830434871,0.999506527866231,0.0986999762854111,Positiv & Signifikant (OK),Accepted: low flux (below detection limit),1
30,2026-03-16,small,4,2.56348722530071,-0.000318478677420879,-2.91667142509312e-05,0.964171516417486,0.93689315573933,0.217946783043499,Positiv & Signifikant (OK),Accepted: low flux (below detection limit),1
31,2026-03-16,small,4,3.75749286619273,-0.000395294935282644,-8.17410440138232e-05,0.99979655698442,0.999599374033343,0.57426289318517,Positiv & Signifikant (OK),Accepted: low flux (below detection limit),1
32,2026-03-16,small,4,3.21247489529739,-0.000654283756476849,4.7980972498458e-05,0.991377745340226,0.995101002474473,0.39903657636172,Positiv & Signifikant (OK),Accepted: low flux (below detection limit),1
1,2026-03-18,small,4,4.76402035324129,-8.08944217918516e-05,1.11264666242484e-05,0.999957285495833,0.0155325438217252,0.18448655110404,Positiv & Signifikant (OK),Accepted: low flux (below detection limit),1
2,2026-03-18,small,4,3.91476878881802,-0.00116289352580255,3.265564085785e-05,0.999794168631372,0.309698410378295,0.762534912658352,Positiv & Signifikant (OK),Accepted: low flux (below detection limit),1
3,2026-03-18,small,4,7.0835237573351,-0.000881616755887989,3.28447591076611e-05,0.999639941086986,0.606112560674914,0.149362391004303,Positiv & Signifikant (OK),Accepted: low flux (below detection limit),1
4,2026-03-18,small,4,5.38790939852755,-0.00173736169390284,-5.42110064845055e-05,0.999808956972093,0.9627286182847,0.430924169808732,Positiv & Signifikant (OK),Accepted: low flux (below detection limit),1
5,2026-03-18,small,4,7.05307099657365,-0.000862265110044041,5.31798868792235e-05,0.996449100406572,0.88708135432365,0.804560765637777,Positiv & Signifikant (OK),Accepted: low flux (below detection limit),1
6,2026-03-18,small,4,4.72249140903768,0.000611177778835725,-0.000137434478484963,0.999776282096776,0.345529284756004,0.856846183548841,Positiv & Signifikant (OK),Accepted: low flux (below detection limit),1
7,2026-03-18,small,4,7.39957191304242,-0.00069941848673217,-3.65400599367434e-05,0.998155530016419,0.9886940662317,0.591054162638676,Positiv & Signifikant (OK),Accepted: low flux (below detection limit),1
8,2026-03-18,small,4,4.42415010223275,-0.00155453295659656,-5.90226248544368e-05,0.997998421026981,0.448606392242469,0.828897313136407,Positiv & Signifikant (OK),Accepted: low flux (below detection limit),1
9,2026-03-18,small,4,4.02574492894353,-0.000720490704316262,3.03124731229876e-05,0.998660358307784,0.384626165545689,0.557337958788161,Positiv & Signifikant (OK),Accepted: low flux (below detection limit),1
10,2026-03-18,small,3,2.81621658815743,-0.000678760596282531,2.98736182463155e-05,0.99999991475965,0.995270602097387,0.871294933961873,Positiv & Signifikant (OK),Accepted: low flux (below detection limit),1
11,2026-03-18,small,4,5.9802976957527,-0.000801289607780981,-4.36444975523173e-05,0.999964726174291,0.980728838103032,0.659852579105668,Positiv & Signifikant (OK),Accepted: low flux (below detection limit),1
12,2026-03-18,small,4,3.96467946827659,-0.00101427670599526,-5.51983122318903e-05,0.998564375192824,0.996555106264818,0.919791498081949,Positiv & Signifikant (OK),Accepted: low flux (below detection limit),1
13,2026-03-18,small,4,5.4797382559063,-0.000943180188049186,-8.32647005955726e-05,0.995930595431725,0.494220045752713,0.782118410946154,Positiv & Signifikant (OK),Accepted: low flux (below detection limit),1
14,2026-03-18,small,4,4.15277037725464,0.000436365316824263,5.74442203574008e-05,0.998046894930973,0.0405480025722117,0.672166305878907,Positiv & Signifikant (OK),Accepted: low flux (below detection limit),1
15,2026-03-18,small,4,5.64152388483552,5.71583094598796e-05,-4.25817367725609e-05,0.997309073524051,0.0010395637723917,0.779632693688224,Positiv & Signifikant (OK),Accepted: low flux (below detection limit),1
16,2026-03-18,small,4,4.05817997291598,-0.00115059127175083,-6.88446172212408e-06,0.997245645560676,0.865094577621742,0.0181074027705412,Positiv & Signifikant (OK),Accepted: low flux (below detection limit),1
17,2026-03-18,small,4,4.84996678226089,-0.000167162428910602,-1.11615800081853e-05,0.999643586711316,0.113842309013258,0.146596590262122,Positiv & Signifikant (OK),Accepted: low flux (below detection limit),1
18,2026-03-18,small,4,2.38138941142937,-0.000162283183583089,3.71395604427786e-05,0.991193650789111,0.904797369050492,0.617160415575931,Positiv & Signifikant (OK),Accepted: low flux (below detection limit),1
19,2026-03-18,small,4,5.54404709219232,-0.000522486007787457,1.2485594754444e-05,0.997688815054361,0.922650643175353,0.0887612992499637,Positiv & Signifikant (OK),Accepted: low flux (below detection limit),1
20,2026-03-18,small,4,3.59561432694882,-0.000783423862615217,-6.46313108634544e-06,0.99257568028544,0.632274844411943,0.0129117439597714,Positiv & Signifikant (OK),Accepted: low flux (below detection limit),1
21,2026-03-18,small,4,5.18395827689166,-0.00116721876351997,-0.000102911137422138,0.989401207688142,0.811793510207767,0.717399430407418,Positiv & Signifikant (OK),Accepted: low flux (below detection limit),1
22,2026-03-18,small,4,3.47886650943092,0.000134739740583686,-2.10024535606902e-05,0.991863351136116,0.029686447667776,0.312124692378955,Positiv & Signifikant (OK),Accepted: low flux (below detection limit),1
23,2026-03-18,small,4,5.58101848275559,-0.000895958549782167,-4.294183654374e-05,0.992624212765091,0.958293206119274,0.228506938162506,Positiv & Signifikant (OK),Accepted: low flux (below detection limit),1
24,2026-03-18,small,4,3.8232193059746,-0.000583886427825916,4.19399418006411e-05,0.993457927543672,0.938172274077066,0.66822418384984,Positiv & Signifikant (OK),Accepted: low flux (below detection limit),1
25,2026-03-18,small,4,6.31007142314708,-0.00120463777084034,4.59659635757324e-05,0.998877845306415,0.644196130822522,0.506418800376432,Positiv & Signifikant (OK),Accepted: low flux (below detection limit),1
26,2026-03-18,small,4,4.29360297875622,-0.000852121387088114,-2.33093976088908e-06,0.999602864542083,0.284721423795266,0.00285736554027008,Positiv & Signifikant (OK),Accepted: low flux (below detection limit),1
27,2026-03-18,small,4,5.02180768860214,-0.00106571528885454,4.3396610582747e-05,0.996464970623767,0.605695639864122,0.76903993144306,Positiv & Signifikant (OK),Accepted: low flux (below detection limit),1
28,2026-03-18,small,4,4.39872446933936,-0.00149095935978832,2.83392470554836e-05,0.996556100022918,0.968626645444825,0.119408170109266,Positiv & Signifikant (OK),Accepted: low flux (below detection limit),1
29,2026-03-18,small,4,6.86723880589327,-0.00130670303412705,-3.39838409091938e-06,0.991958567837623,0.839912843855396,0.0274076422749401,Positiv & Signifikant (OK),Accepted: low flux (below detection limit),1
30,2026-03-18,small,4,6.06635953494804,-0.000439396794916483,-1.77957052097498e-05,0.990308181097124,0.376942038311546,0.105838090752661,Positiv & Signifikant (OK),Accepted: low flux (below detection limit),1
31,2026-03-18,small,4,7.98737468270791,-0.00104040558165757,4.44186742433098e-05,0.998644072565374,0.680062678250249,0.250852292857194,Positiv & Signifikant (OK),Accepted: low flux (below detection limit),1
32,2026-03-18,small,4,6.16302724827284,-0.000271919532231598,3.1551002666461e-05,0.998639646983866,0.141773574963616,0.297889668142318,Positiv & Signifikant (OK),Accepted: low flux (below detection limit),1
1,2026-03-20,small,4,5.62931348707408,-0.000754888963925632,-2.32784777354145e-05,0.999102494234454,0.984985233837304,0.337138874781439,Positiv & Signifikant (OK),Accepted: low flux (below detection limit),1
2,2026-03-20,small,4,4.78814943284714,-0.000899878671581743,-2.15532721209761e-06,0.999856221938526,0.989998433010896,0.00206650846428739,Positiv & Signifikant (OK),Accepted: low flux (below detection limit),1
3,2026-03-20,small,4,6.88586897136673,-0.000920225631758401,-2.50067580571782e-05,0.996461190476251,0.99308889606806,0.949783618243189,Positiv & Signifikant (OK),Accepted: low flux (below detection limit),1
4,2026-03-20,small,4,7.13881124782034,-0.00091737319365696,-7.32804546367537e-05,0.999799692072583,0.999956493565855,0.586320331692122,Positiv & Signifikant (OK),Accepted: low flux (below detection limit),1
5,2026-03-20,small,4,9.58380935344282,-0.000954916512048212,-8.62031431778943e-05,0.999310933173665,0.999651846896357,0.894252431249308,Positiv & Signifikant (OK),Accepted: low flux (below detection limit),1
6,2026-03-20,small,4,7.0937309384013,-0.000933706422383529,-6.98639677326731e-05,0.999660728875715,0.999865204770937,0.747444310591669,Positiv & Signifikant (OK),Accepted: low flux (below detection limit),1
7,2026-03-20,small,4,9.36064902250416,-0.000969431467137715,-7.62707551822914e-05,0.998218882462543,0.998797069806543,0.597648375040576,Positiv & Signifikant (OK),Accepted: low flux (below detection limit),1
8,2026-03-20,small,4,5.60395607305812,-0.000876209411428067,-3.45881860629503e-05,0.999055982089299,0.985811969996328,0.188457348296527,Positiv & Signifikant (OK),Accepted: low flux (below detection limit),1
9,2026-03-20,small,4,5.10766039243133,-0.000679262390004391,-6.26496154568207e-06,0.997885864224211,0.996744297754786,0.00294759925434997,Positiv & Signifikant (OK),Accepted: low flux (below detection limit),1
10,2026-03-20,small,4,4.1920248351822,-0.00075994098864685,3.80877162459549e-05,0.999918895718765,0.999954767938528,0.487750451709879,Positiv & Signifikant (OK),Accepted: low flux (below detection limit),1
11,2026-03-20,small,4,8.08692140752228,-0.000976930376516624,-6.50268870760951e-05,0.999812767567422,0.999391605252626,0.551242765154603,Positiv & Signifikant (OK),Accepted: low flux (below detection limit),1
12,2026-03-20,small,4,4.82914073111584,-0.000786048575970338,2.967872941788e-05,0.999421333792759,0.999439289404186,0.383684896240188,Positiv & Signifikant (OK),Accepted: low flux (below detection limit),1
13,2026-03-20,small,4,8.21565407437568,-0.000797931611984735,-6.80962573646093e-05,0.999997733141941,0.999249940074019,0.334740213297702,Positiv & Signifikant (OK),Accepted: low flux (below detection limit),1
14,2026-03-20,small,4,5.60402329685729,-0.000956575172123678,-7.2836989058535e-06,0.998998686297687,0.99576602732088,0.0706047993809465,Positiv & Signifikant (OK),Accepted: low flux (below detection limit),1
15,2026-03-20,small,4,7.40459251683745,-0.00135265931158863,-5.30185512061635e-05,0.997155900619092,0.969646163803902,0.893116689526446,Positiv & Signifikant (OK),Accepted: low flux (below detection limit),1
16,2026-03-20,small,4,5.33661204717241,-0.000656016197384933,-7.13639599445283e-05,0.997355937152517,0.932283094218148,0.49254513143473,Positiv & Signifikant (OK),Accepted: low flux (below detection limit),1
17,2026-03-20,small,4,5.53079672028313,-0.000703682511446822,1.82917668722322e-05,0.998660032747526,0.985864102664084,0.0898143993643973,Positiv & Signifikant (OK),Accepted: low flux (below detection limit),1
18,2026-03-20,small,4,3.14885271720622,-0.000705235754190153,5.00750536070984e-05,0.996152782297822,0.997230314286214,0.537955321987475,Positiv & Signifikant (OK),Accepted: low flux (below detection limit),1
19,2026-03-20,small,4,6.08099402648466,-0.000655758564249339,-9.13513991901975e-05,0.998980931872212,0.993428224211858,0.523831647938967,Positiv & Signifikant (OK),Accepted: low flux (below detection limit),1
20,2026-03-20,small,4,5.11802742457294,-0.000677255448018639,-6.29269553945532e-05,0.995374222719831,0.996406473043664,0.619245782208912,Positiv & Signifikant (OK),Accepted: low flux (below detection limit),1
21,2026-03-20,small,4,8.18585280203471,-0.000861870219723741,-4.77481669233104e-05,0.998884630321837,0.999982800862013,0.158194839288181,Positiv & Signifikant (OK),Accepted: low flux (below detection limit),1
22,2026-03-20,small,4,4.37816086986773,-0.00088529158026951,-4.15217588338216e-05,0.999921283265157,0.991816470375269,0.376529873185079,Positiv & Signifikant (OK),Accepted: low flux (below detection limit),1
23,2026-03-20,small,4,9.2436267113108,-0.00105064229388363,-6.22736920402672e-05,0.994944360742459,0.989120124996415,0.514761860933666,Positiv & Signifikant (OK),Accepted: low flux (below detection limit),1
24,2026-03-20,small,4,5.89737607922319,-0.000734072273626441,-9.67509999832143e-06,0.997026301101533,0.996232963590794,0.0213458060326177,Positiv & Signifikant (OK),Accepted: low flux (below detection limit),1
25,2026-03-20,small,4,8.41133308039302,-0.000903928559108185,-4.39778714965368e-05,0.998659234854435,0.98225775722951,0.909193879249295,Positiv & Signifikant (OK),Accepted: low flux (below detection limit),1
26,2026-03-20,small,4,5.58356576166318,-0.000983938647556047,-0.000161779293019452,0.999687956304391,0.985091223717134,0.702025452333899,Positiv & Signifikant (OK),Accepted: low flux (below detection limit),1
27,2026-03-20,small,4,8.23091446828125,-0.00128690209614563,-6.10789667472961e-05,0.999952928660118,0.997452246922622,0.371647055652115,Positiv & Signifikant (OK),Accepted: low flux (below detection limit),1
28,2026-03-20,small,4,6.06620368380721,-0.000925115749229807,-5.0557851624152e-05,0.999898311774551,0.985011176658523,0.316479273288906,Positiv & Signifikant (OK),Accepted: low flux (below detection limit),1
29,2026-03-20,small,4,9.09865551354211,-0.000871244070308022,-6.14851436620978e-05,0.998987660058516,0.994554409908245,0.546407590860638,Positiv & Signifikant (OK),Accepted: low flux (below detection limit),1
30,2026-03-20,small,4,8.22160546262901,-0.00126215317718977,-1.09039236055759e-06,0.998475510307883,0.999636107283557,0.00177942629812018,Positiv & Signifikant (OK),Accepted: low flux (below detection limit),1
31,2026-03-20,small,4,10.0105370420864,-0.00127215095477282,-4.7958728315701e-05,0.998916102416588,0.996929386829718,0.305352619120662,Positiv & Signifikant (OK),Accepted: low flux (below detection limit),1
32,2026-03-20,small,4,7.83428966337827,-0.00109498618547018,-4.39135117120163e-05,0.998946480391561,0.994540768829309,0.643600960027423,Positiv & Signifikant (OK),Accepted: low flux (below detection limit),1
1,2026-03-24,small,4,5.8821936568074,-0.00110556724160791,-4.11231567163026e-05,0.999673021553826,0.997367094981748,0.431525586088533,Positiv & Signifikant (OK),Accepted: low flux (below detection limit),1
2,2026-03-24,small,4,5.51583083058095,-0.00109299413615521,9.10265315428738e-06,0.999927982163763,0.998244862058103,0.0673362514521643,Positiv & Signifikant (OK),Accepted: low flux (below detection limit),1
3,2026-03-24,small,4,8.46847055675879,-0.0012425889450297,-2.04296712586425e-05,0.999716802570844,0.99977772937459,0.104705140077945,Positiv & Signifikant (OK),Accepted: low flux (below detection limit),1
4,2026-03-24,small,4,6.69789848534514,-0.00106269752313985,-5.14833387002606e-05,0.9991210956009,0.999815850311912,0.284268810844855,Positiv & Signifikant (OK),Accepted: low flux (below detection limit),1
5,2026-03-24,small,4,10.1002486037386,-0.0010253963977612,-8.36756038503919e-05,0.999968155761602,0.999522637577672,0.520624992220744,Positiv & Signifikant (OK),Accepted: low flux (below detection limit),1
6,2026-03-24,small,4,7.07983391880974,-0.00094130833557439,-2.10155931021457e-05,0.999120834526849,0.993218378246095,0.100930573810814,Positiv & Signifikant (OK),Accepted: low flux (below detection limit),1
7,2026-03-24,small,4,11.0765327765899,-0.00103997362583737,-9.16943739741005e-05,0.99999419074506,0.999743050424655,0.776479865309376,Positiv & Signifikant (OK),Accepted: low flux (below detection limit),1
8,2026-03-24,small,4,6.44066731361074,-0.000865315017634441,-0.000112312151543713,0.999449499164494,0.997766385127096,0.609212878925868,Positiv & Signifikant (OK),Accepted: low flux (below detection limit),1
9,2026-03-24,small,4,6.9204411369312,-0.00226421028003811,-1.32991738421407e-05,0.999737072994162,0.803326618968219,0.0504363700353929,Positiv & Signifikant (OK),Accepted: low flux (below detection limit),1
10,2026-03-24,small,4,4.09572155719126,-0.000710094675575007,-4.07342063624899e-05,0.999321436391485,0.999202755958132,0.587237471028706,Positiv & Signifikant (OK),Accepted: low flux (below detection limit),1
11,2026-03-24,small,4,7.63545089019991,-0.00101193271547581,-5.19896858193538e-05,0.998370063422259,0.998296635712561,0.635883358666628,Positiv & Signifikant (OK),Accepted: low flux (below detection limit),1
12,2026-03-24,small,4,6.09332108712743,-0.0010493889812474,-6.10749390401281e-05,0.999008816209489,0.999186448227576,0.74578477579124,Positiv & Signifikant (OK),Accepted: low flux (below detection limit),1
13,2026-03-24,small,4,8.40079839998906,-0.00103758552656182,-6.30805767920164e-05,0.998618044668729,0.999036880633041,0.146168165310577,Positiv & Signifikant (OK),Accepted: low flux (below detection limit),1
14,2026-03-24,small,4,7.09377685953024,-0.00326122583964836,2.16125815783323e-05,0.999358487478509,0.773228377069447,0.123177781467429,Positiv & Signifikant (OK),Accepted: low flux (below detection limit),1
15,2026-03-24,small,4,9.5707695090657,-0.0013392514911342,-6.41522908184643e-05,0.999269974612393,0.990773123462936,0.363895441099532,Positiv & Signifikant (OK),Accepted: low flux (below detection limit),1
16,2026-03-24,small,4,7.44228297838695,-0.000902357853963953,-4.1045268581626e-05,0.999311450317486,0.999263856584064,0.129153693910828,Positiv & Signifikant (OK),Accepted: low flux (below detection limit),1
17,2026-03-24,small,4,5.34678654824917,-0.000668586014708639,8.65106812641842e-06,0.998061903825735,0.997959375666033,0.0271865850943041,Positiv & Signifikant (OK),Accepted: low flux (below detection limit),1
18,2026-03-24,small,4,3.85350413132106,-0.000930346204262935,5.85554395431907e-06,0.998354407116008,0.971952107077262,0.0376432250429861,Positiv & Signifikant (OK),Accepted: low flux (below detection limit),1
19,2026-03-24,small,4,8.76879718860943,-0.000958566978837759,-8.30418928347328e-05,0.996407467471903,0.99925298909078,0.849666512853872,Positiv & Signifikant (OK),Accepted: low flux (below detection limit),1
20,2026-03-24,small,4,6.35868214432586,-0.000931772928702836,-1.42597244454613e-05,0.997210996491348,0.997030410811215,0.45467147201134,Positiv & Signifikant (OK),Accepted: low flux (below detection limit),1
21,2026-03-24,small,4,9.1417987997141,-0.00103631699318655,-5.82398723333336e-05,0.996917925826985,0.998489938915629,0.12578632427662,Positiv & Signifikant (OK),Accepted: low flux (below detection limit),1
22,2026-03-24,small,4,6.13847612422765,-0.000981311976400387,-5.59040786987153e-05,0.997117451306665,0.995372267615769,0.625858215159243,Positiv & Signifikant (OK),Accepted: low flux (below detection limit),1
23,2026-03-24,small,4,10.1574303170838,-0.00100930889895781,2.94846015511428e-06,0.999184279197503,0.998046357510685,0.0192554088518437,Positiv & Signifikant (OK),Accepted: low flux (below detection limit),1
24,2026-03-24,small,4,7.35809448152986,-0.00152485607611752,-8.08126349689303e-05,0.99784955403034,0.878309628109979,0.54095178152017,Positiv & Signifikant (OK),Accepted: low flux (below detection limit),1
25,2026-03-24,small,3,7.0413047072194,-0.0009187434772376,2.57795258965086e-05,0.98466723258341,0.058566538358892,0.0833301293775514,Positiv & Signifikant (OK),Accepted: low flux (below detection limit),1
26,2026-03-24,small,4,5.97390403599084,-0.00123522892533189,-4.55509779793342e-06,0.998740744097765,0.984309676221924,0.00367536919601785,Positiv & Signifikant (OK),Accepted: low flux (below detection limit),1
27,2026-03-24,small,4,8.48310847713292,-0.00136555036332426,4.02505312062594e-05,0.999191511442992,0.999439452901811,0.124663099306964,Positiv & Signifikant (OK),Accepted: low flux (below detection limit),1
28,2026-03-24,small,4,6.48790751828352,-0.00113709311215078,1.24525399306664e-05,0.999883258749581,0.998928788550644,0.096638402718428,Positiv & Signifikant (OK),Accepted: low flux (below detection limit),1
29,2026-03-24,small,4,9.83697198441585,-0.00106675472720754,3.60300115654793e-06,0.999727358982793,0.999451453281017,0.00213211500363665,Positiv & Signifikant (OK),Accepted: low flux (below detection limit),1
30,2026-03-24,small,4,8.42699277948271,-0.00109201402847004,-4.95394598997993e-05,0.998645707155152,0.996931445238361,0.696690870056113,Positiv & Signifikant (OK),Accepted: low flux (below detection limit),1
31,2026-03-24,small,4,11.3149707477559,-0.00115304813271149,-4.50703019442303e-05,0.999970904937653,0.971139665636706,0.290159605296802,Positiv & Signifikant (OK),Accepted: low flux (below detection limit),1
32,2026-03-24,small,4,8.87687895174903,-0.00101000654534703,-4.60470606466707e-05,0.999772411017063,0.99470757086522,0.407182157984445,Positiv & Signifikant (OK),Accepted: low flux (below detection limit),1
1,2026-03-31,small,4,2.19446166777603,-0.00160870473520374,5.58518853597337e-05,0.998636212461406,0.962274004367972,0.989929772809471,Positiv & Signifikant (OK),Accepted: low flux (below detection limit),1
2,2026-03-31,small,4,3.24560717871734,-0.000811208302043613,-5.92244341699329e-05,0.999346948559699,0.987781736664744,0.841357447030283,Positiv & Signifikant (OK),Accepted: low flux (below detection limit),1
3,2026-03-31,small,4,3.5877531067818,-0.00163547124291881,-3.34154772984515e-06,0.994326295897115,0.997146346273142,0.014253521731129,Positiv & Signifikant (OK),Accepted: low flux (below detection limit),1
4,2026-03-31,small,4,4.07807737561452,-0.00102684136551454,-4.56456172431518e-05,0.998580199110087,0.993702527942237,0.880127680859328,Positiv & Signifikant (OK),Accepted: low flux (below detection limit),1
5,2026-03-31,small,4,2.79160866272343,-0.00100658579989336,4.05557997353585e-05,0.99984182365838,0.977619883561502,0.31347716368432,Positiv & Signifikant (OK),Accepted: low flux (below detection limit),1
6,2026-03-31,small,4,2.43333317208901,-0.000678317756488149,-1.07989732926686e-05,0.992757701777256,0.758462247687183,0.143255995284997,Positiv & Signifikant (OK),Accepted: low flux (below detection limit),1
7,2026-03-31,small,4,2.79073282627706,-0.001980672640407,3.4921293659352e-05,0.997171537103775,0.996980295762554,0.150207457354845,Positiv & Signifikant (OK),Accepted: low flux (below detection limit),1
8,2026-03-31,small,4,3.46883495738809,-0.000570861031779216,4.7267589869718e-05,0.996749459642073,0.985984241586641,0.552530738004876,Positiv & Signifikant (OK),Accepted: low flux (below detection limit),1
9,2026-03-31,small,4,2.26342790807252,-0.000627053469267759,-3.15619869933255e-06,0.998622776224198,0.997129677604454,0.0091587835364111,Positiv & Signifikant (OK),Accepted: low flux (below detection limit),1
10,2026-03-31,small,4,3.64925741910066,-0.000458188895240173,-5.33708438461767e-05,0.999759753165894,0.999235485962048,0.397202455367002,Positiv & Signifikant (OK),Accepted: low flux (below detection limit),1
11,2026-03-31,small,4,2.76397476093805,-0.000563209866968583,-3.10167354412887e-05,0.995258949926822,0.982914203328552,0.165416783169138,Positiv & Signifikant (OK),Accepted: low flux (below detection limit),1
12,2026-03-31,small,4,3.20732345602787,-0.000308854203998219,-1.04672724346209e-05,0.998839135134078,0.994031085814862,0.0185749437058578,Positiv & Signifikant (OK),Accepted: low flux (below detection limit),1
13,2026-03-31,small,4,2.41861385640942,-0.000350954819917807,-1.50697806587975e-05,0.997666032858848,0.974201376283896,0.0566042641098784,Positiv & Signifikant (OK),Accepted: low flux (below detection limit),1
14,2026-03-31,small,4,2.75559919436101,-0.000103943918231401,-7.8187473806659e-05,0.999504184515521,0.236799632776952,0.961171098476654,Positiv & Signifikant (OK),Accepted: low flux (below detection limit),1
15,2026-03-31,small,4,3.07901481130502,-0.000560464642495438,-5.78016867877051e-05,0.976832028503531,0.929075915992816,0.1019772176712,Positiv & Signifikant (OK),Accepted: low flux (below detection limit),1
16,2026-03-31,small,4,3.00262297708482,-0.00072102855282396,-3.03328269699895e-06,0.999140785706083,0.8953260070983,0.000958895007423873,Positiv & Signifikant (OK),Accepted: low flux (below detection limit),1
17,2026-03-31,small,4,2.48825864047419,-0.000551511565600571,-6.42589439983233e-06,0.992849056218433,0.984705185687283,0.00780715310283307,Positiv & Signifikant (OK),Accepted: low flux (below detection limit),1
18,2026-03-31,small,4,3.25641831220089,-0.000307956811123273,-6.03213223551989e-06,0.998218551290377,0.991856339791894,0.00958541601620133,Positiv & Signifikant (OK),Accepted: low flux (below detection limit),1
19,2026-03-31,small,4,3.5096798174952,-0.00037751839431868,5.87496714937676e-06,0.999577323118536,0.994334680693762,0.0884414047457388,Positiv & Signifikant (OK),Accepted: low flux (below detection limit),1
20,2026-03-31,small,4,3.2734208548608,-0.00046190501483977,-2.48043640783087e-05,0.990314424494363,0.986802860940392,0.782396321653063,Positiv & Signifikant (OK),Accepted: low flux (below detection limit),1
21,2026-03-31,small,4,3.56450741479205,-0.000285455772921737,2.0733048423781e-05,0.999831039160104,0.955514031138103,0.0706904866301998,Positiv & Signifikant (OK),Accepted: low flux (below detection limit),1
22,2026-03-31,small,4,2.91332997439829,-0.000630451272613925,1.71503759099894e-05,0.997581746709432,0.995998595197295,0.136505030905345,Positiv & Signifikant (OK),Accepted: low flux (below detection limit),1
23,2026-03-31,small,4,3.41557476247344,-0.000351201096784006,-5.83039109219875e-05,0.985726937227174,0.889798669828944,0.813572903046975,Positiv & Signifikant (OK),Accepted: low flux (below detection limit),1
24,2026-03-31,small,4,2.98068114671773,-0.000476685256978432,-1.5805748152914e-05,0.995688315724753,0.979208240507794,0.0738101790912713,Positiv & Signifikant (OK),Accepted: low flux (below detection limit),1
25,2026-03-31,small,4,2.31162583923493,-0.000339540233947538,3.95948854070602e-05,0.975591881741927,0.963038279942875,0.396192859169508,Positiv & Signifikant (OK),Accepted: low flux (below detection limit),1
26,2026-03-31,small,4,1.72234079270936,-0.000410972228087569,9.74177474057747e-06,0.967837277171962,0.886535759313689,0.011075897304828,Positiv & Signifikant (OK),Accepted: low flux (below detection limit),1
27,2026-03-31,small,4,2.61492696785121,-0.000364415842475096,-3.09365550739138e-05,0.996565876836404,0.968049420844929,0.265664178387803,Positiv & Signifikant (OK),Accepted: low flux (below detection limit),1
28,2026-03-31,small,4,3.48953938766126,-0.000497631392173374,-3.26341255939315e-05,0.999216576687076,0.989406970769266,0.595700891201666,Positiv & Signifikant (OK),Accepted: low flux (below detection limit),1
29,2026-03-31,small,4,4.74154036728031,-0.000223135988597295,-1.47265376033139e-05,0.993164585301078,0.814148363917599,0.159549349813112,Positiv & Signifikant (OK),Accepted: low flux (below detection limit),1
30,2026-03-31,small,4,4.1027500060047,-0.000582993201852521,-1.14095669740805e-05,0.99734569058405,0.999893580154352,0.0587130013158976,Positiv & Signifikant (OK),Accepted: low flux (below detection limit),1
31,2026-03-31,small,4,5.12303185055333,-0.000763537743112417,2.07073702389227e-05,0.99953655890349,0.998534060939226,0.241805043140363,Positiv & Signifikant (OK),Accepted: low flux (below detection limit),1
32,2026-03-31,small,4,2.37811191900419,-0.00041081341008805,-5.18935714249893e-05,0.996050645025863,0.968651190709575,0.231648370920922,Positiv & Signifikant (OK),Accepted: low flux (below detection limit),1
1,2026-04-08,small,4,5.15814516312646,-0.00120444402008996,1.17148781400324e-05,0.999445611798834,0.998362147515174,0.168581333875385,Positiv & Signifikant (OK),Accepted: low flux (below detection limit),1
2,2026-04-08,small,4,5.52347166605501,-0.00124339681213169,-1.16353102824247e-05,0.998468693050314,0.999213110579211,0.447883754806639,Positiv & Signifikant (OK),Accepted: low flux (below detection limit),1
3,2026-04-08,small,4,7.28720655880035,-0.00139463809007695,-8.28776550047361e-05,0.997787276318954,0.991601856083588,0.917659676416184,Positiv & Signifikant (OK),Accepted: low flux (below detection limit),1
4,2026-04-08,small,4,8.29766241258196,-0.00171345302055962,-3.97489242389476e-05,0.999570568945288,0.991338451803571,0.629124237555281,Positiv & Signifikant (OK),Accepted: low flux (below detection limit),1
5,2026-04-08,small,4,10.0175878083928,-0.00141449779505809,-0.00013044572608955,0.999077528194494,0.999668690180135,0.87298605196712,Positiv & Signifikant (OK),Accepted: low flux (below detection limit),1
6,2026-04-08,small,4,8.8274373273405,-0.00172380423801615,-0.000124679196738286,0.999229609951934,0.999346375330498,0.924986931288691,Positiv & Signifikant (OK),Accepted: low flux (below detection limit),1
7,2026-04-08,small,4,11.0754073452534,-0.00126038779144508,-0.000100759102609673,0.992589132515752,0.999460405852546,0.755648627943547,Positiv & Signifikant (OK),Accepted: low flux (below detection limit),1
8,2026-04-08,small,4,7.55617386499696,-0.00123298238745555,-8.14341683693004e-05,0.997133093588805,0.975553054399422,0.998181210733831,Positiv & Signifikant (OK),Accepted: low flux (below detection limit),1
9,2026-04-08,small,4,5.66786966619482,-0.00115102623328788,2.96809783507243e-05,0.99522111732285,0.958406849406795,0.103868283048145,Positiv & Signifikant (OK),Accepted: low flux (below detection limit),1
10,2026-04-08,small,4,3.9467353236367,-0.000540941626546036,-5.12224997584184e-05,0.997018688600201,0.999796941359948,0.584825263472646,Positiv & Signifikant (OK),Accepted: low flux (below detection limit),1
11,2026-04-08,small,4,2.94688425174922,-0.00024708837368597,-5.16365996354415e-05,0.970033732007064,0.823308448051534,0.264251945170179,Positiv & Signifikant (OK),Accepted: low flux (below detection limit),1
12,2026-04-08,small,4,5.41259698161466,-0.000617467943787668,-1.49373509292579e-05,0.999206770387749,0.995726478022558,0.0678665044892876,Positiv & Signifikant (OK),Accepted: low flux (below detection limit),1
13,2026-04-08,small,4,3.81552066583637,-0.00105575900842421,-2.08809991099602e-05,0.981969554500078,0.168319277038978,0.0722355966535556,Positiv & Signifikant (OK),Accepted: low flux (below detection limit),1
14,2026-04-08,small,4,7.34143485242747,-0.00164881156230907,-3.06219521813566e-05,0.999564170395539,0.881125047790249,0.133811514276521,Positiv & Signifikant (OK),Accepted: low flux (below detection limit),1
15,2026-04-08,small,4,8.34826666484323,-0.000877687451473405,-9.2119020931612e-05,0.998411017013619,0.994234589975976,0.656323408592221,Positiv & Signifikant (OK),Accepted: low flux (below detection limit),1
16,2026-04-08,small,4,9.2602277085495,-0.0012037895070546,-0.000120432577902694,0.998740202837501,0.961259519518331,0.899692994245363,Positiv & Signifikant (OK),Accepted: low flux (below detection limit),1
17,2026-04-08,small,4,5.93995115226953,-0.000569439574751636,-6.68717052807511e-05,0.998999522590212,0.955333210447562,0.695732454221936,Positiv & Signifikant (OK),Accepted: low flux (below detection limit),1
18,2026-04-08,small,3,6.21561761959596,-0.000735321503802842,-4.06308822487244e-05,0.99814170770767,0.992577634857098,0.994693584134429,Positiv & Signifikant (OK),Accepted: low flux (below detection limit),1
19,2026-04-08,small,4,8.65725923806019,-0.000787500832386102,-7.1049014202598e-05,0.998421341256435,0.996093593919278,0.397347108544146,Positiv & Signifikant (OK),Accepted: low flux (below detection limit),1
20,2026-04-08,small,4,8.8735325242441,-0.00116892650180556,-9.77899309398479e-05,0.998815194900889,0.99736273081424,0.957301622206244,Positiv & Signifikant (OK),Accepted: low flux (below detection limit),1
21,2026-04-08,small,4,10.1591219070394,-0.00131735576377934,-0.000189311393045009,0.99650782435268,0.970431088973984,0.914330701641012,Positiv & Signifikant (OK),Accepted: low flux (below detection limit),1
22,2026-04-08,small,4,9.17267852382333,-0.000932231352472376,-1.93094181847267e-06,0.998784521397297,0.995271449068755,0.00025648181683493,Positiv & Signifikant (OK),Accepted: low flux (below detection limit),1
23,2026-04-08,small,4,11.2258818828109,-0.00127382526275645,-6.62204849921736e-05,0.998764342322254,0.968002953421938,0.929142598081918,Positiv & Signifikant (OK),Accepted: low flux (below detection limit),1
24,2026-04-08,small,4,9.86975116653923,-0.00216422052451115,2.73480525137659e-05,0.999732382073879,0.874456255155971,0.0894341522180857,Positiv & Signifikant (OK),Accepted: low flux (below detection limit),1
25,2026-04-08,small,4,4.01367183429887,-0.00132508290918705,4.21949365539785e-05,0.968667572803513,0.133016837390588,0.610713619632876,Positiv & Signifikant (OK),Accepted: low flux (below detection limit),1
26,2026-04-08,small,4,7.24831155581949,-0.000996990333622767,-6.67766678836211e-05,0.999621219201431,0.988960161675252,0.874571113845568,Positiv & Signifikant (OK),Accepted: low flux (below detection limit),1
27,2026-04-08,small,4,7.13471645698478,-0.000833055488698598,4.43850813136377e-05,0.999853083379746,0.999027769033731,0.243754212805718,Positiv & Signifikant (OK),Accepted: low flux (below detection limit),1
28,2026-04-08,small,4,7.50586082710474,-0.0010387173445708,-8.11228993587918e-05,0.999931724422388,0.999122663470376,0.691051723952223,Positiv & Signifikant (OK),Accepted: low flux (below detection limit),1
29,2026-04-08,small,4,9.93144180168168,-0.000979314128575416,-3.78193112839193e-05,0.99646881790002,0.998947818649512,0.404939438225478,Positiv & Signifikant (OK),Accepted: low flux (below detection limit),1
30,2026-04-08,small,4,11.4832127368958,-0.00136669050146893,2.2761147457098e-05,0.997978805675852,0.999201036300572,0.195323962569311,Positiv & Signifikant (OK),Accepted: low flux (below detection limit),1
31,2026-04-08,small,4,12.6290723997985,-0.00267260193197014,-4.50207963108784e-05,0.999837912167353,0.211748639202419,0.220744886133496,Positiv & Signifikant (OK),Accepted: low flux (below detection limit),1
32,2026-04-08,small,4,12.9197411911022,-0.00172683370064414,-4.48892161364594e-05,0.998960479246966,0.979874755879697,0.289567172926963,Positiv & Signifikant (OK),Accepted: low flux (below detection limit),1
1,2026-04-14,small,4,2.26888882233639,-0.00125627929340324,-2.78668926079024e-05,0.990826589533637,0.927444864910652,0.155125660528738,Positiv & Signifikant (OK),Accepted: low flux (below detection limit),1
2,2026-04-14,small,4,3.35748145397031,-0.00174924335153352,1.71562251725979e-05,0.997737022595091,0.994557680480482,0.319504655335166,Positiv & Signifikant (OK),Accepted: low flux (below detection limit),1
3,2026-04-14,small,4,4.32357638561088,-0.00123898410139182,2.30388751714471e-05,0.999231808488925,0.996505800885933,0.682745038623652,Positiv & Signifikant (OK),Accepted: low flux (below detection limit),1
4,2026-04-14,small,4,3.14362789879455,-0.00150084162312089,-7.4820354923083e-05,0.997552507235598,0.994555807560533,0.722227874083989,Positiv & Signifikant (OK),Accepted: low flux (below detection limit),1
5,2026-04-14,small,4,4.06763753942467,-0.00283178394043521,4.03007606235898e-05,0.995871808463686,0.996758657263759,0.489545289563988,Positiv & Signifikant (OK),Accepted: low flux (below detection limit),1
6,2026-04-14,small,4,4.08755230260724,-0.00177008336446563,-4.95870029497434e-05,0.991191829930997,0.967545056462262,0.23379247200089,Positiv & Signifikant (OK),Accepted: low flux (below detection limit),1
7,2026-04-14,small,4,4.10513917574042,-0.00144546816532811,4.94084842680558e-05,0.996112906266818,0.986279208922632,0.690853723166292,Positiv & Signifikant (OK),Accepted: low flux (below detection limit),1
8,2026-04-14,small,4,2.79042798093545,-0.00128159654608513,-7.04847231214753e-05,0.983812263401296,0.999551124622334,0.34289583656508,Positiv & Signifikant (OK),Accepted: low flux (below detection limit),1
9,2026-04-14,small,4,4.62236629966019,-0.000673084514555878,2.40305728732313e-05,0.993681308830735,0.995441617109121,0.0862910108528554,Positiv & Signifikant (OK),Accepted: low flux (below detection limit),1
10,2026-04-14,small,4,3.79245812652679,-0.000863921726611273,-1.82694862795463e-05,0.999586086358372,0.998756704469797,0.350010396326624,Positiv & Signifikant (OK),Accepted: low flux (below detection limit),1
11,2026-04-14,small,4,4.40188161859333,-0.000519304953947558,-7.75960026763636e-07,0.99840954503057,0.9985319607677,0.000337155355273889,Positiv & Signifikant (OK),Accepted: low flux (below detection limit),1
12,2026-04-14,small,4,5.2525087412536,-0.000911638588607516,9.94382672958133e-05,0.995963037992291,0.998652729767287,0.550203426111387,Positiv & Signifikant (OK),Accepted: low flux (below detection limit),1
13,2026-04-14,small,4,3.52671858688578,-0.000320226059109968,-8.54123088790948e-05,0.996211767987202,0.986549660209103,0.832428982458064,Positiv & Signifikant (OK),Accepted: low flux (below detection limit),1
14,2026-04-14,small,4,4.47827630627025,-0.00083215332286189,-2.12517351776761e-05,0.998774953174972,0.99618169186457,0.25471531849877,Positiv & Signifikant (OK),Accepted: low flux (below detection limit),1
15,2026-04-14,small,4,4.5459476942769,-0.000393302932848991,2.70236317771034e-05,0.996534089141516,0.996058659891804,0.139136862610774,Positiv & Signifikant (OK),Accepted: low flux (below detection limit),1
16,2026-04-14,small,4,5.089599984841,-0.000920330628783154,-0.000143495403566267,0.993815187658858,0.839635769291191,0.446914542139028,Positiv & Signifikant (OK),Accepted: low flux (below detection limit),1
17,2026-04-14,small,4,3.20872891269953,-0.000445199853975503,0.000115942454294814,0.99617079328992,0.970479042885005,0.704437293433965,Positiv & Signifikant (OK),Accepted: low flux (below detection limit),1
18,2026-04-14,small,4,3.76038027860099,-0.000798752110401467,1.12367789802047e-05,0.988696552718336,0.994020928074229,0.016432368915869,Positiv & Signifikant (OK),Accepted: low flux (below detection limit),1
19,2026-04-14,small,4,3.30629086574935,-0.000367437258626954,-7.52516537432991e-06,0.977605839216914,0.9913653506682,0.00685876758973484,Positiv & Signifikant (OK),Accepted: low flux (below detection limit),1
20,2026-04-14,small,4,2.94081541809682,-0.000447939729158361,-5.32086888382352e-05,0.999299780635995,0.983872460119153,0.550710458870112,Positiv & Signifikant (OK),Accepted: low flux (below detection limit),1
21,2026-04-14,small,4,4.00848345633258,-0.000458026050806347,7.20540404225538e-06,0.994479023983498,0.998717667036785,0.0193963010644183,Positiv & Signifikant (OK),Accepted: low flux (below detection limit),1
22,2026-04-14,small,4,4.03308474537317,-0.000676925480563238,-3.28436997956637e-06,0.999270429498104,0.972734413902595,0.0429536901748122,Positiv & Signifikant (OK),Accepted: low flux (below detection limit),1
23,2026-04-14,small,4,3.54947754853942,-0.000379007436116998,-8.10399566213317e-05,0.998516042175267,0.987393346002579,0.905972626823869,Positiv & Signifikant (OK),Accepted: low flux (below detection limit),1
24,2026-04-14,small,4,5.18946811336852,-0.000783676726046631,4.47115601709552e-05,0.996814354583334,0.999215056190999,0.351399657186715,Positiv & Signifikant (OK),Accepted: low flux (below detection limit),1
25,2026-04-14,small,4,3.31954184297333,-0.000482758259410975,1.91442767080319e-05,0.970977261861366,0.844287565117123,0.0354458997437024,Positiv & Signifikant (OK),Accepted: low flux (below detection limit),1
26,2026-04-14,small,4,2.95340139139674,-0.000637817868652789,-1.41450633898422e-05,0.990977448504696,0.999511465106057,0.287256930839657,Positiv & Signifikant (OK),Accepted: low flux (below detection limit),1
27,2026-04-14,small,4,3.13319501907033,-0.000592250674518702,4.13703994869038e-05,0.992957555332657,0.979539524876763,0.291340959136908,Positiv & Signifikant (OK),Accepted: low flux (below detection limit),1
28,2026-04-14,small,4,3.72265430826419,-0.000523732317403689,-7.19562459539176e-05,0.996946166587105,0.990979340210596,0.767590718717166,Positiv & Signifikant (OK),Accepted: low flux (below detection limit),1
29,2026-04-14,small,4,3.88322784084919,-0.000431457766763735,-3.8153106055878e-05,0.999158360635743,0.923795875221974,0.074818069630414,Positiv & Signifikant (OK),Accepted: low flux (below detection limit),1
30,2026-04-14,small,4,3.79006945108746,-0.000530250750351814,-3.21680382250406e-05,0.984250994996936,0.984921763675492,0.237110217098004,Positiv & Signifikant (OK),Accepted: low flux (below detection limit),1
31,2026-04-14,small,4,4.50991715206201,-0.000456358859169379,-8.34247029082955e-06,0.999396434106357,0.996018601110216,0.0141688236608857,Positiv & Signifikant (OK),Accepted: low flux (below detection limit),1
32,2026-04-14,small,4,3.99917110678938,-0.000745180188943807,-0.000110416182319984,0.995795715748663,0.995937828476055,0.964775867023154,Positiv & Signifikant (OK),Accepted: low flux (below detection limit),1
1,2026-04-16,small,4,2.62042833845826,-0.00137080099397612,-6.7265141352115e-05,0.99766894050233,0.977467374567761,0.48557008930458,Positiv & Signifikant (OK),Accepted: low flux (below detection limit),1
2,2026-04-16,small,4,3.41872622768833,-0.00184477172477981,4.85311050040491e-05,0.997636550459076,0.986185384286774,0.500730051993287,Positiv & Signifikant (OK),Accepted: low flux (below detection limit),1
3,2026-04-16,small,4,5.22662517502987,-0.00103120740992487,-0.000100858813402628,0.998994572744681,0.997479211288579,0.891661762645557,Positiv & Signifikant (OK),Accepted: low flux (below detection limit),1
4,2026-04-16,small,4,4.66732737494159,-0.00226394854130264,-1.4885523322352e-05,0.992856760785404,0.811331621425227,0.909560185280208,Positiv & Signifikant (OK),Accepted: low flux (below detection limit),1
5,2026-04-16,small,4,4.6800849979505,-0.00195808149988365,4.13850006178634e-06,0.996402524035922,0.989665457804269,0.00205043507276622,Positiv & Signifikant (OK),Accepted: low flux (below detection limit),1
6,2026-04-16,small,4,4.28142881374333,-0.00260886207296463,-4.06620255146587e-05,0.992395762051352,0.954760744828197,0.420204770546028,Positiv & Signifikant (OK),Accepted: low flux (below detection limit),1
7,2026-04-16,small,4,5.25197944182841,-0.0011242331710345,-1.56374844038791e-05,0.999876921136149,0.90309587999933,0.0638374637358772,Positiv & Signifikant (OK),Accepted: low flux (below detection limit),1
8,2026-04-16,small,4,3.94996834546031,-0.000970821729519817,-6.97946492143729e-05,0.999137671170356,0.897666964706737,0.620694563201305,Positiv & Signifikant (OK),Accepted: low flux (below detection limit),1
9,2026-04-16,small,4,5.17828422416565,-0.00115331371062001,-4.14528948517173e-05,0.999566917321093,0.968729934222873,0.55059466381114,Positiv & Signifikant (OK),Accepted: low flux (below detection limit),1
10,2026-04-16,small,4,3.87362686554488,-0.000924390854885443,5.64804451090417e-05,0.99974184870266,0.998410478481477,0.496999051673338,Positiv & Signifikant (OK),Accepted: low flux (below detection limit),1
11,2026-04-16,small,4,4.99199039325765,-0.000765586792464141,-2.37397385467723e-05,0.997984529303533,0.997455941437356,0.124399533061136,Positiv & Signifikant (OK),Accepted: low flux (below detection limit),1
12,2026-04-16,small,4,4.45635478191401,-0.00126886678549663,9.89849178162093e-06,0.999838126806061,0.999910209654103,0.0375151501963467,Positiv & Signifikant (OK),Accepted: low flux (below detection limit),1
13,2026-04-16,small,4,3.98475064779396,-0.00065733453038892,-0.000158959041787175,0.99596239501996,0.883285897538864,0.965230497317523,Positiv & Signifikant (OK),Accepted: low flux (below detection limit),1
14,2026-04-16,small,4,4.38144336322543,-0.00158917031446263,2.09052546592204e-05,0.999081258301149,0.891323419150747,0.503241142012612,Positiv & Signifikant (OK),Accepted: low flux (below detection limit),1
15,2026-04-16,small,4,4.84924550507864,-0.000882956386596733,-8.64484225107452e-05,0.999513463555879,0.96884642807603,0.487736281372694,Positiv & Signifikant (OK),Accepted: low flux (below detection limit),1
16,2026-04-16,small,4,5.46496028587917,-0.000621165715968945,-0.000833272698000273,0.999755416162777,0.983294916099093,0.80227733869034,Positiv & Signifikant (OK),Rejected: N2O R² ≤ 0.9,0
17,2026-04-16,small,4,4.09942894650657,-0.000677902197458288,0.00032737846818604,0.998103969202533,0.994924499766013,0.699326335021794,Positiv & Signifikant (OK),Rejected: N2O R² ≤ 0.9,0
18,2026-04-16,small,4,3.96092535987769,-0.000749870700010348,-1.31803973039938e-05,0.998699130468298,0.999656429133712,0.0104761138879686,Positiv & Signifikant (OK),Accepted: low flux (below detection limit),1
19,2026-04-16,small,4,6.2126078350687,-0.000831891445949349,-0.000117372270025183,0.999174784397213,0.997976004163042,0.940903769714186,Positiv & Signifikant (OK),Accepted: low flux (below detection limit),1
20,2026-04-16,small,4,5.20722233842692,-0.00132635922389344,-5.76181715129573e-05,0.998950838350194,0.995950326878859,0.559209588004119,Positiv & Signifikant (OK),Accepted: low flux (below detection limit),1
21,2026-04-16,small,4,5.63832886508979,-0.00162059614354442,-7.30991713575875e-05,0.995652167830229,0.771173729508255,0.237005447100853,Positiv & Signifikant (OK),Accepted: low flux (below detection limit),1
22,2026-04-16,small,4,6.27604582810788,-0.00165040274352661,-8.07729349574642e-05,0.997358395642315,0.973753301259554,0.991249913530139,Positiv & Signifikant (OK),Accepted: low flux (below detection limit),1
23,2026-04-16,small,4,6.82499424257594,-0.00244798011252408,-1.81591767512907e-05,0.999989672410294,0.935499341719039,0.0683100596321224,Positiv & Signifikant (OK),Accepted: low flux (below detection limit),1
24,2026-04-16,small,4,5.59952720832517,-0.00270099142698493,-7.93189448899657e-05,0.999895191682221,0.863751472580109,0.834813858434391,Positiv & Signifikant (OK),Accepted: low flux (below detection limit),1
25,2026-04-16,small,4,4.83897888120549,-0.00113297193007268,5.561838155949e-07,0.997223262314795,0.334871160235263,5.7699534359589e-05,Positiv & Signifikant (OK),Accepted: low flux (below detection limit),1
26,2026-04-16,small,4,4.46054057055858,-0.000833213704724758,3.64612460727955e-05,0.998537648523862,0.976274313038046,0.174437888145262,Positiv & Signifikant (OK),Accepted: low flux (below detection limit),1
27,2026-04-16,small,4,2.55130927912722,-0.000828629340985507,1.944620614076e-05,0.953782325534688,0.931499282489915,0.0661885576671362,Positiv & Signifikant (OK),Accepted: low flux (below detection limit),1
28,2026-04-16,small,4,4.20854959462978,-0.00120011093001654,-8.53765030485619e-05,0.998168910321656,0.994884154390178,0.483850147113257,Positiv & Signifikant (OK),Accepted: low flux (below detection limit),1
29,2026-04-16,small,4,6.32645681457398,-0.000711932660242272,4.43465779872571e-05,0.997762561761256,0.975617003462481,0.293139924915376,Positiv & Signifikant (OK),Accepted: low flux (below detection limit),1
30,2026-04-16,small,4,5.83457794549693,-0.000939477930771391,-5.84192655445405e-05,0.999869846399137,0.992454091392173,0.553141677227691,Positiv & Signifikant (OK),Accepted: low flux (below detection limit),1
31,2026-04-16,small,4,6.64828569994836,-0.001038795362182,-1.41714830003376e-05,0.999788049859777,0.686982489787185,0.0405261777871139,Positiv & Signifikant (OK),Accepted: low flux (below detection limit),1
32,2026-04-16,small,4,5.01007468755419,-0.00115126304179133,-1.61364511846588e-05,0.999925411297811,0.94089561068123,0.0721179576842027,Positiv & Signifikant (OK),Accepted: low flux (below detection limit),1
1,2026-04-20,small,4,2.45919331712019,-0.00143141186876402,-7.7683940334884e-05,0.953582960839416,0.9473361712637,0.701796067587733,Positiv & Signifikant (OK),Accepted: low flux (below detection limit),1
2,2026-04-20,small,4,4.18634444102118,-0.00229875353254428,7.6137444614909e-06,0.998045782684526,0.983255394666318,0.0682379270890349,Positiv & Signifikant (OK),Accepted: low flux (below detection limit),1
3,2026-04-20,small,4,2.9795685671103,-0.00167831076580281,-5.01635060481929e-05,0.992143826191876,0.992214907650724,0.746407264396006,Positiv & Signifikant (OK),Accepted: low flux (below detection limit),1
4,2026-04-20,small,4,1.45706032972634,-0.00118896960004287,-8.23497259217919e-07,0.893548904302897,0.89896593133107,0.0023988689458213,Positiv & Rauschen,Rejected: CO2 R² ≤ 0.9,0
5,2026-04-20,small,4,4.95313532057555,-0.00263224905097563,-9.2191752525343e-05,0.991144977952742,0.989112159528011,0.593811183909351,Positiv & Signifikant (OK),Accepted: low flux (below detection limit),1
6,2026-04-20,small,4,3.97070300763148,-0.00238310784337375,-2.99733377770702e-05,0.998938442872793,0.998095425836348,0.0688982135161414,Positiv & Signifikant (OK),Accepted: low flux (below detection limit),1
7,2026-04-20,small,4,4.80886488054655,-0.00187361795849826,-9.00312459157519e-05,0.995043989705742,0.980982962752392,0.946239621276026,Positiv & Signifikant (OK),Accepted: low flux (below detection limit),1
8,2026-04-20,small,4,4.7703546571823,-0.003376808699055,-1.2587146156229e-05,0.995258931552284,0.994773538538936,0.0726400010889047,Positiv & Signifikant (OK),Accepted: low flux (below detection limit),1
9,2026-04-20,small,4,3.01905550874855,-0.000460206780262725,-2.82984871684531e-05,0.995300101366517,0.978943668762411,0.0676004301685857,Positiv & Signifikant (OK),Accepted: low flux (below detection limit),1
10,2026-04-20,small,4,2.73318104902268,-0.000595153614446516,4.6309965434665e-06,0.993599227602655,0.990796090152109,0.0551537003042072,Positiv & Signifikant (OK),Accepted: low flux (below detection limit),1
11,2026-04-20,small,4,4.1179885421105,-0.000613607285654088,-2.19061975190291e-05,0.999750022420426,0.999323396441528,0.139201654209679,Positiv & Signifikant (OK),Accepted: low flux (below detection limit),1
12,2026-04-20,small,4,4.95669089464684,-0.00137356300785656,-6.84332629636713e-06,0.999716960310458,0.998779745392422,0.00634301312357268,Positiv & Signifikant (OK),Accepted: low flux (below detection limit),1
13,2026-04-20,small,4,4.84556041053948,-0.000589336387839442,-2.33501614443817e-05,0.998769413941066,0.996161435631302,0.164230728605372,Positiv & Signifikant (OK),Accepted: low flux (below detection limit),1
14,2026-04-20,small,4,5.03044152149486,-0.000970296803161097,-8.68598710880169e-05,0.998024417224323,0.996685270286097,0.455306497195749,Positiv & Signifikant (OK),Accepted: low flux (below detection limit),1
15,2026-04-20,small,4,5.38584310026366,-0.000926891155430463,1.59227589833897e-05,0.999472475792917,0.988973705281895,0.0420820943214082,Positiv & Signifikant (OK),Accepted: low flux (below detection limit),1
16,2026-04-20,small,4,6.28997833429518,-0.00117181913612667,-0.000150414744037585,0.999656274157669,0.985746558651626,0.855679144143431,Positiv & Signifikant (OK),Accepted: low flux (below detection limit),1
17,2026-04-20,small,4,2.96584590962881,-0.000525942648369232,6.23217739402394e-05,0.993510781870385,0.987506506050706,0.742071839239249,Positiv & Signifikant (OK),Accepted: low flux (below detection limit),1
18,2026-04-20,small,4,3.68322060955939,-0.000774246107367589,3.44130945134879e-05,0.997376787907565,0.997468079388155,0.167305388041196,Positiv & Signifikant (OK),Accepted: low flux (below detection limit),1
19,2026-04-20,small,4,4.07582455700768,-0.000590674113820973,8.67351076873929e-06,0.99240999141324,0.994032257549598,0.03545295814428,Positiv & Signifikant (OK),Accepted: low flux (below detection limit),1
20,2026-04-20,small,4,4.21258107364261,-0.000797163723605152,-2.91159201333065e-05,0.978119006142713,0.959846894278933,0.290734808200764,Positiv & Signifikant (OK),Accepted: low flux (below detection limit),1
21,2026-04-20,small,4,5.57757755310357,-0.000705733054967857,-9.45265470702409e-05,0.998093822156335,0.998666638531949,0.951634724064732,Positiv & Signifikant (OK),Accepted: low flux (below detection limit),1
22,2026-04-20,small,4,6.91897445342662,-0.00119618880357457,-6.50946075346355e-05,0.998837133530911,0.977368834075131,0.726406727385688,Positiv & Signifikant (OK),Accepted: low flux (below detection limit),1
23,2026-04-20,small,4,6.29739445737918,-0.000861967311781141,-0.00010117690981666,0.996529959057231,0.985300565162588,0.885977327984026,Positiv & Signifikant (OK),Accepted: low flux (below detection limit),1
24,2026-04-20,small,4,7.1558453560933,-0.00112968450136844,-5.86047232759736e-05,0.999995966181784,0.999340955635006,0.372738365363508,Positiv & Signifikant (OK),Accepted: low flux (below detection limit),1
25,2026-04-20,small,4,1.36111954911045,-0.000326492279041469,-3.37403424468119e-05,0.905061326515321,0.736233510793384,0.0983015395589687,Positiv & Signifikant (OK),Accepted: low flux (below detection limit),1
26,2026-04-20,small,4,2.47778785138801,-0.000538495556164941,-8.99460241737619e-06,0.991399561459356,0.997721438515449,0.0173030794070275,Positiv & Signifikant (OK),Accepted: low flux (below detection limit),1
27,2026-04-20,small,4,5.56239580551496,-0.00120919360366279,-9.25816115087356e-05,0.997952248715441,0.997487076286041,0.655007530395255,Positiv & Signifikant (OK),Accepted: low flux (below detection limit),1
28,2026-04-20,small,4,5.84628595101412,-0.00112714059128981,2.42005617597129e-05,0.998561749550713,0.99318802778249,0.167346761587388,Positiv & Signifikant (OK),Accepted: low flux (below detection limit),1
29,2026-04-20,small,4,5.30818759435727,-0.00063247371244572,-4.57921163243699e-05,0.999416057844022,0.915982445288543,0.611489122449484,Positiv & Signifikant (OK),Accepted: low flux (below detection limit),1
30,2026-04-20,small,4,5.82801383918485,-0.000951341351988128,-0.000118211470327221,0.996380528748933,0.99101613303305,0.875116721186207,Positiv & Signifikant (OK),Accepted: low flux (below detection limit),1
31,2026-04-20,small,4,6.67521962921028,-0.00110259669988415,-2.47527980045235e-05,0.998088357985166,0.986660688352589,0.183421250256253,Positiv & Signifikant (OK),Accepted: low flux (below detection limit),1
32,2026-04-20,small,4,7.03294108310333,-0.00140674917231876,-6.43010561399943e-05,0.999372444792164,0.998563127117654,0.400734222490326,Positiv & Signifikant (OK),Accepted: low flux (below detection limit),1
1,2026-04-21,small,4,3.13390475698336,-0.00200861108933245,4.78057062089966e-05,0.988135701636675,0.978980559614457,0.857747338992357,Positiv & Signifikant (OK),Accepted: low flux (below detection limit),1
2,2026-04-21,small,4,4.13132880435574,-0.00267226611495765,-2.12214383228402e-05,0.999478870556317,0.999609105298779,0.150791021714388,Positiv & Signifikant (OK),Accepted: low flux (below detection limit),1
3,2026-04-21,small,4,4.63195939060709,-0.00223934240171691,3.22337262889138e-05,0.999013559914561,0.994676863463983,0.577674143660258,Positiv & Signifikant (OK),Accepted: low flux (below detection limit),1
4,2026-04-21,small,4,6.09792293087869,-0.00156628710550337,0.000194780578937017,0.993205446054334,0.986680095945702,0.961013563991689,Positiv & Signifikant (OK),Accepted: low flux (below detection limit),1
5,2026-04-21,small,4,6.9006402306838,-0.00211535579637925,8.16958388103051e-05,0.997576968764034,0.989697127909484,0.487077926266686,Positiv & Signifikant (OK),Accepted: low flux (below detection limit),1
6,2026-04-21,small,4,5.64730525312746,-0.0031115255901494,2.20227277221659e-05,0.99971368382319,0.838908058244767,0.0456601779488567,Positiv & Signifikant (OK),Accepted: low flux (below detection limit),1
7,2026-04-21,small,4,6.55862977964528,-0.00217542240567852,7.47319337030407e-05,0.999343126702548,0.998103445718775,0.729496790963325,Positiv & Signifikant (OK),Accepted: low flux (below detection limit),1
8,2026-04-21,small,4,5.55362095092078,-0.0034305286371175,0.00017649240509743,0.99920559810344,0.998225138866845,0.844147135838662,Positiv & Signifikant (OK),Accepted: low flux (below detection limit),1
9,2026-04-21,small,4,5.45478686783101,-0.00104977387580746,3.80828310615236e-05,0.999450272119959,0.980621274231793,0.360982077803222,Positiv & Signifikant (OK),Accepted: low flux (below detection limit),1
10,2026-04-21,small,4,5.67273534548503,-0.00131226064067166,1.23723939187792e-06,0.998233846271289,0.993555726209843,0.00145731326129491,Positiv & Signifikant (OK),Accepted: low flux (below detection limit),1
11,2026-04-21,small,4,5.72177778638803,-0.000730665143726867,5.92282509312767e-05,0.998427183473309,0.988626119052617,0.474938823939758,Positiv & Signifikant (OK),Accepted: low flux (below detection limit),1
12,2026-04-21,small,4,5.32263272708393,-0.00106397364726906,9.71795090366386e-05,0.997227948702282,0.994855170202443,0.822612509082166,Positiv & Signifikant (OK),Accepted: low flux (below detection limit),1
13,2026-04-21,small,4,5.30096687916041,-0.000742118243571172,9.81403788626721e-05,0.998588942308524,0.997956407091827,0.984157197156792,Positiv & Signifikant (OK),Accepted: low flux (below detection limit),1
14,2026-04-21,small,4,7.49735021729457,-0.00126386450382197,0.000105671606128901,0.999314580198601,0.959774522738763,0.970474583977401,Positiv & Signifikant (OK),Accepted: low flux (below detection limit),1
15,2026-04-21,small,4,7.81258931300608,-0.00129229000743307,7.81551241718605e-05,0.999480744539348,0.999432275882213,0.594459479677426,Positiv & Signifikant (OK),Accepted: low flux (below detection limit),1
16,2026-04-21,small,4,6.97814032812682,-0.00110302993395952,0.000279843518503093,0.995697183599357,0.992677940788624,0.973168385527283,Positiv & Signifikant (OK),Accepted: N2O R² > 0.9,1
17,2026-04-21,small,4,3.48111519500523,-0.000403644827931477,2.21430427588322e-05,0.975405837393158,0.991589143050885,0.080984145794069,Positiv & Signifikant (OK),Accepted: low flux (below detection limit),1
18,2026-04-21,small,4,5.26400774429717,-0.00118009162832194,-5.66202952941745e-05,0.998492163138247,0.998351493718679,0.175932040699526,Positiv & Signifikant (OK),Accepted: low flux (below detection limit),1
19,2026-04-21,small,4,7.78044408042094,-0.000827915263779962,0.000130018739763343,0.998007245701114,0.992558408879715,0.866951325909744,Positiv & Signifikant (OK),Accepted: low flux (below detection limit),1
20,2026-04-21,small,4,6.82724238476674,-0.000969769563364094,5.70489275435227e-06,0.996878923691367,0.982417845580033,0.00562147920755695,Positiv & Signifikant (OK),Accepted: low flux (below detection limit),1
21,2026-04-21,small,4,6.59343747602842,-0.0018587945295945,-2.21603933247143e-05,0.999422165887795,0.822095521940862,0.348053058726198,Positiv & Signifikant (OK),Accepted: low flux (below detection limit),1
22,2026-04-21,small,4,6.60647094718824,-0.000747926669091046,3.59725539145558e-05,0.997788955758542,0.979296637686656,0.38279189114491,Positiv & Signifikant (OK),Accepted: low flux (below detection limit),1
23,2026-04-21,small,4,7.7184128333724,-0.00118660581836621,4.51478935078559e-06,0.998356216845089,0.630223488959636,0.00383354071826633,Positiv & Signifikant (OK),Accepted: low flux (below detection limit),1
24,2026-04-21,small,4,8.05156606127966,-0.00181445324548433,2.71055281099805e-05,0.999922753916925,0.920452665297872,0.049980299236071,Positiv & Signifikant (OK),Accepted: low flux (below detection limit),1
25,2026-04-21,small,4,3.0709561248995,-0.000417671195947792,0.000150752830380073,0.990091839910207,0.248524583564476,0.839383630073652,Positiv & Signifikant (OK),Accepted: low flux (below detection limit),1
26,2026-04-21,small,4,7.93047846082638,-0.00152124893735095,0.000149726665233021,0.998224710729641,0.996280516281009,0.709371393767331,Positiv & Signifikant (OK),Accepted: low flux (below detection limit),1
27,2026-04-21,small,4,6.11988878345767,-0.00190789506696854,4.35547218686968e-05,0.999563082834339,0.990531491190806,0.760068241985769,Positiv & Signifikant (OK),Accepted: low flux (below detection limit),1
28,2026-04-21,small,4,6.91452963435923,-0.00125174369010137,1.47835022752461e-05,0.998268524725705,0.990860695245414,0.0605782265088524,Positiv & Signifikant (OK),Accepted: low flux (below detection limit),1
29,2026-04-21,small,4,7.59442513006303,-0.000789541918932733,2.45696951030295e-05,0.997935692331592,0.981113658634933,0.639252775258468,Positiv & Signifikant (OK),Accepted: low flux (below detection limit),1
30,2026-04-21,small,4,9.12345945466963,-0.000892055434458149,0.000164812229667306,0.997027439971872,0.99245056342329,0.799174180004028,Positiv & Signifikant (OK),Accepted: low flux (below detection limit),1
31,2026-04-21,small,4,9.3640116571381,-0.00152551700914524,0.000127088548384538,0.99996045905544,0.97224578033861,0.933152883113116,Positiv & Signifikant (OK),Accepted: low flux (below detection limit),1
1,2026-04-23,small,3,5.32852248044088,-0.00283914734279511,-7.24767599993409e-05,0.996758057385673,0.696388376773603,0.739673991322533,Positiv & Signifikant (OK),Accepted: low flux (below detection limit),1
2,2026-04-23,small,4,5.84059359177654,-0.000818058729555544,-0.000112586353007366,0.989091225931024,0.091099782567119,0.769696256961593,Positiv & Signifikant (OK),Accepted: low flux (below detection limit),1
3,2026-04-23,small,4,7.05765923193501,-0.00123860404975492,-1.05482815924616e-05,0.996615631982418,0.960586199488238,0.0105867676187518,Positiv & Signifikant (OK),Accepted: low flux (below detection limit),1
4,2026-04-23,small,4,6.39028303075944,-0.00128666937738349,8.3804428722563e-05,0.997941015918891,0.990018916780782,0.772873640582437,Positiv & Signifikant (OK),Accepted: low flux (below detection limit),1
5,2026-04-23,small,4,7.52860180612177,-0.00187248356023319,-5.79852374370935e-05,0.993508891243923,0.993551556734608,0.45942327899277,Positiv & Signifikant (OK),Accepted: low flux (below detection limit),1
6,2026-04-23,small,4,6.66989590889817,-0.00262803652107715,-0.000113996074410493,0.997985953302669,0.991296112569378,0.580462696499952,Positiv & Signifikant (OK),Accepted: low flux (below detection limit),1
7,2026-04-23,small,4,7.35261543631654,-0.00129965690151513,-0.000101441813573491,0.997304112741136,0.998923473477881,0.844877087904823,Positiv & Signifikant (OK),Accepted: low flux (below detection limit),1
8,2026-04-23,small,4,5.70249268834387,-7.12366045125514e-05,7.31157504221851e-05,0.998031349104545,0.000548375259241479,0.752464195886843,Positiv & Signifikant (OK),Accepted: low flux (below detection limit),1
9,2026-04-23,small,4,8.45915279456095,-0.000736024358688022,-4.89535009241212e-05,0.999474358347522,0.59951155707442,0.917775456673093,Positiv & Signifikant (OK),Accepted: low flux (below detection limit),1
10,2026-04-23,small,3,6.69251715755982,-0.000968779295822081,-7.92493355341831e-05,0.999709937282147,0.998555984791408,0.549911656363281,Positiv & Signifikant (OK),Accepted: low flux (below detection limit),1
11,2026-04-23,small,4,5.38549021023755,-0.000590321679137492,-8.07453201335454e-05,0.972866214448232,0.963202963844863,0.8703543891639,Positiv & Signifikant (OK),Accepted: low flux (below detection limit),1
12,2026-04-23,small,4,7.15971341048161,-0.00157450077073289,-2.92740203266373e-05,0.995257378160208,0.905780860084575,0.763092134981364,Positiv & Signifikant (OK),Accepted: low flux (below detection limit),1
13,2026-04-23,small,4,7.39918976579365,-0.000689684628545776,2.19999399598904e-05,0.985335466371521,0.929876992584132,0.334293388937244,Positiv & Signifikant (OK),Accepted: low flux (below detection limit),1
14,2026-04-23,small,4,5.6297908593309,-0.000736691042558225,-8.72264794264386e-05,0.994261373408655,0.990794490121483,0.73717942898412,Positiv & Signifikant (OK),Accepted: low flux (below detection limit),1
15,2026-04-23,small,4,6.17281797857906,-0.000735304341770326,1.89453953156089e-05,0.986154852116144,0.964870840800331,0.154606414933821,Positiv & Signifikant (OK),Accepted: low flux (below detection limit),1
16,2026-04-23,small,4,5.80768330447218,-0.000600050427067366,4.15417708853485e-06,0.99949036546327,0.986685010519523,0.00590343183477885,Positiv & Signifikant (OK),Accepted: low flux (below detection limit),1
17,2026-04-23,small,4,4.04346666723794,-0.000648963344452624,1.84210557830634e-05,0.959504743784219,0.88294910836626,0.0569982536247386,Positiv & Signifikant (OK),Accepted: low flux (below detection limit),1
18,2026-04-23,small,4,3.81432828030669,-0.000467260462708233,-2.70439970154123e-05,0.970121004700393,0.921447658286374,0.252515684126364,Positiv & Signifikant (OK),Accepted: low flux (below detection limit),1
19,2026-04-23,small,4,6.71408721519605,-0.000651740071029261,5.38662259557271e-05,0.994443971964227,0.982402441698769,0.825824950595028,Positiv & Signifikant (OK),Accepted: low flux (below detection limit),1
20,2026-04-23,small,4,5.99324132744147,-0.00060092312059533,-1.32842147127337e-05,0.973668504740381,0.433240148677755,0.0219437234038038,Positiv & Signifikant (OK),Accepted: low flux (below detection limit),1
21,2026-04-23,small,4,5.74851857866779,-0.000710265888891562,-4.78004231518684e-05,0.987000754689259,0.982702484449991,0.818153406195993,Positiv & Signifikant (OK),Accepted: low flux (below detection limit),1
22,2026-04-23,small,4,5.82293475026253,-0.00116864495094181,-0.00012605409837523,0.984373272945349,0.442538308760654,0.846958496232155,Positiv & Signifikant (OK),Accepted: low flux (below detection limit),1
23,2026-04-23,small,4,8.05727151415391,-0.000900255938739057,-0.00014505326001382,0.989561440328007,0.962965790603625,0.952745560834372,Positiv & Signifikant (OK),Accepted: low flux (below detection limit),1
24,2026-04-23,small,4,7.12184602750002,-0.00073267390467151,-6.64548603759045e-05,0.998464269631324,0.998325747472478,0.707416881234131,Positiv & Signifikant (OK),Accepted: low flux (below detection limit),1
25,2026-04-23,small,4,8.03237042031614,-0.0021939277686012,0.000101385673847116,0.996927966654734,0.79547925839943,0.716537517608977,Positiv & Signifikant (OK),Accepted: low flux (below detection limit),1
26,2026-04-23,small,4,8.8559190072321,-0.00147326735453962,1.42457773034146e-05,0.999515313131491,0.210865012642761,0.0348805776101197,Positiv & Signifikant (OK),Accepted: low flux (below detection limit),1
27,2026-04-23,small,4,6.3148715878538,-0.00126941362484352,-0.000108378428474532,0.99626780024838,0.997811361861069,0.878313880597841,Positiv & Signifikant (OK),Accepted: low flux (below detection limit),1
28,2026-04-23,small,4,7.24926616594687,0.000174037367110761,0.00012119206642858,0.996162944966509,0.0351230983776008,0.642372964895582,Positiv & Signifikant (OK),Accepted: low flux (below detection limit),1
29,2026-04-23,small,4,7.84166194154086,-0.00105993786768453,-0.000125239343567373,0.996384674193952,0.215677518551321,0.819248644335925,Positiv & Signifikant (OK),Accepted: low flux (below detection limit),1
30,2026-04-23,small,4,8.71875288875044,-0.00106992115426327,4.66287363114787e-05,0.999888612624198,0.99744297063212,0.642989724873994,Positiv & Signifikant (OK),Accepted: low flux (below detection limit),1
31,2026-04-23,small,4,8.11330029950556,-0.00090081032334889,-0.000156775824851808,0.99964880873694,0.998232717147565,0.850337880950166,Positiv & Signifikant (OK),Accepted: low flux (below detection limit),1
32,2026-04-23,small,4,6.89049731478795,-0.00332252163905112,-4.29889087023359e-05,0.999687092354666,0.765965293239165,0.183371144763699,Positiv & Signifikant (OK),Accepted: low flux (below detection limit),1
1,2026-04-28,small,4,7.24950441464573,-0.00402234321476854,-3.98881259386825e-05,0.993066668665306,0.94615435298863,0.679070526718284,Positiv & Signifikant (OK),Accepted: low flux (below detection limit),1
2,2026-04-28,small,4,6.2115883050575,-0.00227423537039057,7.44593224541442e-06,0.997758442650878,0.979559012319439,0.0294169890841317,Positiv & Signifikant (OK),Accepted: low flux (below detection limit),1
3,2026-04-28,small,4,4.61209092715258,-0.00198767900236297,-1.81852235325473e-06,0.992945453101753,0.999443977282376,0.000520872246186682,Positiv & Signifikant (OK),Accepted: low flux (below detection limit),1
4,2026-04-28,small,4,7.16297039272706,-0.00284139533589732,-5.09004482562948e-05,0.99884720223373,0.993457254643208,0.332585069969686,Positiv & Signifikant (OK),Accepted: low flux (below detection limit),1
5,2026-04-28,small,4,6.99167018018331,-0.00169975252358955,-4.75209493421279e-06,0.990829278882474,0.985574201357611,0.00495972386975923,Positiv & Signifikant (OK),Accepted: low flux (below detection limit),1
6,2026-04-28,small,4,7.02965228790763,-0.00280388737159087,-8.2813070996896e-05,0.998608593116065,0.947056222341238,0.870061413625295,Positiv & Signifikant (OK),Accepted: low flux (below detection limit),1
7,2026-04-28,small,4,8.01929304861023,-0.00182488565424258,-0.000121623965574866,0.996502019233366,0.491180787557438,0.727791659495357,Positiv & Signifikant (OK),Accepted: low flux (below detection limit),1
8,2026-04-28,small,4,7.00528021535589,-0.00231443159969524,-6.4900121887648e-05,0.996716209214436,0.688924540844401,0.426556254736581,Positiv & Signifikant (OK),Accepted: low flux (below detection limit),1
9,2026-04-28,small,4,5.37249580408061,-0.00111483955719367,-1.07845564878892e-06,0.987324698074665,0.962882084638848,0.000532251272493721,Positiv & Signifikant (OK),Accepted: low flux (below detection limit),1
10,2026-04-28,small,4,3.07473308764361,-0.000460561534157655,6.76724636450093e-06,0.973121912262455,0.937411107733424,0.0486255412168896,Positiv & Signifikant (OK),Accepted: low flux (below detection limit),1
11,2026-04-28,small,4,4.73450252133616,-0.000610922861467092,1.24939438402984e-05,0.984746194189158,0.963865780514617,0.316351264704239,Positiv & Signifikant (OK),Accepted: low flux (below detection limit),1
12,2026-04-28,small,4,4.54985546115304,-0.00079850054854915,-7.23176509232852e-05,0.984459981837089,0.987186358990603,0.664469398341813,Positiv & Signifikant (OK),Accepted: low flux (below detection limit),1
13,2026-04-28,small,4,4.52115910667486,-0.000661893755733673,-5.36263089040826e-06,0.985158785823715,0.994785741510196,0.005810219409376,Positiv & Signifikant (OK),Accepted: low flux (below detection limit),1
14,2026-04-28,small,4,5.18045262621892,-0.00134014040852262,-3.81528893412264e-06,0.988262056048192,0.875647927010469,0.00328915256950903,Positiv & Signifikant (OK),Accepted: low flux (below detection limit),1
15,2026-04-28,small,4,6.01589270320853,-0.000706291951055892,-5.44226499630393e-05,0.990950111002071,0.988775866009392,0.24365846498094,Positiv & Signifikant (OK),Accepted: low flux (below detection limit),1
16,2026-04-28,small,4,8.33205815080113,-0.00120726427122381,-7.25016389162505e-05,0.99812384941675,0.999262471151679,0.846531707523664,Positiv & Signifikant (OK),Accepted: low flux (below detection limit),1
17,2026-04-28,small,4,5.57622274668135,-0.000781230234457656,-4.69437852913231e-05,0.996756190019536,0.999277889378886,0.508941985151314,Positiv & Signifikant (OK),Accepted: low flux (below detection limit),1
18,2026-04-28,small,4,5.66403644775002,-0.000888254477372414,-7.50630063407198e-05,0.992687627521599,0.992064032601338,0.45818777403817,Positiv & Signifikant (OK),Accepted: low flux (below detection limit),1
19,2026-04-28,small,4,5.67892896249701,-0.000640203832706571,-5.99393114446598e-05,0.987575277638274,0.987323850274959,0.822340620542286,Positiv & Signifikant (OK),Accepted: low flux (below detection limit),1
20,2026-04-28,small,4,6.18615718360041,-0.000969323087710665,1.10286292428743e-05,0.989675969645439,0.955304586465531,0.0187039313606809,Positiv & Signifikant (OK),Accepted: low flux (below detection limit),1
21,2026-04-28,small,4,5.88163147869073,-0.000868737798414921,-0.000160588369606141,0.995188968858693,0.739788928035249,0.959077080648577,Positiv & Signifikant (OK),Accepted: low flux (below detection limit),1
22,2026-04-28,small,4,7.48172446008084,-0.000989993883963766,-6.0501935597598e-05,0.996691720771498,0.92935357304661,0.358986087476685,Positiv & Signifikant (OK),Accepted: low flux (below detection limit),1
23,2026-04-28,small,4,6.85403173548589,-0.000772326699621712,-4.11022118433041e-05,0.994237804421174,0.734181070615652,0.242477418451127,Positiv & Signifikant (OK),Accepted: low flux (below detection limit),1
24,2026-04-28,small,4,8.26024831552365,-0.00188893497157469,-9.33023089909836e-05,0.998276228229358,0.904786483021455,0.681900054259918,Positiv & Signifikant (OK),Accepted: low flux (below detection limit),1
25,2026-04-28,small,4,5.2479438897951,-0.000976119489592642,-2.10989468348768e-05,0.993373376144409,0.556827292163218,0.390678759317826,Positiv & Signifikant (OK),Accepted: low flux (below detection limit),1
26,2026-04-28,small,4,7.6286706387458,-0.00130537911464325,-7.41154183975243e-05,0.998441199663247,0.997301212486276,0.432581318375414,Positiv & Signifikant (OK),Accepted: low flux (below detection limit),1
27,2026-04-28,small,4,4.98038189759932,-0.00124504241890891,-2.94123725300372e-05,0.999220423237936,0.975677648586164,0.284021459237798,Positiv & Signifikant (OK),Accepted: low flux (below detection limit),1
28,2026-04-28,small,4,6.48814110111079,-0.00118743906966127,-7.58767643450282e-06,0.993105821099828,0.988166551940982,0.0122363909115316,Positiv & Signifikant (OK),Accepted: low flux (below detection limit),1
29,2026-04-28,small,4,7.12761640787313,-0.000747570022248306,1.08266275508163e-05,0.99506793314162,0.963483059359314,0.107202244845158,Positiv & Signifikant (OK),Accepted: low flux (below detection limit),1
30,2026-04-28,small,4,8.00478654271256,-0.0011100969682014,-4.17139429895424e-05,0.999210204115015,0.995955965055603,0.663123387248086,Positiv & Signifikant (OK),Accepted: low flux (below detection limit),1
31,2026-04-28,small,4,6.80888722515324,-0.00101814357311208,-4.52397419108741e-05,0.999587417114696,0.81925320258249,0.324724475012641,Positiv & Signifikant (OK),Accepted: low flux (below detection limit),1
32,2026-04-28,small,4,7.62683513511828,-0.00107219949314544,-9.64657414005344e-05,0.989096822272202,0.918359305613495,0.463585925587635,Positiv & Signifikant (OK),Accepted: low flux (below detection limit),1
1,2026-05-05,small,4,3.69534951502312,-0.00146883973786009,-3.44103320974151e-05,0.976244250294942,0.104754206337278,0.351308263013897,Positiv & Signifikant (OK),Accepted: low flux (below detection limit),1
2,2026-05-05,small,4,4.22695267968859,-0.00053745826960931,-5.37049614975935e-05,0.983149441182575,0.0103930236904967,0.137224258313453,Positiv & Signifikant (OK),Accepted: low flux (below detection limit),1
3,2026-05-05,small,4,3.73127018698751,-0.00134356651734799,-4.23078148531477e-05,0.989975148230443,0.988635172409783,0.271236451014808,Positiv & Signifikant (OK),Accepted: low flux (below detection limit),1
4,2026-05-05,small,4,4.30523037028234,-0.00250156911990212,2.86424460837118e-05,0.997389173151918,0.99623640454894,0.197285938454527,Positiv & Signifikant (OK),Accepted: low flux (below detection limit),1
5,2026-05-05,small,4,4.95764041223108,-0.00291442647052612,-2.77582424587318e-05,0.992275776392567,0.964787001353452,0.328106321925489,Positiv & Signifikant (OK),Accepted: low flux (below detection limit),1
6,2026-05-05,small,4,5.36076915666455,-0.0028257047114182,5.60896508721267e-06,0.996416253374747,0.99948042280283,0.133649716597899,Positiv & Signifikant (OK),Accepted: low flux (below detection limit),1
7,2026-05-05,small,4,5.22791233244753,-0.00237908155142549,-1.84469357786352e-07,0.997176009647254,0.996609352110792,4.4453482316963e-06,Positiv & Signifikant (OK),Accepted: low flux (below detection limit),1
8,2026-05-05,small,4,5.40991698299149,-0.00445512676887956,-0.000112451441434233,0.989271724296844,0.609963421224236,0.876567654871138,Positiv & Signifikant (OK),Accepted: low flux (below detection limit),1
9,2026-05-05,small,4,3.31179163607549,-0.000135776121562042,3.53292416616872e-05,0.989878600483832,0.0179069821672004,0.527862983832315,Positiv & Signifikant (OK),Accepted: low flux (below detection limit),1
10,2026-05-05,small,4,4.9003721877935,-0.000929573011419357,-2.61596599942379e-05,0.984242849590038,0.992180947017558,0.153291088924536,Positiv & Signifikant (OK),Accepted: low flux (below detection limit),1
11,2026-05-05,small,4,3.18760523792353,-0.000442071997930076,-5.41435450271968e-05,0.994941420766873,0.996311077453799,0.702640305535234,Positiv & Signifikant (OK),Accepted: low flux (below detection limit),1
12,2026-05-05,small,4,5.37032999321759,-0.00122293126217445,-2.02646668828653e-05,0.996683632841751,0.991880186112477,0.0846933703489532,Positiv & Signifikant (OK),Accepted: low flux (below detection limit),1
13,2026-05-05,small,4,4.16740011731451,-0.000506033209531782,-1.55496787516942e-05,0.99845418118082,0.457121830584813,0.0874605369215551,Positiv & Signifikant (OK),Accepted: low flux (below detection limit),1
14,2026-05-05,small,4,3.57309336665078,-0.000786869579938922,-3.72348270161255e-05,0.991502703011951,0.998453333828061,0.154070668852792,Positiv & Signifikant (OK),Accepted: low flux (below detection limit),1
15,2026-05-05,small,4,4.53361385535117,-0.000612327939217329,-9.87884457440719e-05,0.994717388509778,0.997378462046023,0.547081035869559,Positiv & Signifikant (OK),Accepted: low flux (below detection limit),1
16,2026-05-05,small,4,5.52735832664008,-0.00105077405131942,-4.7139534717904e-05,0.999798942262754,0.998350007356057,0.167826710936923,Positiv & Signifikant (OK),Accepted: low flux (below detection limit),1
17,2026-05-05,small,3,3.22083260573116,-0.000362843183815413,-0.000138750715470515,0.986420612188256,0.892402271133315,0.963933344151834,Positiv & Signifikant (OK),Accepted: low flux (below detection limit),1
18,2026-05-05,small,4,4.1012149187491,-0.000896095655072385,-8.29033402578766e-08,0.99803350053705,0.98155538966429,1.93604605777201e-06,Positiv & Signifikant (OK),Accepted: low flux (below detection limit),1
19,2026-05-05,small,4,3.44018546109437,-0.000518720093122503,1.98868447113669e-05,0.999235594120228,0.999440770826424,0.620824151476089,Positiv & Signifikant (OK),Accepted: low flux (below detection limit),1
20,2026-05-05,small,4,2.55387183095169,2.07327188988215e-05,2.43445174116456e-05,0.919940428170305,9.19946359292953e-05,0.585465148609282,Positiv & Signifikant (OK),Accepted: low flux (below detection limit),1
21,2026-05-05,small,4,3.52041023400641,-0.000508838889781952,1.0770825527041e-05,0.993597022655779,0.992043675940519,0.138242546646273,Positiv & Signifikant (OK),Accepted: low flux (below detection limit),1
22,2026-05-05,small,4,4.1738443072389,0.000246533337950009,-3.97320476713733e-05,0.987918170910399,0.0439184153337093,0.247888405380502,Positiv & Signifikant (OK),Accepted: low flux (below detection limit),1
23,2026-05-05,small,2,3.89082827801555,-0.000552629205103803,-0.000989258514482752,1,1,1,less than 3 bags,Rejected: less than 3 bags,0
24,2026-05-05,small,4,3.82922875639238,-0.000623012034482195,3.6533658957091e-05,0.995668773347155,0.975208266280292,0.268851367043768,Positiv & Signifikant (OK),Accepted: low flux (below detection limit),1
25,2026-05-05,small,4,5.30607587295855,-0.00141649821112499,-4.91349247977457e-05,0.996754465558021,0.826583822974882,0.921668906200608,Positiv & Signifikant (OK),Accepted: low flux (below detection limit),1
26,2026-05-05,small,4,4.99057375342298,-0.0015860682033392,-5.23552406497205e-05,0.999880575365048,0.152363298758328,0.356702565041202,Positiv & Signifikant (OK),Accepted: low flux (below detection limit),1
27,2026-05-05,small,4,4.75762806920935,-0.00110296647631045,-7.69381964778623e-05,0.985641727156391,0.995095151116161,0.54362743365888,Positiv & Signifikant (OK),Accepted: low flux (below detection limit),1
28,2026-05-05,small,4,5.59217022711012,-0.000903585875215013,-7.21377766290647e-05,0.999106089410975,0.86861810400449,0.796348979265994,Positiv & Signifikant (OK),Accepted: low flux (below detection limit),1
29,2026-05-05,small,4,5.22395614979115,-0.000466774968977629,-6.62788593963781e-05,0.996604836376939,0.0991722473219225,0.819978278265409,Positiv & Signifikant (OK),Accepted: low flux (below detection limit),1
30,2026-05-05,small,4,3.50929350813319,-0.0006431369825604,-0.000101085065990072,0.987645859879665,0.986990335956755,0.666592981203335,Positiv & Signifikant (OK),Accepted: low flux (below detection limit),1
31,2026-05-05,small,4,5.72152569570393,-0.000643817892099324,-5.56423074728632e-05,0.994814329694633,0.995626482471589,0.24887794356073,Positiv & Signifikant (OK),Accepted: low flux (below detection limit),1
32,2026-05-05,small,4,2.90665773462518,-0.00322806054868371,-3.13346401747298e-05,0.980387795071814,0.684408117189058,0.428099724447005,Positiv & Signifikant (OK),Accepted: low flux (below detection limit),1
1,2026-05-12,small,4,1.51441396881823,-0.00156910640054855,-1.06715565464862e-05,0.871352361103888,0.514907143074986,0.0366498845766602,Positiv & Rauschen,Rejected: CO2 R² ≤ 0.9,0
2,2026-05-12,small,4,1.62500095448658,-0.000980391723001581,-3.90617307579365e-05,0.970883054893544,0.923494610397324,0.750640907107727,Positiv & Signifikant (OK),Accepted: low flux (below detection limit),1
3,2026-05-12,small,4,2.11124457053179,-0.000514146388121388,3.75331319992694e-05,0.988265070446453,0.877877189822602,0.224694967668219,Positiv & Signifikant (OK),Accepted: low flux (below detection limit),1
4,2026-05-12,small,4,1.54634640946614,-0.00084214561970541,-8.74322918393208e-05,0.973907094414786,0.967750371477678,0.721236493581708,Positiv & Signifikant (OK),Accepted: low flux (below detection limit),1
5,2026-05-12,small,4,1.16365413917962,-0.000612502631056998,-4.58355956906751e-05,0.957887430322129,0.998756815343853,0.64417586134916,Positiv & Signifikant (OK),Accepted: low flux (below detection limit),1
6,2026-05-12,small,4,2.95030118108234,-0.000948717338648076,-6.67182699958049e-06,0.978130608237044,0.879605362166104,0.00825694471230718,Positiv & Signifikant (OK),Accepted: low flux (below detection limit),1
7,2026-05-12,small,4,1.91645502605654,-0.000381729209225408,2.30985139502733e-05,0.938014649767327,0.561575429726183,0.109338687861176,Positiv & Signifikant (OK),Accepted: low flux (below detection limit),1
8,2026-05-12,small,4,1.45527003112909,-0.000477473855832332,-7.73651333065054e-05,0.984418985920139,0.820594688278359,0.986180364536137,Positiv & Signifikant (OK),Accepted: low flux (below detection limit),1
9,2026-05-12,small,4,1.13943016482451,-0.000364644514357243,8.79189105468264e-05,0.911166368168641,0.652818287412438,0.565760710492752,Positiv & Signifikant (OK),Accepted: low flux (below detection limit),1
10,2026-05-12,small,4,1.76479567202654,-0.000421252160695526,9.82177701407048e-05,0.957102030730237,0.981166318322153,0.815924059262525,Positiv & Signifikant (OK),Accepted: low flux (below detection limit),1
11,2026-05-12,small,4,1.25188438474866,-0.000435393195717417,-5.6119848624212e-05,0.851513696205199,0.101062718068186,0.351535327278599,Positiv & Rauschen,Rejected: CO2 R² ≤ 0.9,0
12,2026-05-12,small,4,2.7845524604635,-0.00055462649780419,-6.4976148384647e-05,0.988076077181383,0.998654227203934,0.439447492340624,Positiv & Signifikant (OK),Accepted: low flux (below detection limit),1
13,2026-05-12,small,4,0.624382849122726,-7.64515319486586e-05,-0.000122236333735168,0.814941213996528,0.177092601351049,0.762007739504699,Positiv & Rauschen,Rejected: CO2 R² ≤ 0.9,0
14,2026-05-12,small,4,0.821728823640386,-0.000426906592608012,2.72616429003822e-05,0.959818320460215,0.582255077841123,0.0757629765181726,Positiv & Signifikant (OK),Accepted: low flux (below detection limit),1
15,2026-05-12,small,4,1.25205753766761,-0.000170878605151556,2.17559878427348e-05,0.868311984871257,0.877920285099581,0.542630123598901,Positiv & Rauschen,Rejected: CO2 R² ≤ 0.9,0
16,2026-05-12,small,4,1.33126586042874,-0.000201518630831936,-5.04591613535837e-06,0.937519439807552,0.821395988418862,0.00224483735269355,Positiv & Signifikant (OK),Accepted: low flux (below detection limit),1
17,2026-05-12,small,4,1.274415245298,-5.78149947223393e-05,2.73227809183061e-05,0.898549704379957,0.189782717085195,0.250176504403209,Positiv & Rauschen,Rejected: CO2 R² ≤ 0.9,0
18,2026-05-12,small,4,1.74175167974776,-0.000138743170430073,3.7101123256258e-06,0.971208813098335,0.140199397789861,0.012059299770003,Positiv & Signifikant (OK),Accepted: low flux (below detection limit),1
19,2026-05-12,small,4,0.37586985271097,0.000220767188374959,-7.85277490763176e-05,0.5357837014575,0.816542348867343,0.317247351037564,Positiv & Rauschen,Rejected: CO2 R² ≤ 0.9,0
20,2026-05-12,small,4,1.54558216816512,-0.000424769089407299,-7.69512914132484e-06,0.943462089792129,0.659960853107195,0.0349385945876665,Positiv & Signifikant (OK),Accepted: low flux (below detection limit),1
21,2026-05-12,small,4,0.251320152232152,-0.000272211637706022,-1.01764495355354e-05,0.887528269611931,0.189631224547876,0.611221123674869,Positiv & Rauschen,Rejected: CO2 R² ≤ 0.9,0
22,2026-05-12,small,4,0.747040109588302,-0.000161500048414713,-5.16070098014297e-05,0.677100060697151,0.37186361807639,0.788786759775847,Positiv & Rauschen,Rejected: CO2 R² ≤ 0.9,0
23,2026-05-12,small,4,1.48516752865951,-0.000328269986029005,1.42317345818247e-05,0.914294246666737,0.599451069674615,0.0508377563571054,Positiv & Signifikant (OK),Accepted: low flux (below detection limit),1
24,2026-05-12,small,4,3.1141871630608,-0.00186857660442513,5.84155797367289e-06,0.992633338886609,0.823841775518311,0.00585686492188555,Positiv & Signifikant (OK),Accepted: low flux (below detection limit),1
25,2026-05-12,small,4,2.89667101039897,-0.000641711124700411,-9.01091631343862e-06,0.997613335966202,0.214612316100665,0.0523538260711917,Positiv & Signifikant (OK),Accepted: low flux (below detection limit),1
26,2026-05-12,small,4,2.8820197519223,-0.000558314817107894,-2.11305354093769e-05,0.982664677018091,0.97643615960714,0.182556290075964,Positiv & Signifikant (OK),Accepted: low flux (below detection limit),1
27,2026-05-12,small,4,2.63283603886124,-0.000700530485081442,-2.52025563408941e-05,0.968805082134692,0.999324887995851,0.425139840836416,Positiv & Signifikant (OK),Accepted: low flux (below detection limit),1
28,2026-05-12,small,4,3.17427099000777,-0.000703326171667533,-4.80917721571334e-05,0.98245061609144,0.972035178259106,0.445307146187452,Positiv & Signifikant (OK),Accepted: low flux (below detection limit),1
29,2026-05-12,small,4,1.47197273949244,-0.000155442533457681,7.96804588077895e-06,0.949728662860414,0.965744644986772,0.0113707944630811,Positiv & Signifikant (OK),Accepted: low flux (below detection limit),1
30,2026-05-12,small,4,1.95455681389821,-0.000278504051722902,7.69465221071722e-05,0.85714536422664,0.886392349816287,0.961828990303967,Positiv & Rauschen,Rejected: CO2 R² ≤ 0.9,0
31,2026-05-12,small,4,1.76932559418422,0.000117059856011107,-3.69672574568224e-05,0.862939066713642,0.0131866444281262,0.155723123580311,Positiv & Rauschen,Rejected: CO2 R² ≤ 0.9,0
32,2026-05-12,small,3,2.14664471924349,-0.000840630948298849,4.38181144775893e-06,0.998935816738739,0.46383954603647,0.00870818762468264,Positiv & Signifikant (OK),Accepted: low flux (below detection limit),1
1,2026-05-13,small,4,3.02114641105998,-0.00160990571550705,-2.12712840272292e-05,0.998509516140013,0.511583804360756,0.154268903536123,Positiv & Signifikant (OK),Accepted: low flux (below detection limit),1
2,2026-05-13,small,4,3.63689480889627,-0.00100256065696505,-8.21806762501553e-05,0.989025384438224,0.45864458840176,0.867117078565956,Positiv & Signifikant (OK),Accepted: low flux (below detection limit),1
3,2026-05-13,small,3,3.27371166809727,-0.00152854430034348,-1.16223613410589e-05,0.991715922470891,0.993682604871048,0.0894777968231616,Positiv & Signifikant (OK),Accepted: low flux (below detection limit),1
4,2026-05-13,small,4,3.23103724891346,-0.000949128121373869,-4.2059403024879e-05,0.993507244198154,0.979111516019889,0.13893716694673,Positiv & Signifikant (OK),Accepted: low flux (below detection limit),1
5,2026-05-13,small,4,3.02396340272566,-0.00214054571120047,5.76452494991765e-05,0.991161572900456,0.989499868369551,0.822693228869296,Positiv & Signifikant (OK),Accepted: low flux (below detection limit),1
6,2026-05-13,small,4,2.63747215205164,-0.00197006813644894,-7.18712397846506e-05,0.993019467170245,0.999078081186684,0.956295861966756,Positiv & Signifikant (OK),Accepted: low flux (below detection limit),1
7,2026-05-13,small,4,1.85266907837666,-0.00139186526508046,7.76835370332499e-06,0.998292439477695,0.974160029066303,0.0214489620112926,Positiv & Signifikant (OK),Accepted: low flux (below detection limit),1
8,2026-05-13,small,4,1.94718981253188,-0.000897229188934678,-2.14381974669999e-05,0.98680558273804,0.219078018125849,0.214970407814424,Positiv & Signifikant (OK),Accepted: low flux (below detection limit),1
9,2026-05-13,small,4,4.49205391763944,-0.000742841667273772,8.22001120412011e-06,0.982836414160032,0.882071826794794,0.0429476358787211,Positiv & Signifikant (OK),Accepted: low flux (below detection limit),1
10,2026-05-13,small,4,4.17966266719852,-0.000933485424276751,-9.68252626342686e-05,0.991963882974294,0.989730050736298,0.861933109482492,Positiv & Signifikant (OK),Accepted: low flux (below detection limit),1
11,2026-05-13,small,4,1.18888866149797,-0.0001027267450476,-5.92341501768356e-05,0.921193277260207,0.759225138677676,0.577638586081435,Positiv & Signifikant (OK),Accepted: low flux (below detection limit),1
12,2026-05-13,small,4,1.05909781526735,-0.000391501433939362,2.61304571637094e-05,0.867251918959334,0.902581842672529,0.1348239335362,Positiv & Rauschen,Rejected: CO2 R² ≤ 0.9,0
13,2026-05-13,small,4,2.96459928658824,-0.000399887231865671,-9.72542913280817e-05,0.983641952259298,0.793929809941274,0.384287357384731,Positiv & Signifikant (OK),Accepted: low flux (below detection limit),1
14,2026-05-13,small,4,3.6999088145135,-0.000835985718414685,-7.24293738105289e-05,0.983608401157382,0.977113818371947,0.924579236654017,Positiv & Signifikant (OK),Accepted: low flux (below detection limit),1
15,2026-05-13,small,4,3.17096906897811,-0.000713015118484336,-3.16653621704515e-05,0.998351354005736,0.978694996684596,0.965547577526018,Positiv & Signifikant (OK),Accepted: low flux (below detection limit),1
16,2026-05-13,small,4,4.4746159549878,-0.00117131624248471,-1.17043252997189e-06,0.998127962375799,0.994354324845282,0.000411290113355012,Positiv & Signifikant (OK),Accepted: low flux (below detection limit),1
17,2026-05-13,small,4,3.24210620185768,-0.000801184447497432,2.96911682794016e-05,0.93663956360064,0.991485804949573,0.169611643339638,Positiv & Signifikant (OK),Accepted: low flux (below detection limit),1
18,2026-05-13,small,4,1.72428330500002,-0.000483629596356843,-2.91351244531181e-05,0.856110513268153,0.840063073603674,0.120757148349905,Positiv & Rauschen,Rejected: CO2 R² ≤ 0.9,0
19,2026-05-13,small,4,2.04310625974626,-0.000295794049718596,5.18551723818647e-07,0.950444469887055,0.914358970535666,0.00106530839609137,Positiv & Signifikant (OK),Accepted: low flux (below detection limit),1
20,2026-05-13,small,4,5.30017103247107,-0.00135558996372814,-7.97182642514984e-05,0.995807589217783,0.959470483022112,0.773026946325331,Positiv & Signifikant (OK),Accepted: low flux (below detection limit),1
21,2026-05-13,small,4,1.50484934274641,-0.000185561583975301,-6.10188491525257e-05,0.949519924797633,0.913370759008113,0.61104951603435,Positiv & Signifikant (OK),Accepted: low flux (below detection limit),1
22,2026-05-13,small,4,2.88535017863367,-0.000698300928783945,-7.60851486747583e-05,0.944294700294253,0.747965929499463,0.556882197449,Positiv & Signifikant (OK),Accepted: low flux (below detection limit),1
23,2026-05-13,small,4,1.06181305484603,-9.38707532499673e-05,-6.13442986595783e-05,0.997339457616815,0.896819448483945,0.714695317179284,Positiv & Signifikant (OK),Accepted: low flux (below detection limit),1
24,2026-05-13,small,4,1.93243592024802,-0.000422063541891841,-5.27117989136602e-05,0.973357261299634,0.958231507979097,0.690026160315825,Positiv & Signifikant (OK),Accepted: low flux (below detection limit),1
25,2026-05-13,small,4,0.87453834798019,-0.00102459570675838,-1.05971585331924e-05,0.837348548120299,0.95562701052842,0.0599829077961167,Positiv & Rauschen,Rejected: CO2 R² ≤ 0.9,0
26,2026-05-13,small,4,5.2010297407314,-0.00127038722793095,-5.18122414974343e-05,0.994242187758138,0.928591010824635,0.69471468188384,Positiv & Signifikant (OK),Accepted: low flux (below detection limit),1
27,2026-05-13,small,4,1.69621341018485,-0.000307007607307926,0.00010271036124159,0.983716088347996,0.986416104885604,0.56165707875516,Positiv & Signifikant (OK),Accepted: low flux (below detection limit),1
28,2026-05-13,small,4,2.10801483717671,-0.000393412433483559,6.65069408077733e-05,0.921270582236775,0.9283183608341,0.828114761632968,Positiv & Signifikant (OK),Accepted: low flux (below detection limit),1
29,2026-05-13,small,4,2.84591805715684,-0.000296292520809201,-7.58549649052898e-06,0.984873996872321,0.603860578729499,0.034717188724585,Positiv & Signifikant (OK),Accepted: low flux (below detection limit),1
30,2026-05-13,small,4,3.51046176763225,-0.000587750422350083,8.79626245778367e-06,0.989443306907736,0.985499682657813,0.16735768228912,Positiv & Signifikant (OK),Accepted: low flux (below detection limit),1
31,2026-05-13,small,4,3.24509473301915,-0.000339587025217942,5.52181477477729e-06,0.992863058227151,0.986722856248497,0.0278197056615354,Positiv & Signifikant (OK),Accepted: low flux (below detection limit),1
32,2026-05-13,small,4,1.96253156548211,-0.000775105945210489,-7.43153092231983e-05,0.99650892899067,0.858269639657002,0.903486149619275,Positiv & Signifikant (OK),Accepted: low flux (below detection limit),1
1,2026-05-15,small,4,2.83558779578372,-0.00307205569069746,6.08660092235017e-05,0.969851583496941,0.952782583959159,0.566837865198009,Positiv & Signifikant (OK),Accepted: low flux (below detection limit),1
2,2026-05-15,small,4,2.38528154963252,-0.00245071499071598,2.30797706317917e-06,0.994547054212507,0.994766058664248,0.00835860473838551,Positiv & Signifikant (OK),Accepted: low flux (below detection limit),1
3,2026-05-15,small,4,4.03920764775292,-0.00234064503877559,-4.87709330336703e-05,0.990725173141931,0.987963708442765,0.586585770011081,Positiv & Signifikant (OK),Accepted: low flux (below detection limit),1
4,2026-05-15,small,4,2.54511270254683,-0.00270290283053241,4.00608436722113e-05,0.998999524461395,0.999979407858303,0.127260101740374,Positiv & Signifikant (OK),Accepted: low flux (below detection limit),1
5,2026-05-15,small,4,2.88897586690848,-0.00324714098201609,-6.47580499606403e-06,0.990847938889611,0.993480369202651,0.00463247798910745,Positiv & Signifikant (OK),Accepted: low flux (below detection limit),1
6,2026-05-15,small,4,2.42594387447044,-0.00387886370642126,-2.97920633941831e-05,0.988425553606751,0.994015389000749,0.124007221788572,Positiv & Signifikant (OK),Accepted: low flux (below detection limit),1
7,2026-05-15,small,4,3.18548953943926,-0.00345435745665701,-6.96192817105321e-06,0.99509709040982,0.973451419575325,0.0144908261550847,Positiv & Signifikant (OK),Accepted: low flux (below detection limit),1
8,2026-05-15,small,4,0.703895516555943,-0.000787192162909622,4.97758341270895e-05,0.831055578074715,0.676336118968555,0.518374575927441,Positiv & Rauschen,Rejected: CO2 R² ≤ 0.9,0
9,2026-05-15,small,4,3.28699431946298,-0.00101893247141635,4.51588381282443e-05,0.998018047302785,0.93717354766903,0.624056810630277,Positiv & Signifikant (OK),Accepted: low flux (below detection limit),1
10,2026-05-15,small,4,2.34128445953882,-0.00133287610021666,-3.50369808058219e-05,0.965710892916277,0.848238897953533,0.322730824298038,Positiv & Signifikant (OK),Accepted: low flux (below detection limit),1
11,2026-05-15,small,4,1.28107817059248,-0.000583362572902685,2.28154250307486e-05,0.844925352831298,0.989476770149446,0.571265408920994,Positiv & Rauschen,Rejected: CO2 R² ≤ 0.9,0
12,2026-05-15,small,4,1.76230407847024,-0.000609109560845661,1.25601909347542e-05,0.99244793421192,0.991881992028404,0.371436592138712,Positiv & Signifikant (OK),Accepted: low flux (below detection limit),1
13,2026-05-15,small,4,2.50423780801822,-0.000510193352208872,6.91625515459674e-06,0.98475032731213,0.96265904950427,0.0480394846752487,Positiv & Signifikant (OK),Accepted: low flux (below detection limit),1
14,2026-05-15,small,4,2.23676168425293,-0.00127989615780989,0.000101890359691714,0.970601988384273,0.900658942506676,0.720435930613392,Positiv & Signifikant (OK),Accepted: low flux (below detection limit),1
15,2026-05-15,small,4,2.80774300454306,-0.000504038016182081,-8.57231089678884e-06,0.994714943571439,0.99028236144957,0.103461759651616,Positiv & Signifikant (OK),Accepted: low flux (below detection limit),1
16,2026-05-15,small,4,1.30548127381956,-0.000495695216634038,1.9865294342838e-05,0.969257999118029,0.948712104103945,0.0410975874104662,Positiv & Signifikant (OK),Accepted: low flux (below detection limit),1
17,2026-05-15,small,4,2.39053499821982,-0.000726715775647078,2.37522807564046e-05,0.971319413160223,0.969919644643973,0.0593527837969407,Positiv & Signifikant (OK),Accepted: low flux (below detection limit),1
18,2026-05-15,small,4,1.48783765881827,-0.000662981820204105,1.26769214673955e-06,0.984512357721902,0.953106604051811,0.000302686110502759,Positiv & Signifikant (OK),Accepted: low flux (below detection limit),1
19,2026-05-15,small,4,2.71383549602785,-0.000785560495021956,-2.75402663726188e-05,0.981848673021359,0.988576635422636,0.10808456527399,Positiv & Signifikant (OK),Accepted: low flux (below detection limit),1
20,2026-05-15,small,4,2.41058301886584,-0.00082171630594158,-1.06840827017755e-05,0.990934281774867,0.984868693305537,0.0371954853770326,Positiv & Signifikant (OK),Accepted: low flux (below detection limit),1
21,2026-05-15,small,4,2.17427978673538,-0.000426435115536639,7.66942027338021e-05,0.966698856184743,0.945038723085183,0.54699345932018,Positiv & Signifikant (OK),Accepted: low flux (below detection limit),1
22,2026-05-15,small,4,2.47324226877368,-0.00100842393166962,-5.30844768267491e-05,0.99422208988273,0.98198653475323,0.666549740231557,Positiv & Signifikant (OK),Accepted: low flux (below detection limit),1
23,2026-05-15,small,4,2.3800085400498,-0.000527006003316229,-3.98574318663854e-05,0.981118791584614,0.979081742124294,0.138250631825242,Positiv & Signifikant (OK),Accepted: low flux (below detection limit),1
24,2026-05-15,small,4,1.97064772566587,-0.000882841404201958,5.67900981163576e-05,0.941961588417318,0.891875500367754,0.957393425752778,Positiv & Signifikant (OK),Accepted: low flux (below detection limit),1
25,2026-05-15,small,4,4.12191865579325,-0.000996562920703365,-4.19969333104184e-06,0.993089272377787,0.917712182535103,0.00119792519691127,Positiv & Signifikant (OK),Accepted: low flux (below detection limit),1
26,2026-05-15,small,4,2.68926583043128,-0.000925304761494802,3.31553627823848e-05,0.99708389157386,0.994774631783181,0.411217838730683,Positiv & Signifikant (OK),Accepted: low flux (below detection limit),1
27,2026-05-15,small,4,3.21290638628832,-0.00118650328961816,-0.000127899236360662,0.990505460448544,0.993548654070369,0.789975299113139,Positiv & Signifikant (OK),Accepted: low flux (below detection limit),1
28,2026-05-15,small,4,2.1767900958121,-0.000397379267321721,-3.04786362341728e-05,0.997420718211021,0.976765059740666,0.131975833876827,Positiv & Signifikant (OK),Accepted: low flux (below detection limit),1
29,2026-05-15,small,4,3.15410732990897,-0.000625083710092325,2.07867228729104e-05,0.997933966669165,0.998839067131568,0.0908912038867006,Positiv & Signifikant (OK),Accepted: low flux (below detection limit),1
30,2026-05-15,small,4,2.95621445936819,-0.000731981869142815,3.73324442523149e-05,0.995850228434169,0.994969090949327,0.75358907884271,Positiv & Signifikant (OK),Accepted: low flux (below detection limit),1
31,2026-05-15,small,4,3.96759171516369,-0.00063660303422787,-5.7371941754295e-07,0.996313919959222,0.982948753123021,0.000285443423253142,Positiv & Signifikant (OK),Accepted: low flux (below detection limit),1
32,2026-05-15,small,4,2.25455289052413,-0.000798327620288152,-2.97055870183544e-05,0.997294454417607,0.996447155152318,0.520503908836944,Positiv & Signifikant (OK),Accepted: low flux (below detection limit),1
1,2026-05-18,small,4,3.79195151039038,-0.00273934747118311,-4.40410458239788e-05,0.986074206785118,0.989648437247155,0.279482159598747,Positiv & Signifikant (OK),Accepted: low flux (below detection limit),1
2,2026-05-18,small,4,3.26735238413889,-0.00226947921249019,1.87562238376357e-05,0.9954846386961,0.994207004406274,0.765234770108765,Positiv & Signifikant (OK),Accepted: low flux (below detection limit),1
3,2026-05-18,small,4,3.3174855852319,-0.00116958407224189,-3.54833211576461e-05,0.960183230415305,0.920511993904279,0.323873310929591,Positiv & Signifikant (OK),Accepted: low flux (below detection limit),1
4,2026-05-18,small,4,3.37510060388759,-0.00192294378479771,2.37686380290882e-05,0.992061119363562,0.977708109934348,0.485417128255001,Positiv & Signifikant (OK),Accepted: low flux (below detection limit),1
5,2026-05-18,small,4,3.06470410344714,-0.00181468783507603,-4.34709388322356e-05,0.981124508238136,0.978289939041655,0.882218192522516,Positiv & Signifikant (OK),Accepted: low flux (below detection limit),1
6,2026-05-18,small,4,2.90012950972777,-0.00201278287167303,-5.86611711167633e-05,0.993311837928234,0.994804793943951,0.681039746220337,Positiv & Signifikant (OK),Accepted: low flux (below detection limit),1
7,2026-05-18,small,4,1.68448183439883,-0.000691905793102508,4.46908421046781e-05,0.842134439327379,0.671961523017858,0.396814511888416,Positiv & Rauschen,Rejected: CO2 R² ≤ 0.9,0
8,2026-05-18,small,4,3.20316738148485,-0.00299698724538665,-1.78129007375204e-05,0.987667320774034,0.975266126064064,0.28717371458722,Positiv & Signifikant (OK),Accepted: low flux (below detection limit),1
9,2026-05-18,small,3,3.37734939679968,-0.000491304023632583,-6.35886167006554e-05,0.999723226580023,0.897261812795909,0.994110054085497,Positiv & Signifikant (OK),Accepted: low flux (below detection limit),1
10,2026-05-18,small,4,0.963413431120371,-0.000270899096042166,-2.99056156011284e-05,0.944262057924521,0.922057600375576,0.833991475444445,Positiv & Signifikant (OK),Accepted: low flux (below detection limit),1
11,2026-05-18,small,4,0.897373115394996,-0.000106616796398679,4.20732121568101e-05,0.881106813441298,0.943393267323271,0.265183444574041,Positiv & Rauschen,Rejected: CO2 R² ≤ 0.9,0
12,2026-05-18,small,4,2.28264384946982,-0.000961039607117478,-4.22890810560137e-05,0.999234258512196,0.992516432221983,0.380668615512013,Positiv & Signifikant (OK),Accepted: low flux (below detection limit),1
13,2026-05-18,small,4,4.63576012593998,-0.000620602837405209,-2.9666814228426e-05,0.993364722021017,0.957514970627952,0.44968694633455,Positiv & Signifikant (OK),Accepted: low flux (below detection limit),1
14,2026-05-18,small,4,3.14793672865419,-0.000830359481071634,7.64811559048772e-05,0.998684609151624,0.994440255453852,0.861724557441161,Positiv & Signifikant (OK),Accepted: low flux (below detection limit),1
15,2026-05-18,small,4,2.87377712731069,-0.000529001557996567,3.02746155287763e-05,0.985684746841364,0.991178302197752,0.207441468752908,Positiv & Signifikant (OK),Accepted: low flux (below detection limit),1
16,2026-05-18,small,4,2.47600468189909,-0.000768101476739965,-2.88508989040655e-05,0.993122288995949,0.992148955563505,0.156818982089855,Positiv & Signifikant (OK),Accepted: low flux (below detection limit),1
17,2026-05-18,small,4,1.13889327643944,-0.000284701042152601,-5.44822106228182e-05,0.884324369078315,0.914239886233915,0.814561876739888,Positiv & Rauschen,Rejected: CO2 R² ≤ 0.9,0
18,2026-05-18,small,4,1.88064366194005,-0.000598880138234005,-6.11655969396747e-05,0.981633036220772,0.954949167457741,0.805645334740309,Positiv & Signifikant (OK),Accepted: low flux (below detection limit),1
19,2026-05-18,small,4,0.650650314936309,-0.000128120757866671,7.05868827020116e-05,0.780974378776121,0.801199011808629,0.895599624874612,Positiv & Rauschen,Rejected: CO2 R² ≤ 0.9,0
20,2026-05-18,small,4,1.82239545078468,-0.000508012255662234,7.09010173293982e-06,0.92989710561346,0.797185574095309,0.156845875375469,Positiv & Signifikant (OK),Accepted: low flux (below detection limit),1
21,2026-05-18,small,4,2.59928128803314,-0.000258467294263535,-3.3531387043734e-05,0.93644127823085,0.851768833438246,0.184623341123558,Positiv & Signifikant (OK),Accepted: low flux (below detection limit),1
22,2026-05-18,small,4,2.0683274474534,-0.000481200213257244,5.818851770215e-05,0.974834622141809,0.770988005530795,0.818425520933903,Positiv & Signifikant (OK),Accepted: low flux (below detection limit),1
23,2026-05-18,small,4,1.40959819713489,-0.000250571593630379,2.05634118505799e-05,0.950890788358849,0.987943261549765,0.0677637893359502,Positiv & Signifikant (OK),Accepted: low flux (below detection limit),1
24,2026-05-18,small,4,2.72167875612526,-0.000851788057740771,1.97413087811105e-05,0.979664559051146,0.997497422195987,0.0439484009979483,Positiv & Signifikant (OK),Accepted: low flux (below detection limit),1
25,2026-05-18,small,4,5.43327913362947,-0.000897787517610361,-3.9706693070523e-05,0.982640511922453,0.946603613578404,0.174053232323593,Positiv & Signifikant (OK),Accepted: low flux (below detection limit),1
26,2026-05-18,small,4,3.64353090360539,-0.0012488503726035,-1.26976556776846e-05,0.998025231987816,0.967614182008499,0.0529975991263347,Positiv & Signifikant (OK),Accepted: low flux (below detection limit),1
27,2026-05-18,small,4,1.96409512922185,-0.000481487164418022,-1.80583053818897e-06,0.933855337903016,0.948762322085878,0.00276491853645145,Positiv & Signifikant (OK),Accepted: low flux (below detection limit),1
28,2026-05-18,small,4,4.11955060338795,-0.00134275869463256,-9.22491423891443e-05,0.997414592471197,0.99483848210576,0.901323723891196,Positiv & Signifikant (OK),Accepted: low flux (below detection limit),1
29,2026-05-18,small,4,1.95258196637774,-0.000140976584582645,-1.46437383324811e-05,0.960137685949541,0.574409252836172,0.682451006323643,Positiv & Signifikant (OK),Accepted: low flux (below detection limit),1
30,2026-05-18,small,4,2.15540161058377,-0.000399194136581198,2.63006252855554e-05,0.99555315879776,0.993767666413524,0.319410271615967,Positiv & Signifikant (OK),Accepted: low flux (below detection limit),1
31,2026-05-18,small,4,3.36134402308841,-0.00064537416921437,1.66712384780192e-05,0.99667845477647,0.999294711626651,0.101233843478131,Positiv & Signifikant (OK),Accepted: low flux (below detection limit),1
32,2026-05-18,small,4,3.09622039898139,-0.00114362252333184,-4.8822524511791e-05,0.988852505556814,0.971149695068845,0.148047614943899,Positiv & Signifikant (OK),Accepted: low flux (below detection limit),1
1,2026-05-20,small,4,3.57412189047885,-0.00118296135727641,8.83953297389453e-05,0.966814553530643,0.858562056966491,0.595189581355359,Positiv & Signifikant (OK),Accepted: low flux (below detection limit),1
2,2026-05-20,small,4,3.12380837471737,-0.00119387749270702,1.8146487151155e-05,0.998906020320724,0.992951470781495,0.142975084542613,Positiv & Signifikant (OK),Accepted: low flux (below detection limit),1
3,2026-05-20,small,4,6.04492562393966,0.00414881054816434,0.000408023417011982,0.997090897265837,0.998256119658012,0.977472084438019,Positiv & Signifikant (OK),Accepted: N2O R² > 0.9,1
4,2026-05-20,small,4,5.18644252048016,0.00443256733494998,0.000370906346603821,0.99572058634229,0.994965439298999,0.934556761996475,Positiv & Signifikant (OK),Accepted: N2O R² > 0.9,1
5,2026-05-20,small,4,4.93828262503329,6.71348456889167e-05,0.000425713625010517,0.992315721546358,0.549854821545601,0.998084538606606,Positiv & Signifikant (OK),Accepted: N2O R² > 0.9,1
6,2026-05-20,small,4,3.6991740544401,-0.00106677092464013,6.22827509802951e-05,0.998542183772189,0.998618826908636,0.698617974092661,Positiv & Signifikant (OK),Accepted: low flux (below detection limit),1
7,2026-05-20,small,4,5.92894728362745,0.000425284707482246,0.000648530653978211,0.998427496508846,0.94904177407166,0.997314471865517,Positiv & Signifikant (OK),Accepted: N2O R² > 0.9,1
8,2026-05-20,small,4,3.87352298578342,-0.000163374197937293,0.000288607363264688,0.993626564845912,0.932312418052484,0.951656754627934,Positiv & Signifikant (OK),Accepted: N2O R² > 0.9,1
9,2026-05-20,small,4,3.80498857363246,-0.00125155747625623,9.54629014279409e-05,0.963906205626906,0.945848634052742,0.8699241897499,Positiv & Signifikant (OK),Accepted: low flux (below detection limit),1
10,2026-05-20,small,4,3.60145808925338,-0.00125247300597619,1.65994588972476e-05,0.998447211579191,0.999722344858716,0.0741470629866326,Positiv & Signifikant (OK),Accepted: low flux (below detection limit),1
11,2026-05-20,small,4,5.73263423062774,-0.000304966296299842,0.00056868323379168,0.995649263649571,0.958780828095628,0.991630049344062,Positiv & Signifikant (OK),Accepted: N2O R² > 0.9,1
12,2026-05-20,small,4,4.07198407514613,-0.000484933322173149,0.000188140117641915,0.992229719466546,0.998671659058109,0.97953064527002,Positiv & Signifikant (OK),Accepted: low flux (below detection limit),1
13,2026-05-20,small,4,4.12818409086811,-0.000575372258610813,0.000406488044713426,0.985823546815295,0.843547002832282,0.985267464879491,Positiv & Signifikant (OK),Accepted: N2O R² > 0.9,1
14,2026-05-20,small,4,5.5351594073425,0.00664284170123643,0.000336482746684698,0.994656927491141,0.999305179010028,0.969081724293798,Positiv & Signifikant (OK),Accepted: N2O R² > 0.9,1
15,2026-05-20,small,4,5.78832566667468,-7.80797269349888e-05,0.000905192931907341,0.998809424082792,0.11775286721611,0.991477581089701,Positiv & Signifikant (OK),Accepted: N2O R² > 0.9,1
16,2026-05-20,small,4,4.93736946224009,0.00265343330840202,0.000488595255542496,0.987392430271916,0.99397350238274,0.987148673693538,Positiv & Signifikant (OK),Accepted: N2O R² > 0.9,1
17,2026-05-20,small,4,2.41528139765725,-0.00185789544038794,0.000131693833951682,0.914303329254772,0.91643091950001,0.954536789901327,Positiv & Signifikant (OK),Accepted: low flux (below detection limit),1
18,2026-05-20,small,4,1.3307235767157,-0.000600733665615231,5.17639769943343e-05,0.958440670420216,0.669619104001245,0.958519189785705,Positiv & Signifikant (OK),Accepted: low flux (below detection limit),1
19,2026-05-20,small,4,4.64231816605965,0.0011113848239555,0.000396986865180664,0.973517978237674,0.980611299147674,0.966374102652105,Positiv & Signifikant (OK),Accepted: N2O R² > 0.9,1
20,2026-05-20,small,4,3.111688876,-0.00261064341776956,0.000330966363979901,0.979537164318957,0.924974407554491,0.807710420022371,Positiv & Signifikant (OK),Rejected: N2O R² ≤ 0.9,0
21,2026-05-20,small,4,2.67820834083341,-0.00107132665765083,0.000127340338393652,0.97459515289178,0.918899627956961,0.845647622810557,Positiv & Signifikant (OK),Accepted: low flux (below detection limit),1
22,2026-05-20,small,4,2.94108716825308,-0.00103341220763086,0.000514433371312851,0.98665703014774,0.903225797591264,0.993623483295679,Positiv & Signifikant (OK),Accepted: N2O R² > 0.9,1
23,2026-05-20,small,4,5.69604379116913,-0.00150611052737197,0.00103074276214622,0.990457401205767,0.925908949341839,0.989500889568158,Positiv & Signifikant (OK),Accepted: N2O R² > 0.9,1
24,2026-05-20,small,4,3.18742705704165,-0.00134097092516199,0.000447108523545554,0.950265702477029,0.861405570071738,0.970768981042805,Positiv & Signifikant (OK),Accepted: N2O R² > 0.9,1
25,2026-05-20,small,4,6.72821680484182,0.00165831060622291,0.00064033768744014,0.997647921499042,0.87961399725902,0.990930853919657,Positiv & Signifikant (OK),Accepted: N2O R² > 0.9,1
26,2026-05-20,small,4,4.08384514428831,-0.000944359345177377,0.000342706334682358,0.99802894088641,0.856350603706083,0.985208037890058,Positiv & Signifikant (OK),Accepted: N2O R² > 0.9,1
27,2026-05-20,small,4,4.55857791631536,-0.00249911497358251,5.23187930772156e-05,0.995440721487402,0.99583561286052,0.497897002021401,Positiv & Signifikant (OK),Accepted: low flux (below detection limit),1
28,2026-05-20,small,4,3.54919708102136,-0.00102474154008415,0.000382409822008693,0.997385178452312,0.955434777720365,0.946414505610298,Positiv & Signifikant (OK),Accepted: N2O R² > 0.9,1
29,2026-05-20,small,4,4.62170700404491,0.00158279464574977,0.000689816035839249,0.997442250810707,0.998516090630025,0.998733188343522,Positiv & Signifikant (OK),Accepted: N2O R² > 0.9,1
30,2026-05-20,small,4,5.49829952988686,0.00629021940287387,0.000641879779616771,0.998774805346605,0.999672169854227,0.996853052970505,Positiv & Signifikant (OK),Accepted: N2O R² > 0.9,1
31,2026-05-20,small,4,4.49855604140747,0.00147000619167673,0.00102758901252754,0.991242463789213,0.999257836919338,0.98964537795332,Positiv & Signifikant (OK),Accepted: N2O R² > 0.9,1
32,2026-05-20,small,4,2.4166894946774,0.000854988955121093,0.000482811762259538,0.982768401932526,0.982704623651081,0.996094629288348,Positiv & Signifikant (OK),Accepted: N2O R² > 0.9,1
1,2026-05-21,small,4,4.76899482689646,-0.00164622902691883,1.57761833406856e-06,0.996418765242256,0.994809182479852,0.00230446349352186,Positiv & Signifikant (OK),Accepted: low flux (below detection limit),1
2,2026-05-21,small,4,3.45539471530322,-0.00144622578308241,0.000113095925442693,0.993271279151625,0.986756528977388,0.629562777938403,Positiv & Signifikant (OK),Accepted: low flux (below detection limit),1
3,2026-05-21,small,4,6.26009134086557,0.00142956987826036,0.00120095060317976,0.993601737508178,0.995521091544777,0.997963706171542,Positiv & Signifikant (OK),Accepted: N2O R² > 0.9,1
4,2026-05-21,small,4,5.4957809955146,0.000988448529910005,0.00170590726370679,0.997063922684454,0.99355435024521,0.997985888458523,Positiv & Signifikant (OK),Accepted: N2O R² > 0.9,1
5,2026-05-21,small,4,4.89170501752929,-0.000555686303231893,0.00109226886016089,0.990675359991262,0.964038583773694,0.997143865052379,Positiv & Signifikant (OK),Accepted: N2O R² > 0.9,1
6,2026-05-21,small,4,3.40813510178913,-0.000966657102372469,-4.9869863426747e-05,0.990206442513117,0.987043920208782,0.720113913902079,Positiv & Signifikant (OK),Accepted: low flux (below detection limit),1
7,2026-05-21,small,4,5.58514084019221,1.36304623522001e-05,0.00189267399894079,0.995748391289374,0.0978998205333361,0.998296536490175,Positiv & Signifikant (OK),Accepted: N2O R² > 0.9,1
8,2026-05-21,small,4,4.39654923070674,-0.000120954212678163,0.000915056524951041,0.993439164514333,0.336346615725438,0.988708910634047,Positiv & Signifikant (OK),Accepted: N2O R² > 0.9,1
9,2026-05-21,small,4,5.04190995104813,-0.00206247661747908,0.000138572856116099,0.986533195928607,0.988894772655152,0.774482618892102,Positiv & Signifikant (OK),Accepted: low flux (below detection limit),1
10,2026-05-21,small,4,2.77161938443432,-0.00114328712472969,7.68524756533062e-05,0.98850289111644,0.947523425753508,0.781078221469089,Positiv & Signifikant (OK),Accepted: low flux (below detection limit),1
11,2026-05-21,small,4,4.95471206363205,-0.000821609497832312,0.000449098817125287,0.993964258343764,0.990070958000327,0.988027684547434,Positiv & Signifikant (OK),Accepted: N2O R² > 0.9,1
12,2026-05-21,small,4,3.50143082189496,-0.000546217364977754,0.000122445463334764,0.994965852277207,0.98975331414741,0.858310851308394,Positiv & Signifikant (OK),Accepted: low flux (below detection limit),1
13,2026-05-21,small,4,4.19658700119989,-0.000113818129272149,0.000562217968610819,0.990974655944606,0.412743350105847,0.997869632369584,Positiv & Signifikant (OK),Accepted: N2O R² > 0.9,1
14,2026-05-21,small,4,3.16705290392981,0.0034395413321602,0.000990555255619802,0.974270368456828,0.984037499834053,0.995868010130135,Positiv & Signifikant (OK),Accepted: N2O R² > 0.9,1
15,2026-05-21,small,4,4.6155870268818,-5.45690094327364e-05,0.00219035388175568,0.99574957999469,0.974326920242395,0.999521443208013,Positiv & Signifikant (OK),Accepted: N2O R² > 0.9,1
16,2026-05-21,small,4,3.24407174996532,0.000133468189830571,0.00132393103253488,0.994265225631078,0.933701823297456,0.998206217166011,Positiv & Signifikant (OK),Accepted: N2O R² > 0.9,1
17,2026-05-21,small,4,3.12584477037527,0.00209810395111457,0.000679464907323584,0.947199277063627,0.974264932650486,0.94242485678514,Positiv & Signifikant (OK),Accepted: N2O R² > 0.9,1
18,2026-05-21,small,4,2.08639657052991,-0.000810020398397994,9.59913235411215e-05,0.983400483717054,0.97328977341269,0.630921949055269,Positiv & Signifikant (OK),Accepted: low flux (below detection limit),1
19,2026-05-21,small,4,3.91562060192326,0.000632280094634891,0.000963609431164015,0.981468006649945,0.943055053544379,0.971813790249167,Positiv & Signifikant (OK),Accepted: N2O R² > 0.9,1
20,2026-05-21,small,4,2.68837501037129,-0.000219812449687389,0.00151687392801825,0.982716494704784,0.810495724034528,0.983251292999738,Positiv & Signifikant (OK),Accepted: N2O R² > 0.9,1
21,2026-05-21,small,4,2.78502616774338,-0.00065871754415721,5.91159959487358e-05,0.978109656014449,0.954294243863331,0.261220150068324,Positiv & Signifikant (OK),Accepted: low flux (below detection limit),1
22,2026-05-21,small,4,0.71686354052077,-0.000119748269758516,0.000572137289571472,0.820264342877463,0.534421350489694,0.919732373696725,Positiv & Rauschen,Rejected: CO2 R² ≤ 0.9,0
23,2026-05-21,small,4,3.90128363254038,-4.6530086002007e-05,0.00212022847787759,0.998302623396189,0.639191024885987,0.999679154790823,Positiv & Signifikant (OK),Accepted: N2O R² > 0.9,1
24,2026-05-21,small,4,2.54364765859187,-0.000261884639610793,0.00125866948159045,0.988353209953417,0.912725122415001,0.995201507107926,Positiv & Signifikant (OK),Accepted: N2O R² > 0.9,1
25,2026-05-21,small,4,6.00433978907089,-0.000368959562350212,0.00121830853967338,0.992807790731496,0.847303317560892,0.995300639115531,Positiv & Signifikant (OK),Accepted: N2O R² > 0.9,1
26,2026-05-21,small,4,4.22643913326469,-0.00077567859858037,0.000801405806413683,0.99795099093566,0.965459233530673,0.998621687802502,Positiv & Signifikant (OK),Accepted: N2O R² > 0.9,1
27,2026-05-21,small,4,4.87515664388212,-0.000898874978017104,2.06414774100036e-05,0.99405482889438,0.975693109316921,0.136754715232173,Positiv & Signifikant (OK),Accepted: low flux (below detection limit),1
28,2026-05-21,small,4,4.58465183730229,0.000690220743608022,0.000769392941208406,0.996117668508193,0.980914732119847,0.983205338732675,Positiv & Signifikant (OK),Accepted: N2O R² > 0.9,1
29,2026-05-21,small,4,6.20621099374875,0.00075871901597813,0.00163790118458717,0.993591888002449,0.926134003959632,0.998497865682976,Positiv & Signifikant (OK),Accepted: N2O R² > 0.9,1
30,2026-05-21,small,4,5.34816028578665,0.000286955847746649,0.00162845650823808,0.990893093535373,0.470439454851146,0.988906301273604,Positiv & Signifikant (OK),Accepted: N2O R² > 0.9,1
31,2026-05-21,small,4,5.60038520164465,1.1858453358432e-05,0.0015321306428954,0.997582959431541,0.00399304638169699,0.999211733543869,Positiv & Signifikant (OK),Accepted: N2O R² > 0.9,1
32,2026-05-21,small,4,5.5157777563715,-0.0015935535251354,0.00170580771320178,0.995354588998325,0.889142393690572,0.998401894323097,Positiv & Signifikant (OK),Accepted: N2O R² > 0.9,1
1,2026-05-22,small,4,4.41245875047065,-0.00159191276344943,0.000836087842844988,0.992364952648353,0.966837080160446,0.990579555569331,Positiv & Signifikant (OK),Accepted: N2O R² > 0.9,1
2,2026-05-22,small,4,4.01578500457956,-0.00146385403978806,0.00114961043218815,0.999030223435352,0.993112766429484,0.99402156520711,Positiv & Signifikant (OK),Accepted: N2O R² > 0.9,1
3,2026-05-22,small,4,6.59560071538328,0.000766395185701956,0.00553419899340018,0.993994325461268,0.998963989281587,0.996742553889403,Positiv & Signifikant (OK),Accepted: N2O R² > 0.9,1
4,2026-05-22,small,4,5.95323857831472,2.73387520932795e-05,0.00599201623442151,0.998033704092322,0.0132166988451539,0.999061125490607,Positiv & Signifikant (OK),Accepted: N2O R² > 0.9,1
5,2026-05-22,small,4,6.85542387482399,-0.00190783635608925,0.005683003744569,0.992149969908901,0.998204561674634,0.995143766247183,Positiv & Signifikant (OK),Accepted: N2O R² > 0.9,1
6,2026-05-22,small,4,3.53245595313093,-0.00181771114758658,0.00103225224967285,0.971369288819813,0.962527272007329,0.981212287765529,Positiv & Signifikant (OK),Accepted: N2O R² > 0.9,1
7,2026-05-22,small,4,7.00282866805656,0.0008124817420621,0.010486015071626,0.998047440650651,0.979226932421579,0.998596149438324,Positiv & Signifikant (OK),Accepted: N2O R² > 0.9,1
8,2026-05-22,small,4,6.43121525791707,-0.00120764860412952,0.00392719500503506,0.995374206339059,0.979363588404871,0.996426071921388,Positiv & Signifikant (OK),Accepted: N2O R² > 0.9,1
9,2026-05-22,small,4,4.6332900413156,-0.00164257570258589,0.00137479599342341,0.995817007551102,0.987582579228088,0.999715007596564,Positiv & Signifikant (OK),Accepted: N2O R² > 0.9,1
10,2026-05-22,small,4,3.07708408010091,-0.00116219708042595,0.000629126804773239,0.991035498170361,0.978595666972167,0.948202897557103,Positiv & Signifikant (OK),Accepted: N2O R² > 0.9,1
11,2026-05-22,small,3,2.97814319313983,-0.000413042168543672,0.00123516051173601,0.972268158737581,0.865547213338604,0.982595228500815,Positiv & Signifikant (OK),Accepted: N2O R² > 0.9,1
12,2026-05-22,small,4,3.32069435945594,-0.000410973462439166,0.00113764661199659,0.985780843806669,0.967107832211554,0.993679498809463,Positiv & Signifikant (OK),Accepted: N2O R² > 0.9,1
13,2026-05-22,small,3,6.22633921684856,-0.000880693903553916,0.00420969885304803,0.998666951715248,0.999174311619031,0.998933086884567,Positiv & Signifikant (OK),Accepted: N2O R² > 0.9,1
14,2026-05-22,small,4,3.98531209927243,0.00312681808269762,0.00382660548962367,0.934480270110046,0.985362405286007,0.936875322537753,Positiv & Signifikant (OK),Accepted: N2O R² > 0.9,1
15,2026-05-22,small,4,4.57476155920761,0.00374724026631246,0.00453695120525753,0.990748233530357,0.983046032908589,0.994505705527147,Positiv & Signifikant (OK),Accepted: N2O R² > 0.9,1
16,2026-05-22,small,4,6.47675013863597,0.000598155477514886,0.00759307380873747,0.996031755798292,0.930729133538363,0.997351755186118,Positiv & Signifikant (OK),Accepted: N2O R² > 0.9,1
17,2026-05-22,small,4,3.71432640144156,0.00216092134908253,0.00410280521473739,0.966992817626185,0.97308023409487,0.978002464399921,Positiv & Signifikant (OK),Accepted: N2O R² > 0.9,1
18,2026-05-22,small,4,0.475987630981862,-0.000453074679523157,0.000155144281119284,0.967859454032135,0.933621246021444,0.957371002608889,Positiv & Signifikant (OK),Accepted: low flux (below detection limit),1
19,2026-05-22,small,4,4.33891566484395,0.000958150654981266,0.00414370928170203,0.961105061695006,0.969373728728735,0.967356859683935,Positiv & Signifikant (OK),Accepted: N2O R² > 0.9,1
20,2026-05-22,small,4,3.68334667402023,-0.000505635913610228,0.00501104949906607,0.994223871676951,0.896573473673877,0.994833675603892,Positiv & Signifikant (OK),Accepted: N2O R² > 0.9,1
21,2026-05-22,small,4,4.3146065601421,-0.000893584628206411,0.000978388774669563,0.99519264316016,0.990895586143503,0.991453426420664,Positiv & Signifikant (OK),Accepted: N2O R² > 0.9,1
22,2026-05-22,small,4,5.97812853679886,-0.000859524672741643,0.00791245613667567,0.988119015369278,0.958261438033791,0.994761914095888,Positiv & Signifikant (OK),Accepted: N2O R² > 0.9,1
23,2026-05-22,small,4,4.94446557751148,-0.000168001836319386,0.0054429327117993,0.963988695945037,0.160403399462094,0.978740524357816,Positiv & Signifikant (OK),Accepted: N2O R² > 0.9,1
24,2026-05-22,small,4,5.94011068631243,-0.00107202636215142,0.00678900273267703,0.998521976628824,0.98884147277636,0.999813615787136,Positiv & Signifikant (OK),Accepted: N2O R² > 0.9,1
25,2026-05-22,small,4,7.04284876980551,-0.000854820650288704,0.00503232378858449,0.998687274424537,0.792555190049881,0.999712700601417,Positiv & Signifikant (OK),Accepted: N2O R² > 0.9,1
26,2026-05-22,small,4,5.0751839575468,-0.000927692500420368,0.00475990891951656,0.998979039454398,0.956363864139106,0.999044108051483,Positiv & Signifikant (OK),Accepted: N2O R² > 0.9,1
27,2026-05-22,small,4,4.63746977678496,-0.00116443697276756,0.00110813906886106,0.999003469793517,0.983303845421818,0.9976236522137,Positiv & Signifikant (OK),Accepted: N2O R² > 0.9,1
28,2026-05-22,small,4,4.71583975720307,0.000149991034304436,0.00261145455612476,0.998989971951379,0.626837942519662,0.997408501793183,Positiv & Signifikant (OK),Accepted: N2O R² > 0.9,1
29,2026-05-22,small,4,5.90623600918721,-0.000167474337484448,0.0055849669838665,0.994201710360821,0.440328808489228,0.993992619087344,Positiv & Signifikant (OK),Accepted: N2O R² > 0.9,1
30,2026-05-22,small,4,5.91418044696654,-0.000780869851445903,0.0066313957238618,0.9933577592612,0.997633721805873,0.992753671239962,Positiv & Signifikant (OK),Accepted: N2O R² > 0.9,1
31,2026-05-22,small,4,9.01918123717005,-1.3516948896695e-05,0.00695537091174625,0.993315654927953,0.000740672554436687,0.998375948292153,Positiv & Signifikant (OK),Accepted: N2O R² > 0.9,1
32,2026-05-22,small,4,9.57094128506933,-0.00189196702077438,0.00690646061745967,0.999267885660701,0.989675857337668,0.999266138060425,Positiv & Signifikant (OK),Accepted: N2O R² > 0.9,1
1,2026-05-26,small,4,13.2711008858982,-0.00351361800824162,0.000514993045434386,0.990364741835674,0.998705564737972,0.999746037570445,Positiv & Signifikant (OK),Accepted: N2O R² > 0.9,1
2,2026-05-26,small,4,7.52552147260675,-0.00201297067502081,0.000485855592589978,0.997440780952272,0.997911321460706,0.98946480262026,Positiv & Signifikant (OK),Accepted: N2O R² > 0.9,1
3,2026-05-26,small,4,11.8879376719785,-0.00131550902322808,0.00571124071690834,0.974569005386304,0.979624645634866,0.983526001503747,Positiv & Signifikant (OK),Accepted: N2O R² > 0.9,1
4,2026-05-26,small,4,9.54399207586084,-0.00216717918016748,0.00357843503682317,0.999606112223932,0.995383880246761,0.999291969630339,Positiv & Signifikant (OK),Accepted: N2O R² > 0.9,1
5,2026-05-26,small,4,11.7092140736506,-0.00180814329199474,0.00131618139035154,0.996213027355099,0.995702866509137,0.996674575446838,Positiv & Signifikant (OK),Accepted: N2O R² > 0.9,1
6,2026-05-26,small,4,7.17007980907591,-0.0015248975698819,0.00033174610494949,0.995776292501524,0.987448823880696,0.909881959736943,Positiv & Signifikant (OK),Accepted: N2O R² > 0.9,1
7,2026-05-26,small,4,9.87934175861795,-0.000813236384434099,0.0025201075970375,0.998930988501272,0.970220949192102,0.999768009882258,Positiv & Signifikant (OK),Accepted: N2O R² > 0.9,1
8,2026-05-26,small,4,8.11247244570154,-0.00144103559428184,0.000625082685022165,0.998346004005766,0.831484555111873,0.998586204315558,Positiv & Signifikant (OK),Accepted: N2O R² > 0.9,1
9,2026-05-26,small,4,11.5528002148926,-0.00178673410925721,0.000390237432980194,0.99775552236235,0.997237200426132,0.98161667661543,Positiv & Signifikant (OK),Accepted: N2O R² > 0.9,1
10,2026-05-26,small,4,7.8259977413084,-0.00228997331985217,0.000374772194595167,0.995760127789961,0.997033681337461,0.997028450592448,Positiv & Signifikant (OK),Accepted: N2O R² > 0.9,1
11,2026-05-26,small,4,10.2895012634562,-0.00150389307983913,0.00060815073136697,0.996631893233291,0.98345458061924,0.9858286344478,Positiv & Signifikant (OK),Accepted: N2O R² > 0.9,1
12,2026-05-26,small,4,8.61701328477984,-0.00176433262404678,0.000666199878578055,0.998571217668441,0.990571859869053,0.999564939236186,Positiv & Signifikant (OK),Accepted: N2O R² > 0.9,1
13,2026-05-26,small,4,10.3365719459304,-0.000801351685379171,0.00101647182861564,0.995680695993735,0.962548101754123,0.991654873826312,Positiv & Signifikant (OK),Accepted: N2O R² > 0.9,1
14,2026-05-26,small,4,10.344459492673,-0.00102670706512173,0.00851493137838164,0.997211471248539,0.998953197487057,0.996861587409689,Positiv & Signifikant (OK),Accepted: N2O R² > 0.9,1
15,2026-05-26,small,4,11.6330780913735,-0.00172004914034611,0.00266340513610989,0.997724595790153,0.995509098670721,0.99962851060759,Positiv & Signifikant (OK),Accepted: N2O R² > 0.9,1
16,2026-05-26,small,4,9.50291436235959,-0.00161339264573543,0.00561112935097205,0.998511378930983,0.954195307285768,0.999990723918667,Positiv & Signifikant (OK),Accepted: N2O R² > 0.9,1
17,2026-05-26,small,4,10.0857466172018,-0.000411526701902921,0.00470075507303227,0.992701631857531,0.536842157042842,0.997988459299562,Positiv & Signifikant (OK),Accepted: N2O R² > 0.9,1
18,2026-05-26,small,4,5.30697214229965,-0.00169475018751226,0.000186597665743943,0.992179762503908,0.987559738002052,0.912710785199541,Positiv & Signifikant (OK),Accepted: low flux (below detection limit),1
19,2026-05-26,small,4,10.9096722692558,-0.00140084415112344,0.0041562841507317,0.991660876363841,0.967657798611065,0.998581364976585,Positiv & Signifikant (OK),Accepted: N2O R² > 0.9,1
20,2026-05-26,small,4,8.23341631944739,-0.00132451334641563,0.000707713800594385,0.988759342280067,0.980182428636154,0.979369046276062,Positiv & Signifikant (OK),Accepted: N2O R² > 0.9,1
21,2026-05-26,small,4,10.8347507253156,-0.00170261974996406,0.000436791669620479,0.991224320822399,0.987550959895768,0.999262270671855,Positiv & Signifikant (OK),Accepted: N2O R² > 0.9,1
22,2026-05-26,small,4,8.10517431994001,-0.00115533955016512,0.000509064277661532,0.992090234590421,0.859228734858358,0.995642630269502,Positiv & Signifikant (OK),Accepted: N2O R² > 0.9,1
23,2026-05-26,small,4,11.2221672536769,8.11468154347957e-06,0.00107005100207192,0.993681390749004,0.00331998213395402,0.99420731063556,Positiv & Signifikant (OK),Accepted: N2O R² > 0.9,1
24,2026-05-26,small,4,8.75711185479895,-0.00107680502748343,0.000984917237128542,0.995888177586203,0.992808431838876,0.993317157680718,Positiv & Signifikant (OK),Accepted: N2O R² > 0.9,1
25,2026-05-26,small,4,12.78790914286,-0.000743965801168489,0.00405820788042333,0.996845954331284,0.872483409366219,0.998046421342791,Positiv & Signifikant (OK),Accepted: N2O R² > 0.9,1
26,2026-05-26,small,4,7.70210435157467,-0.0018102212113585,0.00166447744428829,0.99848532825679,0.918940287126237,0.997959907692867,Positiv & Signifikant (OK),Accepted: N2O R² > 0.9,1
27,2026-05-26,small,4,11.6196705125202,-0.00124115870179208,0.0006982808175942,0.998650796622104,0.998665947572113,0.998624450029673,Positiv & Signifikant (OK),Accepted: N2O R² > 0.9,1
28,2026-05-26,small,4,10.3806192596791,0.000392734286944986,0.000787668584040262,0.996131765389726,0.571831767314753,0.999564671743089,Positiv & Signifikant (OK),Accepted: N2O R² > 0.9,1
29,2026-05-26,small,4,12.2425298267792,-0.000396256848621515,0.00139242000737732,0.995944508201013,0.62386493877722,0.999004069756067,Positiv & Signifikant (OK),Accepted: N2O R² > 0.9,1
30,2026-05-26,small,4,10.6577192068905,-0.000979705212565679,0.00474445324738468,0.998330264726834,0.968227495540898,0.999579374411127,Positiv & Signifikant (OK),Accepted: N2O R² > 0.9,1
31,2026-05-26,small,4,13.8182900436793,9.76011955566368e-05,0.00183199059109616,0.997650079897547,0.239906749181651,0.999103213361121,Positiv & Signifikant (OK),Accepted: N2O R² > 0.9,1
32,2026-05-26,small,4,9.70426388050815,-0.00240491438703942,0.00142269350302774,0.998723277945446,0.954070637735315,0.998062673271167,Positiv & Signifikant (OK),Accepted: N2O R² > 0.9,1
1,2026-05-28,small,4,9.94944578007659,-0.00159047527510007,0.000699609684922869,0.991836382401356,0.964884891604595,0.990337212824095,Positiv & Signifikant (OK),Accepted: N2O R² > 0.9,1
2,2026-05-28,small,4,8.61733550419895,-0.0013136153155452,0.000803869704945167,0.995969175397994,0.998315743152422,0.998455446006419,Positiv & Signifikant (OK),Accepted: N2O R² > 0.9,1
3,2026-05-28,small,4,13.5057833259791,-0.000132024983538598,0.00468792613717293,0.994393780894575,0.0239520575488347,0.998010177438249,Positiv & Signifikant (OK),Accepted: N2O R² > 0.9,1
4,2026-05-28,small,4,9.9972311021551,-0.00162581157645719,0.00182495510722535,0.998511239003733,0.97364039356898,0.998521927697329,Positiv & Signifikant (OK),Accepted: N2O R² > 0.9,1
5,2026-05-28,small,4,12.0813019236468,-0.00128416488762272,0.00146444288628951,0.995657659712585,0.98503740281646,0.98388246870102,Positiv & Signifikant (OK),Accepted: N2O R² > 0.9,1
6,2026-05-28,small,4,5.61138916838944,-0.000834532626384498,0.000650912025922013,0.993057351887894,0.673079436532231,0.9847736462547,Positiv & Signifikant (OK),Accepted: N2O R² > 0.9,1
7,2026-05-28,small,4,13.5280258703304,-0.000870099678898503,0.00217371758831741,0.998696420435299,0.947313873412193,0.998475529480469,Positiv & Signifikant (OK),Accepted: N2O R² > 0.9,1
8,2026-05-28,small,4,8.50738863677761,-0.00157564834371731,0.00089140069361366,0.99741630902293,0.951248761534351,0.98135929494256,Positiv & Signifikant (OK),Accepted: N2O R² > 0.9,1
9,2026-05-28,small,4,4.27488084143995,-0.00100073172458077,0.000177869867313405,0.963297679561157,0.874645179797234,0.783233508150273,Positiv & Signifikant (OK),Accepted: low flux (below detection limit),1
10,2026-05-28,small,4,7.73789238699183,-0.00244083528729842,0.000616632327005276,0.996952912777857,0.998741136364239,0.995215976504723,Positiv & Signifikant (OK),Accepted: N2O R² > 0.9,1
11,2026-05-28,small,4,5.33518898143421,-0.000981425784164096,0.000417519368006673,0.989451318020928,0.988778351789109,0.982301513858303,Positiv & Signifikant (OK),Accepted: N2O R² > 0.9,1
12,2026-05-28,small,4,7.63390539682033,-0.00177306080610534,0.000676930525717108,0.996520684380089,0.997701415537846,0.993245278283092,Positiv & Signifikant (OK),Accepted: N2O R² > 0.9,1
13,2026-05-28,small,4,7.96223338074774,-0.00116204116851583,0.000742982209520367,0.993499195464672,0.85793596992026,0.987616103309631,Positiv & Signifikant (OK),Accepted: N2O R² > 0.9,1
14,2026-05-28,small,4,8.39059777298029,-0.00136993663509868,0.00236022216337078,0.993365344313692,0.944750330867413,0.999074306060842,Positiv & Signifikant (OK),Accepted: N2O R² > 0.9,1
15,2026-05-28,small,4,8.7646473920619,-0.000748244960076023,0.00108288347963977,0.998314518535299,0.987295561698503,0.996250920184492,Positiv & Signifikant (OK),Accepted: N2O R² > 0.9,1
16,2026-05-28,small,4,7.44365166592025,-0.00135005308072662,0.00142405472305773,0.992854373396979,0.983016439411529,0.993456450804787,Positiv & Signifikant (OK),Accepted: N2O R² > 0.9,1
17,2026-05-28,small,4,10.4636162988345,-4.24943140049013e-05,0.00218339739563911,0.983690280406392,0.125403913060382,0.993323624951879,Positiv & Signifikant (OK),Accepted: N2O R² > 0.9,1
18,2026-05-28,small,4,4.98765685274055,-0.000642534796813574,0.000571603939569514,0.982567296467419,0.960734717634689,0.996294868646827,Positiv & Signifikant (OK),Accepted: N2O R² > 0.9,1
19,2026-05-28,small,4,13.5361858564396,-0.00145765917817978,0.00294820801925565,0.997130461254301,0.965910351993881,0.993621749522815,Positiv & Signifikant (OK),Accepted: N2O R² > 0.9,1
20,2026-05-28,small,4,9.79815777972091,-0.00174457656087232,0.000757828128938233,0.997406655358867,0.990828153911734,0.997988901723579,Positiv & Signifikant (OK),Accepted: N2O R² > 0.9,1
21,2026-05-28,small,3,13.5653913812117,-0.00197548578527132,0.000736166055551792,0.996022123344009,0.999929662731223,0.999600772122345,Positiv & Signifikant (OK),Accepted: N2O R² > 0.9,1
22,2026-05-28,small,4,5.5130165069711,-0.00080204314544558,0.000241335816296062,0.999427478084828,0.982991224974162,0.823507068843238,Positiv & Signifikant (OK),Rejected: N2O R² ≤ 0.9,0
23,2026-05-28,small,4,10.5434788234243,0.000265729567791553,0.000850008361986164,0.987669633725171,0.796660076912437,0.987079460914092,Positiv & Signifikant (OK),Accepted: N2O R² > 0.9,1
24,2026-05-28,small,4,10.791387259609,-0.00206009378978159,0.000890424426294325,0.998424758681873,0.995643734301402,0.987206619094663,Positiv & Signifikant (OK),Accepted: N2O R² > 0.9,1
25,2026-05-28,small,4,15.900738835003,-0.00163753333255198,0.00386905977802844,0.997216552626208,0.99956587520062,0.99793919160592,Positiv & Signifikant (OK),Accepted: N2O R² > 0.9,1
26,2026-05-28,small,4,8.9363926886587,-0.00175984753550237,0.00126401627655631,0.993913070663099,0.984393262625101,0.994896012375297,Positiv & Signifikant (OK),Accepted: N2O R² > 0.9,1
27,2026-05-28,small,4,13.0554760159196,-0.00187752760483983,0.00133614859370075,0.992810342745016,0.995042753147367,0.994103774761261,Positiv & Signifikant (OK),Accepted: N2O R² > 0.9,1
28,2026-05-28,small,4,11.6072105799582,-0.000664675782844002,0.0008931903856914,0.997831538345086,0.959728468419481,0.995317853589793,Positiv & Signifikant (OK),Accepted: N2O R² > 0.9,1
29,2026-05-28,small,3,9.72901841564285,-0.00106303164991493,0.00113730103483104,0.994583082273091,0.987361428573166,0.995778558568137,Positiv & Signifikant (OK),Accepted: N2O R² > 0.9,1
30,2026-05-28,small,4,13.5305532195979,-0.00244931598727339,0.00326368311587244,0.994960778602029,0.989720027863494,0.995582168088088,Positiv & Signifikant (OK),Accepted: N2O R² > 0.9,1
31,2026-05-28,small,4,18.5797702232531,-0.00175412892018857,0.00179155606995114,0.997609630119784,0.999995975325901,0.999072868570499,Positiv & Signifikant (OK),Accepted: N2O R² > 0.9,1
32,2026-05-28,small,4,12.1920662112803,-0.00265422455514241,0.00172879080856805,0.988830312950998,0.98571242569171,0.991434513355368,Positiv & Signifikant (OK),Accepted: N2O R² > 0.9,1
1,2026-06-02,small,4,10.5913435044975,-0.00300028014453,0.000618930146249833,0.998188532018718,0.98757230251063,0.976449747019986,Positiv & Signifikant (OK),Accepted: N2O R² > 0.9,1
2,2026-06-02,small,4,5.94613066169745,-0.00173004831751075,0.000489325708560835,0.994301800826826,0.979912473803843,0.971193106782956,Positiv & Signifikant (OK),Accepted: N2O R² > 0.9,1
3,2026-06-02,small,4,12.1468003024329,-0.00200555403295704,0.00177579886267068,0.995234044728409,0.996659481368495,0.999395857517391,Positiv & Signifikant (OK),Accepted: N2O R² > 0.9,1
4,2026-06-02,small,4,5.05391167307815,-0.00106394130375144,0.000285977860237329,0.99313072035456,0.989451135304516,0.984989634416571,Positiv & Signifikant (OK),Accepted: N2O R² > 0.9,1
5,2026-06-02,small,4,10.7131845549631,-0.0020928642614267,0.000553539691980547,0.996214907615824,0.993088616371919,0.964592917291396,Positiv & Signifikant (OK),Accepted: N2O R² > 0.9,1
6,2026-06-02,small,4,5.42129784610411,-0.00153848495885093,0.000229956642658026,0.992869461201678,0.972081390220945,0.925849753664967,Positiv & Signifikant (OK),Accepted: N2O R² > 0.9,1
7,2026-06-02,small,4,11.3809557042772,-0.00154715899818571,0.000729146000456382,0.993337935382389,0.997318167349835,0.992415249190786,Positiv & Signifikant (OK),Accepted: N2O R² > 0.9,1
8,2026-06-02,small,4,5.03241011686588,-0.000671357322607547,0.000296332283112633,0.994901637621661,0.584168779546501,0.999375855268048,Positiv & Signifikant (OK),Accepted: N2O R² > 0.9,1
9,2026-06-02,small,4,8.33909968872388,-0.00157560327025931,0.000332359396904527,0.992223296257331,0.935275910742972,0.949161323006031,Positiv & Signifikant (OK),Accepted: N2O R² > 0.9,1
10,2026-06-02,small,4,5.84844882972333,-0.00189117834324087,0.000256903150803216,0.995198508080207,0.99368523222422,0.988006585949146,Positiv & Signifikant (OK),Accepted: N2O R² > 0.9,1
11,2026-06-02,small,4,8.43082851817039,-0.00104051662606321,0.000343095750580053,0.987121690184434,0.954058838656766,0.980905355118543,Positiv & Signifikant (OK),Accepted: N2O R² > 0.9,1
12,2026-06-02,small,4,5.96637925477338,-0.00227417440564701,0.000219778728837617,0.9967342387305,0.988666476780576,0.97190694735843,Positiv & Signifikant (OK),Accepted: N2O R² > 0.9,1
13,2026-06-02,small,4,10.469955030551,-0.00205643782268057,0.000564141074445658,0.995821461220848,0.987619505782383,0.95968471308293,Positiv & Signifikant (OK),Accepted: N2O R² > 0.9,1
14,2026-06-02,small,4,4.58341874442323,-0.00140426937259882,0.0005573897926798,0.974124594682193,0.940654643413402,0.893827595719284,Positiv & Signifikant (OK),Rejected: N2O R² ≤ 0.9,0
15,2026-06-02,small,4,13.8909576410961,-0.00289543259190376,0.000939571117040097,0.999133158928901,0.997638995282862,0.997986180580853,Positiv & Signifikant (OK),Accepted: N2O R² > 0.9,1
16,2026-06-02,small,4,8.14865166238614,-0.00257949791280033,0.000832260330254626,0.994524683208304,0.992221865456921,0.986787189223984,Positiv & Signifikant (OK),Accepted: N2O R² > 0.9,1
17,2026-06-02,small,4,11.9023045450747,-0.002678515897215,0.000888275949401,0.991373472391398,0.984908102721206,0.996244785655697,Positiv & Signifikant (OK),Accepted: N2O R² > 0.9,1
18,2026-06-02,small,4,6.03540715271848,-0.00303786352714251,0.000509002671531645,0.99710419879662,0.990444973254433,0.989386185343536,Positiv & Signifikant (OK),Accepted: N2O R² > 0.9,1
19,2026-06-02,small,4,11.3919146187523,-0.00284082396305441,0.00104774602032677,0.9899145730482,0.994424451958276,0.99857123398559,Positiv & Signifikant (OK),Accepted: N2O R² > 0.9,1
20,2026-06-02,small,4,5.61596988399399,-0.00160778256869749,0.00026833204367517,0.983213780402411,0.852407124872862,0.988108647670494,Positiv & Signifikant (OK),Accepted: N2O R² > 0.9,1
21,2026-06-02,small,4,9.76978623817469,-0.00303409584361175,0.000418022393597353,0.994201479654398,0.997448092968007,0.981476839939898,Positiv & Signifikant (OK),Accepted: N2O R² > 0.9,1
22,2026-06-02,small,4,3.89892379220362,8.26862809707778e-05,0.000322841663090697,0.92013635898619,0.00194805850234051,0.96319768970736,Positiv & Signifikant (OK),Accepted: N2O R² > 0.9,1
23,2026-06-02,small,4,10.1031335886753,-0.00255280820583392,0.000587671657286388,0.99087961039008,0.979012063062913,0.995470713038742,Positiv & Signifikant (OK),Accepted: N2O R² > 0.9,1
24,2026-06-02,small,4,7.34045925939218,-0.00264924515658685,0.000614606660801304,0.993002748669439,0.985147516920879,0.977827132987348,Positiv & Signifikant (OK),Accepted: N2O R² > 0.9,1
25,2026-06-02,small,4,10.8765379285743,-0.00190258147769487,0.000934791663727193,0.995097461938214,0.97069550140129,0.998028675559755,Positiv & Signifikant (OK),Accepted: N2O R² > 0.9,1
26,2026-06-02,small,4,6.24724373122334,-0.0022705034174156,0.000365516190619622,0.98944690272149,0.987481410650065,0.979296357213123,Positiv & Signifikant (OK),Accepted: N2O R² > 0.9,1
27,2026-06-02,small,4,8.43520319355166,-0.00109026030817646,0.000680112308178862,0.997315068654254,0.990248164299489,0.993051929073272,Positiv & Signifikant (OK),Accepted: N2O R² > 0.9,1
28,2026-06-02,small,4,6.50354676572068,-0.00183156162835448,0.000495413054969094,0.99670251461579,0.959959783025729,0.991995779594855,Positiv & Signifikant (OK),Accepted: N2O R² > 0.9,1
29,2026-06-02,small,4,9.55207992669122,-0.00192410244294071,0.000755079221262066,0.992363428547479,0.640972982390048,0.985648027887625,Positiv & Signifikant (OK),Accepted: N2O R² > 0.9,1
30,2026-06-02,small,4,7.02351036645988,-0.00158634288522794,0.00139529647520709,0.990598626051292,0.977856751073787,0.991387707886697,Positiv & Signifikant (OK),Accepted: N2O R² > 0.9,1
31,2026-06-02,small,4,12.7634732631164,-0.00188916338473125,0.000870807098145322,0.996440745472301,0.937662383085268,0.997907926075185,Positiv & Signifikant (OK),Accepted: N2O R² > 0.9,1
32,2026-06-02,small,4,5.74556089793304,-0.00180686586503407,0.00051311850309362,0.988066546713099,0.824614558299849,0.987484817425851,Positiv & Signifikant (OK),Accepted: N2O R² > 0.9,1
1,2026-06-09,small,4,9.22989286619735,-0.00189741005567578,0.000452540995790816,0.982721781814404,0.979871614675667,0.982942225039343,Positiv & Signifikant (OK),Accepted: N2O R² > 0.9,1
2,2026-06-09,small,4,5.28858679529187,-0.00157849305474752,0.000256465085400399,0.987594705462154,0.981264944709065,0.967853808683016,Positiv & Signifikant (OK),Accepted: N2O R² > 0.9,1
3,2026-06-09,small,4,9.70131839990293,-0.00155768877454398,0.000696996755258708,0.994865798474017,0.994013031746123,0.996199543765196,Positiv & Signifikant (OK),Accepted: N2O R² > 0.9,1
4,2026-06-09,small,4,4.31436040128948,-0.00115155352705544,0.00012621567599989,0.97349695619481,0.933994893485656,0.958313483154911,Positiv & Signifikant (OK),Accepted: low flux (below detection limit),1
5,2026-06-09,small,4,10.8191175579229,-0.00161570028108505,0.000262380824811726,0.989545743571177,0.984461180081681,0.975121544741287,Positiv & Signifikant (OK),Accepted: N2O R² > 0.9,1
6,2026-06-09,small,4,4.08616211695176,-0.00127858008595339,0.000162551075155336,0.987532467491043,0.983005665928966,0.997260230006974,Positiv & Signifikant (OK),Accepted: low flux (below detection limit),1
7,2026-06-09,small,4,10.1945368159252,-0.0013669248896285,0.000442080985824593,0.979701629910182,0.974849795009231,0.998956325680026,Positiv & Signifikant (OK),Accepted: N2O R² > 0.9,1
8,2026-06-09,small,4,4.40479869377173,-0.0014194223168393,0.000310123197410365,0.995723962362333,0.991873220977279,0.964345457947442,Positiv & Signifikant (OK),Accepted: N2O R² > 0.9,1
9,2026-06-09,small,4,10.632628458758,-0.00172609740280112,0.000438579027412794,0.997034714519307,0.916828192578343,0.995367656894245,Positiv & Signifikant (OK),Accepted: N2O R² > 0.9,1
10,2026-06-09,small,4,2.72850896403008,-0.000763562147068207,0.000201829560062814,0.983287843069187,0.940796293281706,0.828345316455297,Positiv & Signifikant (OK),Accepted: low flux (below detection limit),1
11,2026-06-09,small,4,6.6964530608075,-0.00125226791270165,0.000237067689089545,0.996339057873183,0.989589824293961,0.899420579739695,Positiv & Signifikant (OK),Rejected: N2O R² ≤ 0.9,0
12,2026-06-09,small,4,4.70631348932107,-0.0011844308885577,0.000131346859448823,0.979863156961478,0.958044792033743,0.85788763035789,Positiv & Signifikant (OK),Accepted: low flux (below detection limit),1
13,2026-06-09,small,4,9.88375808385079,-0.00134053335735623,0.000247607315311916,0.982354025317988,0.946198580074948,0.977582928386734,Positiv & Signifikant (OK),Accepted: N2O R² > 0.9,1
14,2026-06-09,small,4,3.63281373011491,-0.000753218675409133,0.000257234975367291,0.985763047011596,0.973504096672977,0.971963025801708,Positiv & Signifikant (OK),Accepted: N2O R² > 0.9,1
15,2026-06-09,small,4,10.5715999818785,-0.00156081315810153,0.000364681751657123,0.994739036279061,0.994417052692343,0.986692704510364,Positiv & Signifikant (OK),Accepted: N2O R² > 0.9,1
16,2026-06-09,small,4,5.52115945439201,-0.00183093282286441,0.00033448704183431,0.998914200264691,0.996551238236422,0.960156902755092,Positiv & Signifikant (OK),Accepted: N2O R² > 0.9,1
17,2026-06-09,small,4,11.152936051463,-0.00213257162889221,0.000404843028975748,0.997720918584748,0.999173344759883,0.994685932350954,Positiv & Signifikant (OK),Accepted: N2O R² > 0.9,1
18,2026-06-09,small,4,4.0606133111522,-0.00165055538262691,0.000270396119761634,0.983428584245574,0.959806967472273,0.917184893823473,Positiv & Signifikant (OK),Accepted: N2O R² > 0.9,1
19,2026-06-09,small,4,13.0843342197738,-0.00253964382774509,0.000631301439159766,0.987398773581395,0.983395553124749,0.997635647929712,Positiv & Signifikant (OK),Accepted: N2O R² > 0.9,1
20,2026-06-09,small,4,5.0965732479434,-0.00136590259975309,0.000379895194006326,0.985448465832143,0.86420242339615,0.99330507092343,Positiv & Signifikant (OK),Accepted: N2O R² > 0.9,1
21,2026-06-09,small,4,11.2397538357728,-0.00230671492140008,0.000253867981694683,0.991059152174436,0.990882672833895,0.976558778150189,Positiv & Signifikant (OK),Accepted: N2O R² > 0.9,1
22,2026-06-09,small,4,2.7616025655882,-0.000575992000617173,4.18016063970326e-05,0.972276372267305,0.516766531306536,0.562685224997301,Positiv & Signifikant (OK),Accepted: low flux (below detection limit),1
23,2026-06-09,small,4,8.40125852753481,-0.00185800223354898,0.000282258762193391,0.982859153784637,0.973315099989093,0.976759802434274,Positiv & Signifikant (OK),Accepted: N2O R² > 0.9,1
24,2026-06-09,small,4,5.52364387617001,-0.00190031554396681,0.00036965918884994,0.990807534991848,0.984813200391653,0.967141788279365,Positiv & Signifikant (OK),Accepted: N2O R² > 0.9,1
25,2026-06-09,small,4,8.09202784684478,-0.00184146656860796,0.000538557503429763,0.983899026561114,0.984015394260265,0.935117623423329,Positiv & Signifikant (OK),Accepted: N2O R² > 0.9,1
26,2026-06-09,small,4,5.42365207146423,-0.00182125606383621,0.000227113946767197,0.987061291939784,0.999675286578372,0.966224279262994,Positiv & Signifikant (OK),Accepted: N2O R² > 0.9,1
27,2026-06-09,small,4,9.69866612528835,-0.00212756324329052,0.000413451609242626,0.991626118208062,0.993067967726266,0.964619619463713,Positiv & Signifikant (OK),Accepted: N2O R² > 0.9,1
28,2026-06-09,small,4,5.71058487292724,-0.00161732956876664,0.000315531156932171,0.994897932132228,0.995503857589982,0.959826591727433,Positiv & Signifikant (OK),Accepted: N2O R² > 0.9,1
29,2026-06-09,small,4,5.35410498665437,-0.000949153268899964,0.000300531178169364,0.984694377413823,0.851969621666982,0.952380997301684,Positiv & Signifikant (OK),Accepted: N2O R² > 0.9,1
30,2026-06-09,small,4,5.23183813316761,-0.00167676198018578,0.000548462154057391,0.990093063666222,0.977275342524146,0.985314895475536,Positiv & Signifikant (OK),Accepted: N2O R² > 0.9,1
31,2026-06-09,small,4,10.5712789554811,-0.00208504594474835,0.000373866555829646,0.996622938016343,0.991172054842128,0.980031372834196,Positiv & Signifikant (OK),Accepted: N2O R² > 0.9,1
32,2026-06-09,small,4,5.25801068189083,-0.00223137266736817,0.000130048643640819,0.994706956344562,0.937733019770394,0.986803731732929,Positiv & Signifikant (OK),Accepted: low flux (below detection limit),1
1,2026-06-16,small,4,5.96209601049568,-0.00272062127167556,0.000250742671813626,0.998353394424022,0.994332140720428,0.928868145042358,Positiv & Signifikant (OK),Accepted: N2O R² > 0.9,1
2,2026-06-16,small,4,3.6750879604267,-0.00162900865803033,0.000113681592938411,0.992706480403672,0.984492133296818,0.911216315559497,Positiv & Signifikant (OK),Accepted: low flux (below detection limit),1
3,2026-06-16,small,4,6.95332918236633,-0.00168695687695003,0.000259352075408567,0.998048901523772,0.993389267289788,0.957852028446931,Positiv & Signifikant (OK),Accepted: N2O R² > 0.9,1
4,2026-06-16,small,4,4.10241990642943,-0.00233654876407846,7.41000517272694e-05,0.990181528490156,0.991081051333003,0.685674845316972,Positiv & Signifikant (OK),Accepted: low flux (below detection limit),1
5,2026-06-16,small,4,6.58731319874066,-0.00157482009630721,2.40674311862232e-05,0.989828449551408,0.994670152158416,0.375506510184304,Positiv & Signifikant (OK),Accepted: low flux (below detection limit),1
6,2026-06-16,small,4,4.03568856944031,-0.00206143259559429,0.000109202019800434,0.989303402780393,0.969032018362361,0.687850168013598,Positiv & Signifikant (OK),Accepted: low flux (below detection limit),1
7,2026-06-16,small,4,6.61560022788233,-0.00117803597100499,0.000242276109828268,0.995040848938309,0.963300528431854,0.975633552587941,Positiv & Signifikant (OK),Accepted: N2O R² > 0.9,1
8,2026-06-16,small,4,4.53504436809997,-0.000871144465679983,9.13494861862713e-05,0.996829452560963,0.934085587514172,0.656427084052305,Positiv & Signifikant (OK),Accepted: low flux (below detection limit),1
9,2026-06-16,small,4,6.23503773066405,-0.00170395629194179,0.00013470117174063,0.991411985829854,0.966266936584147,0.656285965926588,Positiv & Signifikant (OK),Accepted: low flux (below detection limit),1
10,2026-06-16,small,4,3.7154104509106,-0.00181475681462128,2.48740158133139e-05,0.993175538519446,0.993250916203431,0.130554762008491,Positiv & Signifikant (OK),Accepted: low flux (below detection limit),1
11,2026-06-16,small,4,3.75150603173075,-0.000889599562588319,6.42853073775972e-05,0.984857383992434,0.967799327118902,0.9754907538708,Positiv & Signifikant (OK),Accepted: low flux (below detection limit),1
12,2026-06-16,small,4,3.67787023560596,-0.00140440201109151,0.000207121045243719,0.996645437490042,0.983138003506092,0.961153976178268,Positiv & Signifikant (OK),Accepted: N2O R² > 0.9,1
13,2026-06-16,small,4,7.85961226446418,-0.00224484328133806,0.00012052248994792,0.996747865555104,0.994550749101867,0.924436515972077,Positiv & Signifikant (OK),Accepted: low flux (below detection limit),1
14,2026-06-16,small,4,2.33933798275748,-0.000706226426728214,5.16154037743753e-05,0.982043620502085,0.939803737868911,0.178250000922526,Positiv & Signifikant (OK),Accepted: low flux (below detection limit),1
15,2026-06-16,small,4,8.34490308956214,-0.00227368998916914,0.000137229152727225,0.996446741142144,0.99099696654472,0.916273622767203,Positiv & Signifikant (OK),Accepted: low flux (below detection limit),1
16,2026-06-16,small,4,4.92367608291294,-0.00168985403971912,0.000177106552525627,0.99760879759515,0.992348658429116,0.991116402943038,Positiv & Signifikant (OK),Accepted: low flux (below detection limit),1
17,2026-06-16,small,4,6.60075410738064,-0.00168691089675364,0.000139658866506771,0.991819105521579,0.996695301057236,0.823501606069189,Positiv & Signifikant (OK),Accepted: low flux (below detection limit),1
18,2026-06-16,small,4,2.39218527244702,-0.00142059585841408,-1.21481425030701e-06,0.952297482170305,0.994596524318992,0.000391224757617932,Positiv & Signifikant (OK),Accepted: low flux (below detection limit),1
19,2026-06-16,small,4,4.29063227208619,-0.0014398215547855,8.90160998363366e-05,0.862177852226505,0.754420971182705,0.919677536153771,Positiv & Rauschen,Rejected: CO2 R² ≤ 0.9,0
20,2026-06-16,small,4,4.24254353950701,-0.00133267241014509,0.00014223593863924,0.978645384259273,0.993564966376523,0.972374501373752,Positiv & Signifikant (OK),Accepted: low flux (below detection limit),1
21,2026-06-16,small,4,7.45393558050756,-0.00168354792405845,0.000103206352769195,0.989698170929092,0.980484437073389,0.861094627887695,Positiv & Signifikant (OK),Accepted: low flux (below detection limit),1
22,2026-06-16,small,4,3.17821776725692,-0.00131148897178009,0.000124628330506851,0.995265129201774,0.971601482814278,0.897481576920366,Positiv & Signifikant (OK),Accepted: low flux (below detection limit),1
23,2026-06-16,small,4,7.08519199006996,-0.00278888876040771,0.000172801136515025,0.986266475768151,0.992844951383067,0.932013800546559,Positiv & Signifikant (OK),Accepted: low flux (below detection limit),1
24,2026-06-16,small,4,5.22419971619307,-0.00220886982505557,0.000136355276207499,0.995472833611211,0.995165831051877,0.976199723196175,Positiv & Signifikant (OK),Accepted: low flux (below detection limit),1
25,2026-06-16,small,4,2.72385442470702,-0.00146942543059865,9.86731026197745e-05,0.990286211489082,0.967420908212324,0.853110158816411,Positiv & Signifikant (OK),Accepted: low flux (below detection limit),1
26,2026-06-16,small,4,3.77316103409022,-0.00118735426394052,2.83975299994077e-05,0.998342802169549,0.86852537641003,0.169224901687629,Positiv & Signifikant (OK),Accepted: low flux (below detection limit),1
27,2026-06-16,small,4,4.41867669978331,-0.000672577795259897,0.000104725079965654,0.99599532360257,0.963853433632666,0.554393684569453,Positiv & Signifikant (OK),Accepted: low flux (below detection limit),1
28,2026-06-16,small,4,4.75736800303403,-0.00230656007817523,0.000134984615191163,0.987872195212402,0.995590838808108,0.982876848525309,Positiv & Signifikant (OK),Accepted: low flux (below detection limit),1
29,2026-06-16,small,4,3.4186692414816,-0.000499341030561918,0.000138196145370463,0.965118984675844,0.613500379437918,0.833600279736764,Positiv & Signifikant (OK),Accepted: low flux (below detection limit),1
30,2026-06-16,small,4,4.10566582811454,-0.00165195331309852,0.000216031953098366,0.985366535271762,0.962121220544553,0.993437264711449,Positiv & Signifikant (OK),Accepted: N2O R² > 0.9,1
31,2026-06-16,small,4,6.39777115894242,-0.0016051490431773,2.91263151332103e-05,0.985097615143403,0.932645796852378,0.169893391677514,Positiv & Signifikant (OK),Accepted: low flux (below detection limit),1
32,2026-06-16,small,4,4.13184749284711,-0.00129633505285931,2.35707593873024e-05,0.996140077703707,0.986209481894288,0.0976020809244924,Positiv & Signifikant (OK),Accepted: low flux (below detection limit),1
1,2026-06-23,large,4,16.710563582195,-0.00279668778633114,0.000728055992052152,0.996087288362183,0.995540221570073,0.996134048483306,Positiv & Signifikant (OK),Accepted: N2O R² > 0.9,1
2,2026-06-23,large,4,12.0769239674505,-0.00170118597140401,-3.17984525148886e-05,0.991109802854099,0.983291592011811,0.0241147137405588,Positiv & Signifikant (OK),Accepted: low flux (below detection limit),1
3,2026-06-23,large,4,22.8325594451149,-0.00272560148556731,0.00061129358121414,0.999134165109937,0.994060425398057,0.950031627466032,Positiv & Signifikant (OK),Accepted: N2O R² > 0.9,1
4,2026-06-23,large,4,14.8262268979487,-0.00253993618827269,2.75146619381746e-05,0.999337600469086,0.997107507239601,0.891818255869021,Positiv & Signifikant (OK),Accepted: low flux (below detection limit),1
5,2026-06-23,large,4,24.7654205337724,-0.00328123634657982,0.000326653175785704,0.998368686899509,0.999308415185376,0.886741532246504,Positiv & Signifikant (OK),Rejected: N2O R² ≤ 0.9,0
6,2026-06-23,large,4,13.6821294209734,-0.00238456888501204,0.000126245332378737,0.999450009172251,0.986942420295384,0.695235461943945,Positiv & Signifikant (OK),Accepted: low flux (below detection limit),1
7,2026-06-23,large,4,24.7135357985417,-0.00257265177461911,0.00136779611369566,0.998428949193364,0.999275932471139,0.994090584838552,Positiv & Signifikant (OK),Accepted: N2O R² > 0.9,1
8,2026-06-23,large,4,17.0904920108134,-0.00294537447154585,6.39578267839218e-05,0.99877804054029,0.982544377153095,0.126320107868337,Positiv & Signifikant (OK),Accepted: low flux (below detection limit),1
9,2026-06-23,large,4,16.1058861118201,-0.0023391192280975,0.000726378306784846,0.999672500138056,0.970773756335961,0.954254088601549,Positiv & Signifikant (OK),Accepted: N2O R² > 0.9,1
10,2026-06-23,large,4,11.3026505487359,-0.0021586950189694,-6.33503458664154e-06,0.998152431812962,0.998904460664708,0.00143413802342008,Positiv & Signifikant (OK),Accepted: low flux (below detection limit),1
11,2026-06-23,large,4,16.1743613796492,-0.00215230081488812,0.00075087975994303,0.999154246921103,0.995259162613129,0.997646520476102,Positiv & Signifikant (OK),Accepted: N2O R² > 0.9,1
12,2026-06-23,large,4,12.4205070865719,-0.00215092267756408,2.99364262235478e-05,0.999253840426858,0.999023732080056,0.0766331196122248,Positiv & Signifikant (OK),Accepted: low flux (below detection limit),1
13,2026-06-23,large,4,17.9701703902939,-0.00240826836620706,0.000193919099513075,0.996129957210428,0.985692712918667,0.97912289977846,Positiv & Signifikant (OK),Accepted: low flux (below detection limit),1
14,2026-06-23,large,4,16.4885287064385,-0.00206516291812902,-7.46895112679093e-06,0.998794907473747,0.996961771147351,0.0033917425297218,Positiv & Signifikant (OK),Accepted: low flux (below detection limit),1
15,2026-06-23,large,4,24.444251172582,-0.00277744172499202,0.000461934277302008,0.999400679078668,0.999599029140324,0.998499810243234,Positiv & Signifikant (OK),Accepted: N2O R² > 0.9,1
16,2026-06-23,large,4,17.5957935059278,-0.0022693799048075,5.19579190731932e-05,0.998417306952523,0.99231682198474,0.64252468514081,Positiv & Signifikant (OK),Accepted: low flux (below detection limit),1
17,2026-06-23,large,4,21.9147380487685,-0.00208099656777663,0.000498396961307757,0.995847861901663,0.985290043802247,0.999765476663254,Positiv & Signifikant (OK),Accepted: N2O R² > 0.9,1
18,2026-06-23,large,4,13.2194516976207,-0.00168906432861661,-9.23637457339985e-05,0.999621407664465,0.993379421986881,0.418612938765896,Positiv & Signifikant (OK),Accepted: low flux (below detection limit),1
19,2026-06-23,large,4,24.2292271905538,-0.00359912397667894,0.000506178989994432,0.997244668371349,0.998133040527922,0.955838097829839,Positiv & Signifikant (OK),Accepted: N2O R² > 0.9,1
20,2026-06-23,large,4,13.3531969032419,-0.00160651923436253,7.12109802787728e-05,0.992753953012177,0.961760078155669,0.104832489827458,Positiv & Signifikant (OK),Accepted: low flux (below detection limit),1
21,2026-06-23,large,4,21.5865160452408,-0.00260492627115079,0.000498111256000306,0.997221491099812,0.999814398706004,0.972039664584,Positiv & Signifikant (OK),Accepted: N2O R² > 0.9,1
22,2026-06-23,large,4,13.3157258157225,-0.00200517960404805,9.81695416581412e-05,0.998315833996921,0.928394015135379,0.290825960227797,Positiv & Signifikant (OK),Accepted: low flux (below detection limit),1
23,2026-06-23,large,4,21.275317612613,-0.00210149210213272,0.000564163223703079,0.997737199688837,0.986626414612439,0.959130008211652,Positiv & Signifikant (OK),Accepted: N2O R² > 0.9,1
24,2026-06-23,large,4,17.0177604045817,-0.00235833538039706,0.000323912617609827,0.998157880896724,0.996605409797774,0.92249941459482,Positiv & Signifikant (OK),Accepted: N2O R² > 0.9,1
25,2026-06-23,large,4,23.4069585143173,-0.00276034343850022,0.000576765914473069,0.998328995844449,0.978690796564798,0.996679580722116,Positiv & Signifikant (OK),Accepted: N2O R² > 0.9,1
26,2026-06-23,large,4,14.0398657459438,-0.00188513185140984,3.17633567382219e-05,0.998496949077123,0.976833949916975,0.0713957906202047,Positiv & Signifikant (OK),Accepted: low flux (below detection limit),1
27,2026-06-23,large,4,20.7215951443551,-0.002729778427388,0.000470869678317978,0.992717773285401,0.998204494192569,0.997047175514097,Positiv & Signifikant (OK),Accepted: N2O R² > 0.9,1
28,2026-06-23,large,4,13.9772002715028,-0.00151600932989655,0.000468559778075974,0.998118467979287,0.97865012815301,0.994711128276356,Positiv & Signifikant (OK),Accepted: N2O R² > 0.9,1
29,2026-06-23,large,4,20.2328783779618,-0.00227874414208372,0.00168846426217575,0.99795729196027,0.972071225017101,0.994390497019387,Positiv & Signifikant (OK),Accepted: N2O R² > 0.9,1
30,2026-06-23,large,4,18.5540107986926,-0.00283618842680828,0.000119076525563766,0.99934361986676,0.998490187750068,0.449044664174792,Positiv & Signifikant (OK),Accepted: low flux (below detection limit),1
31,2026-06-23,large,4,23.9167993991578,-0.00242609775684022,0.000379520760756871,0.994327179135544,0.991190145023281,0.909682525887823,Positiv & Signifikant (OK),Accepted: N2O R² > 0.9,1
32,2026-06-23,large,4,15.2957909547271,-0.00280386751468432,7.59608404115767e-06,0.997993065259871,0.978469298822614,0.0156179585268243,Positiv & Signifikant (OK),Accepted: low flux (below detection limit),1
1,2026-06-24,small,4,10.1786650018941,-0.00107043172359876,0.000526306373425511,0.997114362144964,0.277451331069856,0.995082696578003,Positiv & Signifikant (OK),Accepted: N2O R² > 0.9,1
2,2026-06-24,small,4,7.18562949306156,-0.000933411402088847,-2.28737954939819e-05,0.998015440823448,0.993222155920524,0.257570142177894,Positiv & Signifikant (OK),Accepted: low flux (below detection limit),1
3,2026-06-24,small,4,10.5988555008618,0.100794512004746,0.00137150447270751,0.999199654509202,0.999771927357425,0.992066051093258,Positiv & Signifikant (OK),Accepted: N2O R² > 0.9,1
4,2026-06-24,small,4,14.1955444154635,0.120915172804433,0.0128212024083909,0.999039917853895,0.999307579667018,0.991176782638097,Positiv & Signifikant (OK),Accepted: N2O R² > 0.9,1
5,2026-06-24,small,4,14.2214678901986,-0.00147618728682134,0.00492080407944267,0.999994874360552,0.99921662216011,0.99560232820649,Positiv & Signifikant (OK),Accepted: N2O R² > 0.9,1
6,2026-06-24,small,4,7.45232923109477,-0.00135228500365156,0.000112797591465659,0.998691827154165,0.87717170185023,0.663788489535454,Positiv & Signifikant (OK),Accepted: low flux (below detection limit),1
7,2026-06-24,small,4,13.70758813938,-0.00104297764811534,0.0105881863216118,0.9991365434137,0.816584170211962,0.998928650500383,Positiv & Signifikant (OK),Accepted: N2O R² > 0.9,1
8,2026-06-24,small,4,10.525620878854,-0.000308115999641823,0.00544229779099993,0.999477304302469,0.69530138679954,0.999961830332743,Positiv & Signifikant (OK),Accepted: N2O R² > 0.9,1
9,2026-06-24,small,4,9.2545606481228,-0.00157297871871331,0.000311193787949532,0.999913220332106,0.95278080178307,0.923548853159309,Positiv & Signifikant (OK),Accepted: N2O R² > 0.9,1
10,2026-06-24,small,4,6.52753125026099,-0.00106804716627125,5.52220653887392e-05,0.996637971104878,0.971459064197453,0.759884213895147,Positiv & Signifikant (OK),Accepted: low flux (below detection limit),1
11,2026-06-24,small,4,8.18595272053435,-0.00115795397871482,0.00519441480886417,0.999009864970046,0.818880642271849,0.998901801120706,Positiv & Signifikant (OK),Accepted: N2O R² > 0.9,1
12,2026-06-24,small,4,7.45206025182287,0.000892621406011193,0.00604134141324431,0.999182723319299,0.834652120681883,0.998970474866655,Positiv & Signifikant (OK),Accepted: N2O R² > 0.9,1
13,2026-06-24,small,4,12.466492324693,-0.00132782757416141,0.00612155134377029,0.997050633520084,0.952652133212003,0.9967998742212,Positiv & Signifikant (OK),Accepted: N2O R² > 0.9,1
14,2026-06-24,small,4,11.1434074860751,0.0938146230892451,0.00533793811087284,0.998726556258214,0.999924346600071,0.971076756751049,Positiv & Signifikant (OK),Accepted: N2O R² > 0.9,1
15,2026-06-24,small,4,14.8546135596392,-0.0012447452397542,0.00769737706436507,0.999881159902723,0.996310185599833,0.997720749519672,Positiv & Signifikant (OK),Accepted: N2O R² > 0.9,1
16,2026-06-24,small,4,11.2481019589515,0.0794554633172405,0.00463107130907329,0.999892370996586,0.999317491889422,0.988747092027341,Positiv & Signifikant (OK),Accepted: N2O R² > 0.9,1
17,2026-06-24,small,4,10.511339905934,0.0954326234631941,0.0016367358694208,0.999836809299043,0.998851613286129,0.853042645310464,Positiv & Signifikant (OK),Rejected: N2O R² ≤ 0.9,0
18,2026-06-24,small,3,4.73724981723197,-0.000950331350367242,-0.000234037160277756,0.999937404625521,0.997939276960919,0.998168574424152,Positiv & Signifikant (OK),Accepted: N2O R² > 0.9,1
19,2026-06-24,small,3,10.2188621534674,0.0840904517392007,0.000621178330732917,0.999379659081976,0.999309725000317,0.828044634074488,Positiv & Signifikant (OK),Rejected: N2O R² ≤ 0.9,0
20,2026-06-24,small,4,8.67001465775242,-0.000186629908709928,0.0071944026798856,0.992410501266216,0.383652572902517,0.993821788333973,Positiv & Signifikant (OK),Accepted: N2O R² > 0.9,1
21,2026-06-24,small,4,13.1008793587906,-0.00157920079188732,0.000221238443656986,0.999112822668894,0.998732195088118,0.561542425753373,Positiv & Signifikant (OK),Rejected: N2O R² ≤ 0.9,0
22,2026-06-24,small,4,9.15446123964614,0.000702832587631234,0.00606788921643816,0.997623785678442,0.761086348759876,0.998431122242641,Positiv & Signifikant (OK),Accepted: N2O R² > 0.9,1
23,2026-06-24,small,4,11.6128897586008,-0.00115493297056261,0.00592677092942563,0.994863671161804,0.972289601927446,0.995872567970792,Positiv & Signifikant (OK),Accepted: N2O R² > 0.9,1
24,2026-06-24,small,4,11.1284699278746,0.000993340366099239,0.00642743417361357,0.997666862439422,0.987520882922042,0.997985010012459,Positiv & Signifikant (OK),Accepted: N2O R² > 0.9,1
25,2026-06-24,small,4,10.800631874115,0.0820641284623293,0.00188059830058511,0.99990398260027,0.995830982369004,0.944294187137316,Positiv & Signifikant (OK),Accepted: N2O R² > 0.9,1
26,2026-06-24,small,4,8.89327609641977,0.00292386748919478,0.00349685080685561,0.999604594697203,0.993457551892994,0.997421548319793,Positiv & Signifikant (OK),Accepted: N2O R² > 0.9,1
27,2026-06-24,small,4,12.9806226963697,-0.00165993103183465,7.28077634102161e-05,0.998813871345314,0.996039038610332,0.1793691125203,Positiv & Signifikant (OK),Accepted: low flux (below detection limit),1
28,2026-06-24,small,4,9.60867623238356,0.00261726417400771,0.00636660757445563,0.998968002373019,0.995059577481954,0.999229195197063,Positiv & Signifikant (OK),Accepted: N2O R² > 0.9,1
29,2026-06-24,small,4,10.068351563688,-0.000616682432344322,0.00883274347385008,0.998794937815528,0.984782875611926,0.999581167992807,Positiv & Signifikant (OK),Accepted: N2O R² > 0.9,1
30,2026-06-24,small,4,13.6425819003757,0.0760177348073973,0.00847008152823148,0.999906899974253,0.999699523977446,0.994931079869546,Positiv & Signifikant (OK),Accepted: N2O R² > 0.9,1
31,2026-06-24,small,4,15.5805484545127,-0.00123700008031998,0.0111761256690173,0.998702126538353,0.993163832237099,0.998842460030396,Positiv & Signifikant (OK),Accepted: N2O R² > 0.9,1
32,2026-06-24,small,4,10.8183917734896,0.000610617841153588,0.00761551951054474,0.998852156563136,0.9705412208709,0.999787262845012,Positiv & Signifikant (OK),Accepted: N2O R² > 0.9,1
